algorithm,type,text_size_kb,text_length_bytes,keygen_time_ms,encap_time_ms,decap_time_ms,ciphertext_length,shared_secret_length,overhead_bytes,total_time_ms,correctness,run_id,timestamp,security_level_bits,security_level,error
BIKE-L1,KEM,0.1,102,13.7461,0.3166,1.7888,1573,32,1541,15.8515,True,1,2025-09-09T13:35:51.517912+00:00,128,1,
BIKE-L1,KEM,0.1,102,0.5807,0.1147,1.195,1573,32,1541,1.8905,True,2,2025-09-09T13:35:51.621497+00:00,128,1,
BIKE-L1,KEM,0.1,102,0.58,0.104,1.8366,1573,32,1541,2.5206,True,3,2025-09-09T13:35:51.724608+00:00,128,1,
BIKE-L1,KEM,0.1,102,0.6653,0.1439,1.919,1573,32,1541,2.7283,True,4,2025-09-09T13:35:51.828026+00:00,128,1,
BIKE-L1,KEM,0.1,102,0.6478,0.1299,2.6507,1573,32,1541,3.4284,True,5,2025-09-09T13:35:51.932136+00:00,128,1,
BIKE-L1,KEM,0.1,102,0.5858,0.1331,1.6427,1573,32,1541,2.3617,True,6,2025-09-09T13:35:52.035270+00:00,128,1,
BIKE-L1,KEM,0.1,102,0.6274,0.0992,1.4888,1573,32,1541,2.2154,True,7,2025-09-09T13:35:52.138879+00:00,128,1,
BIKE-L1,KEM,0.1,102,0.9337,0.2839,1.7103,1573,32,1541,2.9279,True,8,2025-09-09T13:35:52.242468+00:00,128,1,
BIKE-L1,KEM,0.1,102,0.5796,0.5665,1.8841,1573,32,1541,3.0302,True,9,2025-09-09T13:35:52.346520+00:00,128,1,
BIKE-L1,KEM,0.1,102,0.6147,0.1218,1.5733,1573,32,1541,2.3099,True,10,2025-09-09T13:35:52.456737+00:00,128,1,
BIKE-L1,KEM,0.1,102,0.68,0.148,3.4179,1573,32,1541,4.2459,True,11,2025-09-09T13:35:52.561668+00:00,128,1,
BIKE-L1,KEM,0.1,102,0.5877,0.1981,1.7865,1573,32,1541,2.5724,True,12,2025-09-09T13:35:52.664827+00:00,128,1,
BIKE-L1,KEM,0.1,102,0.7208,0.1137,1.8988,1573,32,1541,2.7332,True,13,2025-09-09T13:35:52.768272+00:00,128,1,
BIKE-L1,KEM,0.1,102,0.7428,0.1392,4.278,1573,32,1541,5.16,True,14,2025-09-09T13:35:52.874159+00:00,128,1,
BIKE-L1,KEM,0.1,102,0.7061,0.1162,1.2928,1573,32,1541,2.1151,True,15,2025-09-09T13:35:52.976945+00:00,128,1,
BIKE-L1,KEM,0.1,102,0.6324,0.1348,1.5031,1573,32,1541,2.2704,True,16,2025-09-09T13:35:53.079801+00:00,128,1,
BIKE-L1,KEM,0.1,102,0.5224,0.0806,1.2853,1573,32,1541,1.8883,True,17,2025-09-09T13:35:53.182326+00:00,128,1,
BIKE-L1,KEM,0.1,102,0.6022,0.118,1.4035,1573,32,1541,2.1236,True,18,2025-09-09T13:35:53.285044+00:00,128,1,
BIKE-L1,KEM,0.1,102,0.7666,0.1561,1.5266,1573,32,1541,2.4493,True,19,2025-09-09T13:35:53.388693+00:00,128,1,
BIKE-L1,KEM,0.1,102,0.5639,0.0878,1.4284,1573,32,1541,2.0802,True,20,2025-09-09T13:35:53.491369+00:00,128,1,
BIKE-L1,KEM,0.1,102,0.6085,0.1253,1.526,1573,32,1541,2.2598,True,21,2025-09-09T13:35:53.594300+00:00,128,1,
BIKE-L1,KEM,0.1,102,0.6736,0.1284,1.3411,1573,32,1541,2.1431,True,22,2025-09-09T13:35:53.697050+00:00,128,1,
BIKE-L1,KEM,0.1,102,0.6059,0.1311,1.6072,1573,32,1541,2.3442,True,23,2025-09-09T13:35:53.799982+00:00,128,1,
BIKE-L1,KEM,0.1,102,0.5852,0.1231,1.4146,1573,32,1541,2.1229,True,24,2025-09-09T13:35:53.902686+00:00,128,1,
BIKE-L1,KEM,0.1,102,0.686,0.1623,1.3978,1573,32,1541,2.246,True,25,2025-09-09T13:35:54.005461+00:00,128,1,
BIKE-L1,KEM,0.1,102,0.6196,0.1396,1.569,1573,32,1541,2.3283,True,26,2025-09-09T13:35:54.108469+00:00,128,1,
BIKE-L1,KEM,0.1,102,0.5801,0.0882,1.5546,1573,32,1541,2.2229,True,27,2025-09-09T13:35:54.211304+00:00,128,1,
BIKE-L1,KEM,0.1,102,0.6335,0.1181,1.5272,1573,32,1541,2.2787,True,28,2025-09-09T13:35:54.314142+00:00,128,1,
BIKE-L1,KEM,0.1,102,0.6242,0.1917,1.3664,1573,32,1541,2.1822,True,29,2025-09-09T13:35:54.416935+00:00,128,1,
BIKE-L1,KEM,0.1,102,0.5442,0.1461,1.4033,1573,32,1541,2.0936,True,30,2025-09-09T13:35:54.519666+00:00,128,1,
BIKE-L1,KEM,0.1,102,0.6148,0.1184,1.3217,1573,32,1541,2.0549,True,31,2025-09-09T13:35:54.622295+00:00,128,1,
BIKE-L1,KEM,0.1,102,0.7104,0.1099,1.721,1573,32,1541,2.5413,True,32,2025-09-09T13:35:54.725346+00:00,128,1,
BIKE-L1,KEM,0.1,102,0.619,0.1248,1.6643,1573,32,1541,2.4081,True,33,2025-09-09T13:35:54.828301+00:00,128,1,
BIKE-L1,KEM,0.1,102,0.5899,0.0992,1.4614,1573,32,1541,2.1506,True,34,2025-09-09T13:35:54.931053+00:00,128,1,
BIKE-L1,KEM,0.1,102,0.6331,0.1561,1.5665,1573,32,1541,2.3556,True,35,2025-09-09T13:35:55.033979+00:00,128,1,
BIKE-L1,KEM,0.1,102,0.6068,0.2331,1.6578,1573,32,1541,2.4977,True,36,2025-09-09T13:35:55.137055+00:00,128,1,
BIKE-L1,KEM,0.1,102,0.6572,0.1177,1.5897,1573,32,1541,2.3646,True,37,2025-09-09T13:35:55.240019+00:00,128,1,
BIKE-L1,KEM,0.1,102,0.6031,0.1364,1.6821,1573,32,1541,2.4216,True,38,2025-09-09T13:35:55.343032+00:00,128,1,
BIKE-L1,KEM,0.1,102,0.6267,0.1321,3.57,1573,32,1541,4.3288,True,39,2025-09-09T13:35:55.448720+00:00,128,1,
BIKE-L1,KEM,0.1,102,0.6296,0.144,1.4241,1573,32,1541,2.1977,True,40,2025-09-09T13:35:55.551561+00:00,128,1,
BIKE-L1,KEM,0.1,102,0.6413,0.2657,1.4686,1573,32,1541,2.3756,True,41,2025-09-09T13:35:55.661103+00:00,128,1,
BIKE-L1,KEM,0.1,102,0.6612,0.1652,1.7244,1573,32,1541,2.5508,True,42,2025-09-09T13:35:55.764274+00:00,128,1,
BIKE-L1,KEM,0.1,102,0.6005,0.1307,3.1042,1573,32,1541,3.8355,True,43,2025-09-09T13:35:55.868629+00:00,128,1,
BIKE-L1,KEM,0.1,102,0.6961,0.1027,1.8501,1573,32,1541,2.6489,True,44,2025-09-09T13:35:55.981684+00:00,128,1,
BIKE-L1,KEM,0.1,102,0.6447,0.1196,1.3584,1573,32,1541,2.1227,True,45,2025-09-09T13:35:56.084831+00:00,128,1,
BIKE-L1,KEM,0.1,102,0.9012,0.1911,1.4307,1573,32,1541,2.523,True,46,2025-09-09T13:35:56.188030+00:00,128,1,
BIKE-L1,KEM,0.1,102,0.79,0.1168,2.1937,1573,32,1541,3.1006,True,47,2025-09-09T13:35:56.291758+00:00,128,1,
BIKE-L1,KEM,0.1,102,0.6529,0.1298,1.6851,1573,32,1541,2.4679,True,48,2025-09-09T13:35:56.395030+00:00,128,1,
BIKE-L1,KEM,0.1,102,0.6301,0.1393,1.5281,1573,32,1541,2.2975,True,49,2025-09-09T13:35:56.497933+00:00,128,1,
BIKE-L1,KEM,0.1,102,0.6287,0.1408,1.4352,1573,32,1541,2.2047,True,50,2025-09-09T13:35:56.600903+00:00,128,1,
BIKE-L1,KEM,0.5,512,0.5907,0.1121,1.3945,1573,32,1541,2.0973,True,51,2025-09-09T13:35:56.703697+00:00,128,1,
BIKE-L1,KEM,0.5,512,0.5348,0.0832,1.1669,1573,32,1541,1.7849,True,52,2025-09-09T13:35:56.806192+00:00,128,1,
BIKE-L1,KEM,0.5,512,0.59,0.128,1.3699,1573,32,1541,2.088,True,53,2025-09-09T13:35:56.908956+00:00,128,1,
BIKE-L1,KEM,0.5,512,0.7768,0.1134,2.3213,1573,32,1541,3.2115,True,54,2025-09-09T13:35:57.012874+00:00,128,1,
BIKE-L1,KEM,0.5,512,0.5815,0.1004,1.505,1573,32,1541,2.1869,True,55,2025-09-09T13:35:57.115946+00:00,128,1,
BIKE-L1,KEM,0.5,512,0.6891,0.1306,1.3994,1573,32,1541,2.2191,True,56,2025-09-09T13:35:57.219703+00:00,128,1,
BIKE-L1,KEM,0.5,512,0.596,0.1042,1.5312,1573,32,1541,2.2314,True,57,2025-09-09T13:35:57.322880+00:00,128,1,
BIKE-L1,KEM,0.5,512,0.5726,0.408,1.759,1573,32,1541,2.7396,True,58,2025-09-09T13:35:57.426705+00:00,128,1,
BIKE-L1,KEM,0.5,512,0.6638,0.1213,1.5813,1573,32,1541,2.3663,True,59,2025-09-09T13:35:57.530761+00:00,128,1,
BIKE-L1,KEM,0.5,512,0.6323,0.1397,1.4442,1573,32,1541,2.2161,True,60,2025-09-09T13:35:57.633937+00:00,128,1,
BIKE-L1,KEM,0.5,512,0.9671,0.1922,3.151,1573,32,1541,4.3104,True,61,2025-09-09T13:35:57.739666+00:00,128,1,
BIKE-L1,KEM,0.5,512,0.645,0.1264,1.5712,1573,32,1541,2.3426,True,62,2025-09-09T13:35:57.850214+00:00,128,1,
BIKE-L1,KEM,0.5,512,0.6592,0.1305,1.4456,1573,32,1541,2.2352,True,63,2025-09-09T13:35:57.953330+00:00,128,1,
BIKE-L1,KEM,0.5,512,0.7252,0.1453,1.7739,1573,32,1541,2.6444,True,64,2025-09-09T13:35:58.056713+00:00,128,1,
BIKE-L1,KEM,0.5,512,0.5837,0.106,1.3689,1573,32,1541,2.0587,True,65,2025-09-09T13:35:58.159493+00:00,128,1,
BIKE-L1,KEM,0.5,512,0.6898,0.1342,1.4731,1573,32,1541,2.2972,True,66,2025-09-09T13:35:58.262536+00:00,128,1,
BIKE-L1,KEM,0.5,512,0.6745,0.1088,1.5925,1573,32,1541,2.3758,True,67,2025-09-09T13:35:58.365601+00:00,128,1,
BIKE-L1,KEM,0.5,512,0.5955,0.098,1.5739,1573,32,1541,2.2674,True,68,2025-09-09T13:35:58.468621+00:00,128,1,
BIKE-L1,KEM,0.5,512,0.5981,0.1355,1.4094,1573,32,1541,2.1429,True,69,2025-09-09T13:35:58.578305+00:00,128,1,
BIKE-L1,KEM,0.5,512,0.6418,0.1188,1.3833,1573,32,1541,2.144,True,70,2025-09-09T13:35:58.681133+00:00,128,1,
BIKE-L1,KEM,0.5,512,0.5625,0.1279,1.3621,1573,32,1541,2.0524,True,71,2025-09-09T13:35:58.786390+00:00,128,1,
BIKE-L1,KEM,0.5,512,0.8103,0.118,2.8829,1573,32,1541,3.8112,True,72,2025-09-09T13:35:58.891668+00:00,128,1,
BIKE-L1,KEM,0.5,512,1.0698,0.2743,1.722,1573,32,1541,3.0662,True,73,2025-09-09T13:35:58.995398+00:00,128,1,
BIKE-L1,KEM,0.5,512,0.7248,0.1251,1.8731,1573,32,1541,2.723,True,74,2025-09-09T13:35:59.099109+00:00,128,1,
BIKE-L1,KEM,0.5,512,0.7041,0.109,1.3999,1573,32,1541,2.2129,True,75,2025-09-09T13:35:59.202289+00:00,128,1,
BIKE-L1,KEM,0.5,512,0.7371,0.1516,1.5643,1573,32,1541,2.4529,True,76,2025-09-09T13:35:59.305429+00:00,128,1,
BIKE-L1,KEM,0.5,512,0.8271,0.1455,1.2913,1573,32,1541,2.2639,True,77,2025-09-09T13:35:59.408543+00:00,128,1,
BIKE-L1,KEM,0.5,512,0.6261,0.1011,1.2816,1573,32,1541,2.0089,True,78,2025-09-09T13:35:59.511219+00:00,128,1,
BIKE-L1,KEM,0.5,512,0.6501,0.1104,1.585,1573,32,1541,2.3456,True,79,2025-09-09T13:35:59.614542+00:00,128,1,
BIKE-L1,KEM,0.5,512,0.7042,0.1249,1.3926,1573,32,1541,2.2217,True,80,2025-09-09T13:35:59.717595+00:00,128,1,
BIKE-L1,KEM,0.5,512,0.7039,0.1208,1.9948,1573,32,1541,2.8195,True,81,2025-09-09T13:35:59.821149+00:00,128,1,
BIKE-L1,KEM,0.5,512,0.5869,0.116,1.5685,1573,32,1541,2.2714,True,82,2025-09-09T13:35:59.924066+00:00,128,1,
BIKE-L1,KEM,0.5,512,0.5985,0.1409,1.4932,1573,32,1541,2.2326,True,83,2025-09-09T13:36:00.026972+00:00,128,1,
BIKE-L1,KEM,0.5,512,0.6017,0.1394,1.3145,1573,32,1541,2.0557,True,84,2025-09-09T13:36:00.130151+00:00,128,1,
BIKE-L1,KEM,0.5,512,0.555,0.0836,1.2721,1573,32,1541,1.9107,True,85,2025-09-09T13:36:00.233283+00:00,128,1,
BIKE-L1,KEM,0.5,512,0.6353,0.1101,1.3273,1573,32,1541,2.0727,True,86,2025-09-09T13:36:00.336776+00:00,128,1,
BIKE-L1,KEM,0.5,512,0.6884,0.1243,1.8251,1573,32,1541,2.6378,True,87,2025-09-09T13:36:00.440083+00:00,128,1,
BIKE-L1,KEM,0.5,512,0.5943,0.1354,1.6543,1573,32,1541,2.384,True,88,2025-09-09T13:36:00.543499+00:00,128,1,
BIKE-L1,KEM,0.5,512,0.6296,0.1519,1.6273,1573,32,1541,2.4088,True,89,2025-09-09T13:36:00.646932+00:00,128,1,
BIKE-L1,KEM,0.5,512,0.5791,0.1,1.2563,1573,32,1541,1.9355,True,90,2025-09-09T13:36:00.750149+00:00,128,1,
BIKE-L1,KEM,0.5,512,0.8351,0.1215,2.0099,1573,32,1541,2.9666,True,91,2025-09-09T13:36:00.854126+00:00,128,1,
BIKE-L1,KEM,0.5,512,0.6944,0.1216,1.4122,1573,32,1541,2.2282,True,92,2025-09-09T13:36:00.957326+00:00,128,1,
BIKE-L1,KEM,0.5,512,0.5778,0.1249,1.3102,1573,32,1541,2.0129,True,93,2025-09-09T13:36:01.060505+00:00,128,1,
BIKE-L1,KEM,0.5,512,0.6866,0.1033,1.7617,1573,32,1541,2.5516,True,94,2025-09-09T13:36:01.163796+00:00,128,1,
BIKE-L1,KEM,0.5,512,0.6661,0.3052,1.9783,1573,32,1541,2.9497,True,95,2025-09-09T13:36:01.267596+00:00,128,1,
BIKE-L1,KEM,0.5,512,0.5748,0.0961,1.2747,1573,32,1541,1.9455,True,96,2025-09-09T13:36:01.370428+00:00,128,1,
BIKE-L1,KEM,0.5,512,0.6879,0.1499,1.6092,1573,32,1541,2.447,True,97,2025-09-09T13:36:01.473856+00:00,128,1,
BIKE-L1,KEM,0.5,512,0.7857,0.1477,1.798,1573,32,1541,2.7314,True,98,2025-09-09T13:36:01.577531+00:00,128,1,
BIKE-L1,KEM,0.5,512,0.5774,0.1129,1.9735,1573,32,1541,2.6638,True,99,2025-09-09T13:36:01.681139+00:00,128,1,
BIKE-L1,KEM,0.5,512,0.6834,0.125,1.8462,1573,32,1541,2.6546,True,100,2025-09-09T13:36:01.784761+00:00,128,1,
BIKE-L1,KEM,1.0,1024,0.5711,0.2023,2.1219,1573,32,1541,2.8954,True,101,2025-09-09T13:36:01.888746+00:00,128,1,
BIKE-L1,KEM,1.0,1024,0.7115,0.1607,1.8691,1573,32,1541,2.7413,True,102,2025-09-09T13:36:01.992650+00:00,128,1,
BIKE-L1,KEM,1.0,1024,0.8244,0.1239,2.6998,1573,32,1541,3.648,True,103,2025-09-09T13:36:02.097560+00:00,128,1,
BIKE-L1,KEM,1.0,1024,0.6499,0.1257,1.5549,1573,32,1541,2.3304,True,104,2025-09-09T13:36:02.201625+00:00,128,1,
BIKE-L1,KEM,1.0,1024,0.6973,0.1327,1.3814,1573,32,1541,2.2114,True,105,2025-09-09T13:36:02.305035+00:00,128,1,
BIKE-L1,KEM,1.0,1024,0.6537,0.4052,1.5102,1573,32,1541,2.569,True,106,2025-09-09T13:36:02.410465+00:00,128,1,
BIKE-L1,KEM,1.0,1024,0.6396,0.119,1.5908,1573,32,1541,2.3493,True,107,2025-09-09T13:36:02.514017+00:00,128,1,
BIKE-L1,KEM,1.0,1024,0.6998,0.1327,1.5922,1573,32,1541,2.4246,True,108,2025-09-09T13:36:02.617474+00:00,128,1,
BIKE-L1,KEM,1.0,1024,0.6114,0.1848,1.6069,1573,32,1541,2.4032,True,109,2025-09-09T13:36:02.720984+00:00,128,1,
BIKE-L1,KEM,1.0,1024,0.6217,0.111,1.8684,1573,32,1541,2.6011,True,110,2025-09-09T13:36:02.824772+00:00,128,1,
BIKE-L1,KEM,1.0,1024,0.6693,0.1091,1.6885,1573,32,1541,2.4669,True,111,2025-09-09T13:36:02.932907+00:00,128,1,
BIKE-L1,KEM,1.0,1024,0.645,0.1191,1.381,1573,32,1541,2.1451,True,112,2025-09-09T13:36:03.036247+00:00,128,1,
BIKE-L1,KEM,1.0,1024,0.5859,0.1283,1.61,1573,32,1541,2.3242,True,113,2025-09-09T13:36:03.139571+00:00,128,1,
BIKE-L1,KEM,1.0,1024,0.8225,0.1292,3.5905,1573,32,1541,4.5422,True,114,2025-09-09T13:36:03.245409+00:00,128,1,
BIKE-L1,KEM,1.0,1024,0.66,0.137,1.536,1573,32,1541,2.333,True,115,2025-09-09T13:36:03.349962+00:00,128,1,
BIKE-L1,KEM,1.0,1024,0.6762,0.1373,1.5111,1573,32,1541,2.3246,True,116,2025-09-09T13:36:03.453322+00:00,128,1,
BIKE-L1,KEM,1.0,1024,0.6255,0.1281,1.8539,1573,32,1541,2.6075,True,117,2025-09-09T13:36:03.557042+00:00,128,1,
BIKE-L1,KEM,1.0,1024,0.6482,0.141,1.853,1573,32,1541,2.6422,True,118,2025-09-09T13:36:03.660691+00:00,128,1,
BIKE-L1,KEM,1.0,1024,0.5642,0.0905,1.4553,1573,32,1541,2.11,True,119,2025-09-09T13:36:03.763922+00:00,128,1,
BIKE-L1,KEM,1.0,1024,0.682,0.1397,1.9372,1573,32,1541,2.7589,True,120,2025-09-09T13:36:03.867612+00:00,128,1,
BIKE-L1,KEM,1.0,1024,0.5938,0.1223,1.3544,1573,32,1541,2.0705,True,121,2025-09-09T13:36:03.971049+00:00,128,1,
BIKE-L1,KEM,1.0,1024,0.5306,0.105,1.3471,1573,32,1541,1.9826,True,122,2025-09-09T13:36:04.074270+00:00,128,1,
BIKE-L1,KEM,1.0,1024,0.5171,0.0815,1.1356,1573,32,1541,1.7342,True,123,2025-09-09T13:36:04.177286+00:00,128,1,
BIKE-L1,KEM,1.0,1024,0.5894,0.1141,1.4129,1573,32,1541,2.1164,True,124,2025-09-09T13:36:04.280299+00:00,128,1,
BIKE-L1,KEM,1.0,1024,0.5983,0.1356,2.2139,1573,32,1541,2.9479,True,125,2025-09-09T13:36:04.384375+00:00,128,1,
BIKE-L1,KEM,1.0,1024,0.6387,0.1336,1.7664,1573,32,1541,2.5387,True,126,2025-09-09T13:36:04.487907+00:00,128,1,
BIKE-L1,KEM,1.0,1024,0.5876,0.093,1.3237,1573,32,1541,2.0043,True,127,2025-09-09T13:36:04.590963+00:00,128,1,
BIKE-L1,KEM,1.0,1024,0.5741,0.0904,1.2667,1573,32,1541,1.9312,True,128,2025-09-09T13:36:04.693864+00:00,128,1,
BIKE-L1,KEM,1.0,1024,0.6105,0.1041,1.1503,1573,32,1541,1.865,True,129,2025-09-09T13:36:04.796881+00:00,128,1,
BIKE-L1,KEM,1.0,1024,0.6019,0.1344,1.9957,1573,32,1541,2.7321,True,130,2025-09-09T13:36:04.900477+00:00,128,1,
BIKE-L1,KEM,1.0,1024,0.6565,0.1391,1.8386,1573,32,1541,2.6342,True,131,2025-09-09T13:36:05.004423+00:00,128,1,
BIKE-L1,KEM,1.0,1024,0.619,0.1868,1.508,1573,32,1541,2.3138,True,132,2025-09-09T13:36:05.107714+00:00,128,1,
BIKE-L1,KEM,1.0,1024,0.6273,0.0869,1.166,1573,32,1541,1.8801,True,133,2025-09-09T13:36:05.210907+00:00,128,1,
BIKE-L1,KEM,1.0,1024,0.5818,0.0984,1.3391,1573,32,1541,2.0193,True,134,2025-09-09T13:36:05.314243+00:00,128,1,
BIKE-L1,KEM,1.0,1024,0.6433,0.1312,1.445,1573,32,1541,2.2195,True,135,2025-09-09T13:36:05.417700+00:00,128,1,
BIKE-L1,KEM,1.0,1024,0.6747,0.1208,1.74,1573,32,1541,2.5355,True,136,2025-09-09T13:36:05.521827+00:00,128,1,
BIKE-L1,KEM,1.0,1024,0.6323,0.1362,1.974,1573,32,1541,2.7425,True,137,2025-09-09T13:36:05.628685+00:00,128,1,
BIKE-L1,KEM,1.0,1024,0.6484,0.1685,1.6284,1573,32,1541,2.4453,True,138,2025-09-09T13:36:05.732829+00:00,128,1,
BIKE-L1,KEM,1.0,1024,0.728,0.1466,1.9829,1573,32,1541,2.8575,True,139,2025-09-09T13:36:05.836896+00:00,128,1,
BIKE-L1,KEM,1.0,1024,4.5176,0.1617,3.4234,1573,32,1541,8.1026,True,140,2025-09-09T13:36:05.948825+00:00,128,1,
BIKE-L1,KEM,1.0,1024,0.6611,0.1119,2.1736,1573,32,1541,2.9466,True,141,2025-09-09T13:36:06.052464+00:00,128,1,
BIKE-L1,KEM,1.0,1024,0.6633,0.1272,1.5655,1573,32,1541,2.3559,True,142,2025-09-09T13:36:06.155604+00:00,128,1,
BIKE-L1,KEM,1.0,1024,0.6865,0.116,1.7141,1573,32,1541,2.5166,True,143,2025-09-09T13:36:06.259007+00:00,128,1,
BIKE-L1,KEM,1.0,1024,0.5971,0.1135,1.4841,1573,32,1541,2.1946,True,144,2025-09-09T13:36:06.362155+00:00,128,1,
BIKE-L1,KEM,1.0,1024,0.6389,0.1379,1.6498,1573,32,1541,2.4266,True,145,2025-09-09T13:36:06.466208+00:00,128,1,
BIKE-L1,KEM,1.0,1024,0.7665,0.1277,1.7109,1573,32,1541,2.6052,True,146,2025-09-09T13:36:06.569603+00:00,128,1,
BIKE-L1,KEM,1.0,1024,0.618,0.1493,1.614,1573,32,1541,2.3813,True,147,2025-09-09T13:36:06.672988+00:00,128,1,
BIKE-L1,KEM,1.0,1024,0.6159,0.1188,1.4527,1573,32,1541,2.1875,True,148,2025-09-09T13:36:06.786005+00:00,128,1,
BIKE-L1,KEM,1.0,1024,0.6624,0.1545,1.3968,1573,32,1541,2.2137,True,149,2025-09-09T13:36:06.889378+00:00,128,1,
BIKE-L1,KEM,1.0,1024,0.9889,0.1247,1.7841,1573,32,1541,2.8978,True,150,2025-09-09T13:36:07.002882+00:00,128,1,
BIKE-L1,KEM,2.0,2048,0.8123,0.1735,2.3786,1573,32,1541,3.3643,True,151,2025-09-09T13:36:07.107790+00:00,128,1,
BIKE-L1,KEM,2.0,2048,0.6218,0.1313,1.5019,1573,32,1541,2.255,True,152,2025-09-09T13:36:07.211776+00:00,128,1,
BIKE-L1,KEM,2.0,2048,0.6616,0.1634,1.9109,1573,32,1541,2.7359,True,153,2025-09-09T13:36:07.316499+00:00,128,1,
BIKE-L1,KEM,2.0,2048,0.66,0.1181,1.8465,1573,32,1541,2.6246,True,154,2025-09-09T13:36:07.420641+00:00,128,1,
BIKE-L1,KEM,2.0,2048,0.6784,0.1137,1.7151,1573,32,1541,2.5072,True,155,2025-09-09T13:36:07.526277+00:00,128,1,
BIKE-L1,KEM,2.0,2048,0.5691,0.1299,1.5552,1573,32,1541,2.2541,True,156,2025-09-09T13:36:07.630014+00:00,128,1,
BIKE-L1,KEM,2.0,2048,0.7544,0.1345,1.8284,1573,32,1541,2.7173,True,157,2025-09-09T13:36:07.734842+00:00,128,1,
BIKE-L1,KEM,2.0,2048,0.6651,0.1007,1.8477,1573,32,1541,2.6135,True,158,2025-09-09T13:36:07.847555+00:00,128,1,
BIKE-L1,KEM,2.0,2048,0.6694,0.1206,1.5779,1573,32,1541,2.3679,True,159,2025-09-09T13:36:07.952497+00:00,128,1,
BIKE-L1,KEM,2.0,2048,0.6577,0.1349,1.7718,1573,32,1541,2.5645,True,160,2025-09-09T13:36:08.057945+00:00,128,1,
BIKE-L1,KEM,2.0,2048,0.8179,0.3139,1.8768,1573,32,1541,3.0086,True,161,2025-09-09T13:36:08.165879+00:00,128,1,
BIKE-L1,KEM,2.0,2048,0.7036,0.1085,1.7383,1573,32,1541,2.5503,True,162,2025-09-09T13:36:08.270210+00:00,128,1,
BIKE-L1,KEM,2.0,2048,0.7023,0.1246,1.801,1573,32,1541,2.6278,True,163,2025-09-09T13:36:08.378335+00:00,128,1,
BIKE-L1,KEM,2.0,2048,0.5347,0.0864,1.7452,1573,32,1541,2.3663,True,164,2025-09-09T13:36:08.483295+00:00,128,1,
BIKE-L1,KEM,2.0,2048,0.8187,0.1659,2.6201,1573,32,1541,3.6047,True,165,2025-09-09T13:36:08.589143+00:00,128,1,
BIKE-L1,KEM,2.0,2048,0.7081,0.1358,1.4177,1573,32,1541,2.2615,True,166,2025-09-09T13:36:08.693261+00:00,128,1,
BIKE-L1,KEM,2.0,2048,0.5922,0.1774,1.445,1573,32,1541,2.2145,True,167,2025-09-09T13:36:08.796724+00:00,128,1,
BIKE-L1,KEM,2.0,2048,0.8356,0.1399,1.5875,1573,32,1541,2.563,True,168,2025-09-09T13:36:08.902160+00:00,128,1,
BIKE-L1,KEM,2.0,2048,0.6212,0.1189,1.4979,1573,32,1541,2.238,True,169,2025-09-09T13:36:09.006160+00:00,128,1,
BIKE-L1,KEM,2.0,2048,0.7088,0.1268,1.6751,1573,32,1541,2.5106,True,170,2025-09-09T13:36:09.111396+00:00,128,1,
BIKE-L1,KEM,2.0,2048,0.6821,0.1534,1.3893,1573,32,1541,2.2248,True,171,2025-09-09T13:36:09.215087+00:00,128,1,
BIKE-L1,KEM,2.0,2048,0.6064,0.1307,2.4955,1573,32,1541,3.2326,True,172,2025-09-09T13:36:09.320061+00:00,128,1,
BIKE-L1,KEM,2.0,2048,0.618,0.1295,1.7311,1573,32,1541,2.4786,True,173,2025-09-09T13:36:09.424005+00:00,128,1,
BIKE-L1,KEM,2.0,2048,0.5732,0.1311,1.7191,1573,32,1541,2.4235,True,174,2025-09-09T13:36:09.527787+00:00,128,1,
BIKE-L1,KEM,2.0,2048,0.6759,0.102,1.3967,1573,32,1541,2.1747,True,175,2025-09-09T13:36:09.631562+00:00,128,1,
BIKE-L1,KEM,2.0,2048,0.5712,0.1295,1.9417,1573,32,1541,2.6424,True,176,2025-09-09T13:36:09.736783+00:00,128,1,
BIKE-L1,KEM,2.0,2048,0.5892,0.1376,1.5116,1573,32,1541,2.2384,True,177,2025-09-09T13:36:09.842366+00:00,128,1,
BIKE-L1,KEM,2.0,2048,1.4367,0.2237,1.944,1573,32,1541,3.6044,True,178,2025-09-09T13:36:09.948731+00:00,128,1,
BIKE-L1,KEM,2.0,2048,0.5752,0.1277,1.5515,1573,32,1541,2.2544,True,179,2025-09-09T13:36:10.062468+00:00,128,1,
BIKE-L1,KEM,2.0,2048,0.7007,0.1239,8.6489,1573,32,1541,9.4735,True,180,2025-09-09T13:36:10.176314+00:00,128,1,
BIKE-L1,KEM,2.0,2048,0.6956,0.1097,1.8646,1573,32,1541,2.6699,True,181,2025-09-09T13:36:10.280194+00:00,128,1,
BIKE-L1,KEM,2.0,2048,0.608,0.1365,1.556,1573,32,1541,2.3005,True,182,2025-09-09T13:36:10.383836+00:00,128,1,
BIKE-L1,KEM,2.0,2048,0.5805,0.0989,1.9114,1573,32,1541,2.5908,True,183,2025-09-09T13:36:10.487807+00:00,128,1,
BIKE-L1,KEM,2.0,2048,0.7128,0.1615,1.4086,1573,32,1541,2.2829,True,184,2025-09-09T13:36:10.593237+00:00,128,1,
BIKE-L1,KEM,2.0,2048,0.6052,0.139,1.9515,1573,32,1541,2.6958,True,185,2025-09-09T13:36:10.697040+00:00,128,1,
BIKE-L1,KEM,2.0,2048,0.6113,0.1018,1.6338,1573,32,1541,2.3469,True,186,2025-09-09T13:36:10.800680+00:00,128,1,
BIKE-L1,KEM,2.0,2048,0.6295,0.1355,1.546,1573,32,1541,2.311,True,187,2025-09-09T13:36:10.903981+00:00,128,1,
BIKE-L1,KEM,2.0,2048,0.5528,0.1534,1.6291,1573,32,1541,2.3353,True,188,2025-09-09T13:36:11.007781+00:00,128,1,
BIKE-L1,KEM,2.0,2048,1.4651,0.1462,2.9272,1573,32,1541,4.5385,True,189,2025-09-09T13:36:11.114888+00:00,128,1,
BIKE-L1,KEM,2.0,2048,0.7051,0.1407,1.7878,1573,32,1541,2.6335,True,190,2025-09-09T13:36:11.220793+00:00,128,1,
BIKE-L1,KEM,2.0,2048,0.6472,0.1152,1.5589,1573,32,1541,2.3214,True,191,2025-09-09T13:36:11.325558+00:00,128,1,
BIKE-L1,KEM,2.0,2048,0.7438,0.1796,1.8329,1573,32,1541,2.7562,True,192,2025-09-09T13:36:11.429440+00:00,128,1,
BIKE-L1,KEM,2.0,2048,0.6337,0.1608,1.515,1573,32,1541,2.3095,True,193,2025-09-09T13:36:11.532755+00:00,128,1,
BIKE-L1,KEM,2.0,2048,0.6146,0.1351,1.9289,1573,32,1541,2.6787,True,194,2025-09-09T13:36:11.636865+00:00,128,1,
BIKE-L1,KEM,2.0,2048,0.5992,0.1317,1.5244,1573,32,1541,2.2554,True,195,2025-09-09T13:36:11.743142+00:00,128,1,
BIKE-L1,KEM,2.0,2048,1.4972,0.1747,1.5168,1573,32,1541,3.1886,True,196,2025-09-09T13:36:11.848361+00:00,128,1,
BIKE-L1,KEM,2.0,2048,0.6295,0.2256,1.6112,1573,32,1541,2.4664,True,197,2025-09-09T13:36:11.951787+00:00,128,1,
BIKE-L1,KEM,2.0,2048,0.623,0.1287,1.3491,1573,32,1541,2.1007,True,198,2025-09-09T13:36:12.054894+00:00,128,1,
BIKE-L1,KEM,2.0,2048,2.0606,0.2702,1.7077,1573,32,1541,4.0385,True,199,2025-09-09T13:36:12.162954+00:00,128,1,
BIKE-L1,KEM,2.0,2048,0.7864,0.1451,1.4519,1573,32,1541,2.3835,True,200,2025-09-09T13:36:12.267238+00:00,128,1,
BIKE-L1,KEM,5.0,5120,0.6456,0.1291,1.6498,1573,32,1541,2.4245,True,201,2025-09-09T13:36:12.371534+00:00,128,1,
BIKE-L1,KEM,5.0,5120,0.678,0.1404,1.7353,1573,32,1541,2.5537,True,202,2025-09-09T13:36:12.475902+00:00,128,1,
BIKE-L1,KEM,5.0,5120,0.6015,0.1016,1.7075,1573,32,1541,2.4106,True,203,2025-09-09T13:36:12.580040+00:00,128,1,
BIKE-L1,KEM,5.0,5120,0.7954,0.1202,2.1734,1573,32,1541,3.0889,True,204,2025-09-09T13:36:12.685179+00:00,128,1,
BIKE-L1,KEM,5.0,5120,0.6347,0.1299,1.3243,1573,32,1541,2.0889,True,205,2025-09-09T13:36:12.789397+00:00,128,1,
BIKE-L1,KEM,5.0,5120,0.8292,0.1181,2.16,1573,32,1541,3.1072,True,206,2025-09-09T13:36:12.894701+00:00,128,1,
BIKE-L1,KEM,5.0,5120,0.7532,0.1102,2.462,1573,32,1541,3.3254,True,207,2025-09-09T13:36:13.000287+00:00,128,1,
BIKE-L1,KEM,5.0,5120,0.634,0.1089,1.7883,1573,32,1541,2.5313,True,208,2025-09-09T13:36:13.104524+00:00,128,1,
BIKE-L1,KEM,5.0,5120,0.6135,0.1341,1.5882,1573,32,1541,2.3358,True,209,2025-09-09T13:36:13.208444+00:00,128,1,
BIKE-L1,KEM,5.0,5120,0.6619,0.1263,1.874,1573,32,1541,2.6622,True,210,2025-09-09T13:36:13.312914+00:00,128,1,
BIKE-L1,KEM,5.0,5120,0.7333,0.1334,1.4411,1573,32,1541,2.3077,True,211,2025-09-09T13:36:13.417699+00:00,128,1,
BIKE-L1,KEM,5.0,5120,0.7631,0.144,1.7902,1573,32,1541,2.6973,True,212,2025-09-09T13:36:13.522335+00:00,128,1,
BIKE-L1,KEM,5.0,5120,0.7188,0.1635,1.7545,1573,32,1541,2.6368,True,213,2025-09-09T13:36:13.626997+00:00,128,1,
BIKE-L1,KEM,5.0,5120,0.6886,0.1431,1.4771,1573,32,1541,2.3088,True,214,2025-09-09T13:36:13.731034+00:00,128,1,
BIKE-L1,KEM,5.0,5120,0.6073,0.1243,1.6233,1573,32,1541,2.3549,True,215,2025-09-09T13:36:13.835087+00:00,128,1,
BIKE-L1,KEM,5.0,5120,0.5319,0.1252,1.3899,1573,32,1541,2.0469,True,216,2025-09-09T13:36:13.939403+00:00,128,1,
BIKE-L1,KEM,5.0,5120,0.5398,0.0809,1.4856,1573,32,1541,2.1062,True,217,2025-09-09T13:36:14.043625+00:00,128,1,
BIKE-L1,KEM,5.0,5120,0.6829,0.1159,1.883,1573,32,1541,2.6818,True,218,2025-09-09T13:36:14.148235+00:00,128,1,
BIKE-L1,KEM,5.0,5120,0.7144,0.1062,1.305,1573,32,1541,2.1257,True,219,2025-09-09T13:36:14.252987+00:00,128,1,
BIKE-L1,KEM,5.0,5120,0.5884,0.1525,1.4165,1573,32,1541,2.1574,True,220,2025-09-09T13:36:14.356697+00:00,128,1,
BIKE-L1,KEM,5.0,5120,0.6544,0.1621,1.8396,1573,32,1541,2.6561,True,221,2025-09-09T13:36:14.461152+00:00,128,1,
BIKE-L1,KEM,5.0,5120,0.5725,0.1105,1.579,1573,32,1541,2.2619,True,222,2025-09-09T13:36:14.565655+00:00,128,1,
BIKE-L1,KEM,5.0,5120,0.6322,0.1104,1.2001,1573,32,1541,1.9427,True,223,2025-09-09T13:36:14.669723+00:00,128,1,
BIKE-L1,KEM,5.0,5120,0.5971,0.0928,1.2161,1573,32,1541,1.906,True,224,2025-09-09T13:36:14.774226+00:00,128,1,
BIKE-L1,KEM,5.0,5120,0.7519,0.177,1.616,1573,32,1541,2.5449,True,225,2025-09-09T13:36:14.878598+00:00,128,1,
BIKE-L1,KEM,5.0,5120,0.6058,0.1675,1.3628,1573,32,1541,2.1361,True,226,2025-09-09T13:36:14.982603+00:00,128,1,
BIKE-L1,KEM,5.0,5120,0.6638,0.1459,1.7068,1573,32,1541,2.5165,True,227,2025-09-09T13:36:15.086996+00:00,128,1,
BIKE-L1,KEM,5.0,5120,0.6524,0.127,2.2248,1573,32,1541,3.0043,True,228,2025-09-09T13:36:15.194180+00:00,128,1,
BIKE-L1,KEM,5.0,5120,0.6711,0.1137,1.6207,1573,32,1541,2.4056,True,229,2025-09-09T13:36:15.299050+00:00,128,1,
BIKE-L1,KEM,5.0,5120,0.6022,0.1175,1.551,1573,32,1541,2.2707,True,230,2025-09-09T13:36:15.403584+00:00,128,1,
BIKE-L1,KEM,5.0,5120,0.633,0.1313,1.5003,1573,32,1541,2.2646,True,231,2025-09-09T13:36:15.508220+00:00,128,1,
BIKE-L1,KEM,5.0,5120,0.687,0.1459,1.374,1573,32,1541,2.2069,True,232,2025-09-09T13:36:15.612374+00:00,128,1,
BIKE-L1,KEM,5.0,5120,0.6476,0.1359,1.9861,1573,32,1541,2.7696,True,233,2025-09-09T13:36:15.716994+00:00,128,1,
BIKE-L1,KEM,5.0,5120,0.6857,0.2236,1.6259,1573,32,1541,2.5352,True,234,2025-09-09T13:36:15.821213+00:00,128,1,
BIKE-L1,KEM,5.0,5120,0.6078,0.1044,1.3172,1573,32,1541,2.0293,True,235,2025-09-09T13:36:15.926408+00:00,128,1,
BIKE-L1,KEM,5.0,5120,1.2328,0.1625,1.4548,1573,32,1541,2.8501,True,236,2025-09-09T13:36:16.030998+00:00,128,1,
BIKE-L1,KEM,5.0,5120,0.6724,0.1506,1.5733,1573,32,1541,2.3963,True,237,2025-09-09T13:36:16.135629+00:00,128,1,
BIKE-L1,KEM,5.0,5120,0.6298,0.1021,1.4724,1573,32,1541,2.2043,True,238,2025-09-09T13:36:16.240484+00:00,128,1,
BIKE-L1,KEM,5.0,5120,0.9007,1.7691,2.3663,1573,32,1541,5.0361,True,239,2025-09-09T13:36:16.349308+00:00,128,1,
BIKE-L1,KEM,5.0,5120,0.5772,0.1196,1.9302,1573,32,1541,2.627,True,240,2025-09-09T13:36:16.455543+00:00,128,1,
BIKE-L1,KEM,5.0,5120,0.61,0.1266,1.5259,1573,32,1541,2.2625,True,241,2025-09-09T13:36:16.562460+00:00,128,1,
BIKE-L1,KEM,5.0,5120,0.6379,0.1068,4.6875,1573,32,1541,5.4321,True,242,2025-09-09T13:36:16.670606+00:00,128,1,
BIKE-L1,KEM,5.0,5120,0.7116,0.1309,1.365,1573,32,1541,2.2075,True,243,2025-09-09T13:36:16.774607+00:00,128,1,
BIKE-L1,KEM,5.0,5120,0.5874,0.1269,1.4909,1573,32,1541,2.2052,True,244,2025-09-09T13:36:16.879165+00:00,128,1,
BIKE-L1,KEM,5.0,5120,0.6151,0.1345,1.9759,1573,32,1541,2.7255,True,245,2025-09-09T13:36:16.983916+00:00,128,1,
BIKE-L1,KEM,5.0,5120,0.6602,0.1409,1.7933,1573,32,1541,2.5944,True,246,2025-09-09T13:36:17.088173+00:00,128,1,
BIKE-L1,KEM,5.0,5120,0.6007,0.1123,2.3194,1573,32,1541,3.0323,True,247,2025-09-09T13:36:17.193205+00:00,128,1,
BIKE-L1,KEM,5.0,5120,0.8758,0.1472,1.25,1573,32,1541,2.273,True,248,2025-09-09T13:36:17.297979+00:00,128,1,
BIKE-L1,KEM,5.0,5120,0.7394,0.1539,1.8518,1573,32,1541,2.7451,True,249,2025-09-09T13:36:17.402642+00:00,128,1,
BIKE-L1,KEM,5.0,5120,0.5973,0.1375,1.3846,1573,32,1541,2.1194,True,250,2025-09-09T13:36:17.507405+00:00,128,1,
BIKE-L1,KEM,10.0,10240,0.5659,0.0895,1.4665,1573,32,1541,2.122,True,251,2025-09-09T13:36:17.614381+00:00,128,1,
BIKE-L1,KEM,10.0,10240,0.6752,0.1182,3.0828,1573,32,1541,3.8761,True,252,2025-09-09T13:36:17.721691+00:00,128,1,
BIKE-L1,KEM,10.0,10240,0.5842,0.1153,1.6951,1573,32,1541,2.3947,True,253,2025-09-09T13:36:17.827340+00:00,128,1,
BIKE-L1,KEM,10.0,10240,0.7153,0.13,1.6212,1573,32,1541,2.4664,True,254,2025-09-09T13:36:17.942257+00:00,128,1,
BIKE-L1,KEM,10.0,10240,0.8882,0.1363,1.4912,1573,32,1541,2.5157,True,255,2025-09-09T13:36:18.048401+00:00,128,1,
BIKE-L1,KEM,10.0,10240,0.5948,0.1337,5.1503,1573,32,1541,5.8788,True,256,2025-09-09T13:36:18.158471+00:00,128,1,
BIKE-L1,KEM,10.0,10240,0.5934,0.1198,1.5203,1573,32,1541,2.2335,True,257,2025-09-09T13:36:18.265932+00:00,128,1,
BIKE-L1,KEM,10.0,10240,0.6702,0.1211,1.4505,1573,32,1541,2.2419,True,258,2025-09-09T13:36:18.371901+00:00,128,1,
BIKE-L1,KEM,10.0,10240,1.7937,0.1281,1.1345,1573,32,1541,3.0563,True,259,2025-09-09T13:36:18.478940+00:00,128,1,
BIKE-L1,KEM,10.0,10240,0.6334,0.131,6.0598,1573,32,1541,6.8243,True,260,2025-09-09T13:36:18.589164+00:00,128,1,
BIKE-L1,KEM,10.0,10240,0.6078,0.1322,1.4972,1573,32,1541,2.2371,True,261,2025-09-09T13:36:18.694067+00:00,128,1,
BIKE-L1,KEM,10.0,10240,0.5804,0.0982,1.6962,1573,32,1541,2.3748,True,262,2025-09-09T13:36:18.800049+00:00,128,1,
BIKE-L1,KEM,10.0,10240,0.6077,0.1093,1.3155,1573,32,1541,2.0324,True,263,2025-09-09T13:36:18.906407+00:00,128,1,
BIKE-L1,KEM,10.0,10240,0.6088,0.1404,1.7095,1573,32,1541,2.4587,True,264,2025-09-09T13:36:19.011754+00:00,128,1,
BIKE-L1,KEM,10.0,10240,0.9213,0.2031,1.9441,1573,32,1541,3.0686,True,265,2025-09-09T13:36:19.117554+00:00,128,1,
BIKE-L1,KEM,10.0,10240,0.6119,0.1306,1.8539,1573,32,1541,2.5964,True,266,2025-09-09T13:36:19.223245+00:00,128,1,
BIKE-L1,KEM,10.0,10240,0.6837,0.1336,1.7793,1573,32,1541,2.5966,True,267,2025-09-09T13:36:19.328576+00:00,128,1,
BIKE-L1,KEM,10.0,10240,0.6627,0.1141,2.6595,1573,32,1541,3.4363,True,268,2025-09-09T13:36:19.435066+00:00,128,1,
BIKE-L1,KEM,10.0,10240,0.6505,0.1118,1.5612,1573,32,1541,2.3234,True,269,2025-09-09T13:36:19.540275+00:00,128,1,
BIKE-L1,KEM,10.0,10240,0.7884,0.1271,1.6415,1573,32,1541,2.557,True,270,2025-09-09T13:36:19.645609+00:00,128,1,
BIKE-L1,KEM,10.0,10240,0.9886,0.1239,3.822,1573,32,1541,4.9344,True,271,2025-09-09T13:36:19.755177+00:00,128,1,
BIKE-L1,KEM,10.0,10240,0.7582,0.1479,1.6342,1573,32,1541,2.5403,True,272,2025-09-09T13:36:19.861530+00:00,128,1,
BIKE-L1,KEM,10.0,10240,0.8655,0.1315,2.3244,1573,32,1541,3.3214,True,273,2025-09-09T13:36:19.968654+00:00,128,1,
BIKE-L1,KEM,10.0,10240,0.5722,0.1003,1.7781,1573,32,1541,2.4507,True,274,2025-09-09T13:36:20.075356+00:00,128,1,
BIKE-L1,KEM,10.0,10240,0.6233,0.1433,1.8007,1573,32,1541,2.5673,True,275,2025-09-09T13:36:20.180881+00:00,128,1,
BIKE-L1,KEM,10.0,10240,0.6062,0.1305,1.4729,1573,32,1541,2.2096,True,276,2025-09-09T13:36:20.286094+00:00,128,1,
BIKE-L1,KEM,10.0,10240,0.5803,0.1016,1.3282,1573,32,1541,2.01,True,277,2025-09-09T13:36:20.392375+00:00,128,1,
BIKE-L1,KEM,10.0,10240,0.7903,0.1584,1.7162,1573,32,1541,2.6649,True,278,2025-09-09T13:36:20.498017+00:00,128,1,
BIKE-L1,KEM,10.0,10240,0.6479,0.1229,1.7386,1573,32,1541,2.5094,True,279,2025-09-09T13:36:20.603374+00:00,128,1,
BIKE-L1,KEM,10.0,10240,0.6235,0.1452,1.4965,1573,32,1541,2.2652,True,280,2025-09-09T13:36:20.711679+00:00,128,1,
BIKE-L1,KEM,10.0,10240,0.6938,0.5177,1.4533,1573,32,1541,2.6648,True,281,2025-09-09T13:36:20.817833+00:00,128,1,
BIKE-L1,KEM,10.0,10240,0.6006,0.1268,1.3618,1573,32,1541,2.0892,True,282,2025-09-09T13:36:20.922992+00:00,128,1,
BIKE-L1,KEM,10.0,10240,2.4236,0.1766,4.0552,1573,32,1541,6.6554,True,283,2025-09-09T13:36:21.034877+00:00,128,1,
BIKE-L1,KEM,10.0,10240,0.6222,0.1442,2.0117,1573,32,1541,2.7782,True,284,2025-09-09T13:36:21.140995+00:00,128,1,
BIKE-L1,KEM,10.0,10240,0.7822,0.118,2.095,1573,32,1541,2.9952,True,285,2025-09-09T13:36:21.249290+00:00,128,1,
BIKE-L1,KEM,10.0,10240,0.6022,0.1581,1.6898,1573,32,1541,2.45,True,286,2025-09-09T13:36:21.355365+00:00,128,1,
BIKE-L1,KEM,10.0,10240,0.719,0.1552,1.4846,1573,32,1541,2.3587,True,287,2025-09-09T13:36:21.461209+00:00,128,1,
BIKE-L1,KEM,10.0,10240,0.6721,0.1004,1.5392,1573,32,1541,2.3118,True,288,2025-09-09T13:36:21.566620+00:00,128,1,
BIKE-L1,KEM,10.0,10240,0.5976,0.1342,1.3773,1573,32,1541,2.1091,True,289,2025-09-09T13:36:21.675436+00:00,128,1,
BIKE-L1,KEM,10.0,10240,0.9143,0.1322,2.0382,1573,32,1541,3.0847,True,290,2025-09-09T13:36:21.782049+00:00,128,1,
BIKE-L1,KEM,10.0,10240,0.5947,0.1309,1.662,1573,32,1541,2.3876,True,291,2025-09-09T13:36:21.887983+00:00,128,1,
BIKE-L1,KEM,10.0,10240,1.2509,0.1668,12.5179,1573,32,1541,13.9356,True,292,2025-09-09T13:36:22.018636+00:00,128,1,
BIKE-L1,KEM,10.0,10240,0.6264,0.1567,8.2983,1573,32,1541,9.0815,True,293,2025-09-09T13:36:22.135633+00:00,128,1,
BIKE-L1,KEM,10.0,10240,0.5971,0.1245,1.6075,1573,32,1541,2.3291,True,294,2025-09-09T13:36:22.245794+00:00,128,1,
BIKE-L1,KEM,10.0,10240,0.6907,0.2325,6.3739,1573,32,1541,7.297,True,295,2025-09-09T13:36:22.356123+00:00,128,1,
BIKE-L1,KEM,10.0,10240,3.9293,2.7779,2.8677,1573,32,1541,9.5749,True,296,2025-09-09T13:36:22.475288+00:00,128,1,
BIKE-L1,KEM,10.0,10240,0.5997,0.1179,1.5205,1573,32,1541,2.2381,True,297,2025-09-09T13:36:22.584091+00:00,128,1,
BIKE-L1,KEM,10.0,10240,1.565,0.4215,2.723,1573,32,1541,4.7095,True,298,2025-09-09T13:36:22.698544+00:00,128,1,
BIKE-L1,KEM,10.0,10240,0.6264,0.1018,1.5649,1573,32,1541,2.2932,True,299,2025-09-09T13:36:22.805841+00:00,128,1,
BIKE-L1,KEM,10.0,10240,0.6532,0.1175,6.7748,1573,32,1541,7.5455,True,300,2025-09-09T13:36:22.916371+00:00,128,1,
BIKE-L3,KEM,0.1,102,7.929,0.3411,8.7439,3115,32,3083,17.014,True,301,2025-09-09T13:36:23.042614+00:00,192,2,
BIKE-L3,KEM,0.1,102,1.803,0.5116,14.651,3115,32,3083,16.9655,True,302,2025-09-09T13:36:23.164617+00:00,192,2,
BIKE-L3,KEM,0.1,102,1.8961,0.6067,7.0973,3115,32,3083,9.6002,True,303,2025-09-09T13:36:23.274959+00:00,192,2,
BIKE-L3,KEM,0.1,102,1.7159,0.3713,8.5233,3115,32,3083,10.6105,True,304,2025-09-09T13:36:23.386712+00:00,192,2,
BIKE-L3,KEM,0.1,102,1.486,0.2404,5.19,3115,32,3083,6.9164,True,305,2025-09-09T13:36:23.494497+00:00,192,2,
BIKE-L3,KEM,0.1,102,1.6332,0.2514,9.9709,3115,32,3083,11.8554,True,306,2025-09-09T13:36:23.607070+00:00,192,2,
BIKE-L3,KEM,0.1,102,3.4626,0.2651,5.4041,3115,32,3083,9.1318,True,307,2025-09-09T13:36:23.732073+00:00,192,2,
BIKE-L3,KEM,0.1,102,1.4277,0.2733,7.479,3115,32,3083,9.18,True,308,2025-09-09T13:36:23.841912+00:00,192,2,
BIKE-L3,KEM,0.1,102,1.5068,0.2869,5.297,3115,32,3083,7.0907,True,309,2025-09-09T13:36:23.949766+00:00,192,2,
BIKE-L3,KEM,0.1,102,1.9186,0.2654,5.63,3115,32,3083,7.814,True,310,2025-09-09T13:36:24.058229+00:00,192,2,
BIKE-L3,KEM,0.1,102,2.3216,0.2525,5.3696,3115,32,3083,7.9436,True,311,2025-09-09T13:36:24.167075+00:00,192,2,
BIKE-L3,KEM,0.1,102,1.3017,0.2686,4.5503,3115,32,3083,6.1206,True,312,2025-09-09T13:36:24.273746+00:00,192,2,
BIKE-L3,KEM,0.1,102,1.4132,0.2449,4.7073,3115,32,3083,6.3654,True,313,2025-09-09T13:36:24.381985+00:00,192,2,
BIKE-L3,KEM,0.1,102,14.0543,0.2671,21.5244,3115,32,3083,35.8458,True,314,2025-09-09T13:36:24.518446+00:00,192,2,
BIKE-L3,KEM,0.1,102,2.3617,0.2534,10.9046,3115,32,3083,13.5197,True,315,2025-09-09T13:36:24.632652+00:00,192,2,
BIKE-L3,KEM,0.1,102,18.6392,0.283,9.3682,3115,32,3083,28.2903,True,316,2025-09-09T13:36:24.761550+00:00,192,2,
BIKE-L3,KEM,0.1,102,1.6319,0.2571,6.0337,3115,32,3083,7.9227,True,317,2025-09-09T13:36:24.870223+00:00,192,2,
BIKE-L3,KEM,0.1,102,1.3863,0.2461,5.6433,3115,32,3083,7.2756,True,318,2025-09-09T13:36:24.979362+00:00,192,2,
BIKE-L3,KEM,0.1,102,1.3625,0.2724,5.2834,3115,32,3083,6.9183,True,319,2025-09-09T13:36:25.086900+00:00,192,2,
BIKE-L3,KEM,0.1,102,1.5783,0.2591,7.3386,3115,32,3083,9.176,True,320,2025-09-09T13:36:25.196738+00:00,192,2,
BIKE-L3,KEM,0.1,102,1.3925,0.253,14.9067,3115,32,3083,16.5522,True,321,2025-09-09T13:36:25.313887+00:00,192,2,
BIKE-L3,KEM,0.1,102,2.6218,0.2934,6.5373,3115,32,3083,9.4525,True,322,2025-09-09T13:36:25.424166+00:00,192,2,
BIKE-L3,KEM,0.1,102,1.6576,0.2888,9.959,3115,32,3083,11.9054,True,323,2025-09-09T13:36:25.536658+00:00,192,2,
BIKE-L3,KEM,0.1,102,1.4979,0.2713,5.6364,3115,32,3083,7.4057,True,324,2025-09-09T13:36:25.644718+00:00,192,2,
BIKE-L3,KEM,0.1,102,1.2973,0.2536,12.38,3115,32,3083,13.931,True,325,2025-09-09T13:36:25.759273+00:00,192,2,
BIKE-L3,KEM,0.1,102,1.3342,0.2991,4.9375,3115,32,3083,6.5708,True,326,2025-09-09T13:36:25.866703+00:00,192,2,
BIKE-L3,KEM,0.1,102,1.5441,0.2679,5.6676,3115,32,3083,7.4795,True,327,2025-09-09T13:36:25.974860+00:00,192,2,
BIKE-L3,KEM,0.1,102,1.3978,0.2521,5.3685,3115,32,3083,7.0184,True,328,2025-09-09T13:36:26.082686+00:00,192,2,
BIKE-L3,KEM,0.1,102,2.0111,0.2495,6.96,3115,32,3083,9.2207,True,329,2025-09-09T13:36:26.192644+00:00,192,2,
BIKE-L3,KEM,0.1,102,1.8644,0.2541,6.7832,3115,32,3083,8.9017,True,330,2025-09-09T13:36:26.303866+00:00,192,2,
BIKE-L3,KEM,0.1,102,1.3355,0.2504,6.1101,3115,32,3083,7.696,True,331,2025-09-09T13:36:26.412200+00:00,192,2,
BIKE-L3,KEM,0.1,102,2.0132,0.488,4.922,3115,32,3083,7.4232,True,332,2025-09-09T13:36:26.520231+00:00,192,2,
BIKE-L3,KEM,0.1,102,1.3801,0.2259,5.2202,3115,32,3083,6.8262,True,333,2025-09-09T13:36:26.627745+00:00,192,2,
BIKE-L3,KEM,0.1,102,1.4457,0.4792,5.4831,3115,32,3083,7.408,True,334,2025-09-09T13:36:26.735890+00:00,192,2,
BIKE-L3,KEM,0.1,102,10.5548,0.3284,15.3849,3115,32,3083,26.2681,True,335,2025-09-09T13:36:26.863359+00:00,192,2,
BIKE-L3,KEM,0.1,102,2.219,0.282,5.6258,3115,32,3083,8.1267,True,336,2025-09-09T13:36:26.978172+00:00,192,2,
BIKE-L3,KEM,0.1,102,1.4332,0.2353,5.0439,3115,32,3083,6.7123,True,337,2025-09-09T13:36:27.085478+00:00,192,2,
BIKE-L3,KEM,0.1,102,1.5059,0.2594,5.3318,3115,32,3083,7.0971,True,338,2025-09-09T13:36:27.193297+00:00,192,2,
BIKE-L3,KEM,0.1,102,1.7137,0.2683,7.1362,3115,32,3083,9.1182,True,339,2025-09-09T13:36:27.303616+00:00,192,2,
BIKE-L3,KEM,0.1,102,1.2692,0.2346,4.7618,3115,32,3083,6.2656,True,340,2025-09-09T13:36:27.414918+00:00,192,2,
BIKE-L3,KEM,0.1,102,1.4531,0.2544,5.5324,3115,32,3083,7.2399,True,341,2025-09-09T13:36:27.551000+00:00,192,2,
BIKE-L3,KEM,0.1,102,1.7316,0.274,7.282,3115,32,3083,9.2875,True,342,2025-09-09T13:36:27.660928+00:00,192,2,
BIKE-L3,KEM,0.1,102,1.5267,0.3692,8.8564,3115,32,3083,10.7522,True,343,2025-09-09T13:36:27.783731+00:00,192,2,
BIKE-L3,KEM,0.1,102,1.4332,0.2959,5.5623,3115,32,3083,7.2914,True,344,2025-09-09T13:36:27.891654+00:00,192,2,
BIKE-L3,KEM,0.1,102,1.9565,0.3133,18.7835,3115,32,3083,21.0533,True,345,2025-09-09T13:36:28.014477+00:00,192,2,
BIKE-L3,KEM,0.1,102,1.4207,0.3985,7.1203,3115,32,3083,8.9396,True,346,2025-09-09T13:36:28.124386+00:00,192,2,
BIKE-L3,KEM,0.1,102,1.4415,0.2792,6.2175,3115,32,3083,7.9382,True,347,2025-09-09T13:36:28.234387+00:00,192,2,
BIKE-L3,KEM,0.1,102,3.7847,0.275,5.7626,3115,32,3083,9.8223,True,348,2025-09-09T13:36:28.347759+00:00,192,2,
BIKE-L3,KEM,0.1,102,1.6105,0.2567,6.0933,3115,32,3083,7.9606,True,349,2025-09-09T13:36:28.460663+00:00,192,2,
BIKE-L3,KEM,0.1,102,1.4243,0.3112,4.9222,3115,32,3083,6.6577,True,350,2025-09-09T13:36:28.577064+00:00,192,2,
BIKE-L3,KEM,0.5,512,2.0749,0.2791,14.0981,3115,32,3083,16.4522,True,351,2025-09-09T13:36:28.694440+00:00,192,2,
BIKE-L3,KEM,0.5,512,1.5158,0.2542,5.8087,3115,32,3083,7.5786,True,352,2025-09-09T13:36:28.802710+00:00,192,2,
BIKE-L3,KEM,0.5,512,1.2766,0.1908,4.9899,3115,32,3083,6.4573,True,353,2025-09-09T13:36:28.923469+00:00,192,2,
BIKE-L3,KEM,0.5,512,1.3801,0.2429,5.0515,3115,32,3083,6.6745,True,354,2025-09-09T13:36:29.046207+00:00,192,2,
BIKE-L3,KEM,0.5,512,1.8064,0.3038,16.7568,3115,32,3083,18.867,True,355,2025-09-09T13:36:29.178907+00:00,192,2,
BIKE-L3,KEM,0.5,512,1.5166,0.2605,5.8423,3115,32,3083,7.6193,True,356,2025-09-09T13:36:29.287415+00:00,192,2,
BIKE-L3,KEM,0.5,512,2.5354,0.2545,13.4251,3115,32,3083,16.215,True,357,2025-09-09T13:36:29.406479+00:00,192,2,
BIKE-L3,KEM,0.5,512,1.6458,0.218,5.2286,3115,32,3083,7.0923,True,358,2025-09-09T13:36:29.523018+00:00,192,2,
BIKE-L3,KEM,0.5,512,1.3674,0.2284,4.9166,3115,32,3083,6.5124,True,359,2025-09-09T13:36:29.631173+00:00,192,2,
BIKE-L3,KEM,0.5,512,1.2783,0.2526,6.0812,3115,32,3083,7.612,True,360,2025-09-09T13:36:29.739629+00:00,192,2,
BIKE-L3,KEM,0.5,512,1.3666,0.8905,15.7125,3115,32,3083,17.9696,True,361,2025-09-09T13:36:29.858300+00:00,192,2,
BIKE-L3,KEM,0.5,512,1.4908,0.2642,5.8484,3115,32,3083,7.6034,True,362,2025-09-09T13:36:29.966993+00:00,192,2,
BIKE-L3,KEM,0.5,512,1.8641,0.2843,5.5958,3115,32,3083,7.7442,True,363,2025-09-09T13:36:30.077345+00:00,192,2,
BIKE-L3,KEM,0.5,512,2.037,0.2709,5.0258,3115,32,3083,7.3337,True,364,2025-09-09T13:36:30.185399+00:00,192,2,
BIKE-L3,KEM,0.5,512,1.4047,0.2109,4.8785,3115,32,3083,6.4942,True,365,2025-09-09T13:36:30.296753+00:00,192,2,
BIKE-L3,KEM,0.5,512,1.3651,0.2887,9.4246,3115,32,3083,11.0785,True,366,2025-09-09T13:36:30.408821+00:00,192,2,
BIKE-L3,KEM,0.5,512,1.792,0.2781,7.2179,3115,32,3083,9.288,True,367,2025-09-09T13:36:30.520310+00:00,192,2,
BIKE-L3,KEM,0.5,512,1.6786,0.2808,6.2364,3115,32,3083,8.1957,True,368,2025-09-09T13:36:30.630492+00:00,192,2,
BIKE-L3,KEM,0.5,512,2.0428,0.255,5.2364,3115,32,3083,7.5342,True,369,2025-09-09T13:36:30.738739+00:00,192,2,
BIKE-L3,KEM,0.5,512,1.5921,0.2724,5.547,3115,32,3083,7.4115,True,370,2025-09-09T13:36:30.847413+00:00,192,2,
BIKE-L3,KEM,0.5,512,2.0472,0.3186,12.0828,3115,32,3083,14.4485,True,371,2025-09-09T13:36:30.962762+00:00,192,2,
BIKE-L3,KEM,0.5,512,1.3401,0.2409,4.5566,3115,32,3083,6.1376,True,372,2025-09-09T13:36:31.069575+00:00,192,2,
BIKE-L3,KEM,0.5,512,1.3672,0.2393,4.7396,3115,32,3083,6.346,True,373,2025-09-09T13:36:31.176549+00:00,192,2,
BIKE-L3,KEM,0.5,512,1.3943,0.2332,4.632,3115,32,3083,6.2595,True,374,2025-09-09T13:36:31.283535+00:00,192,2,
BIKE-L3,KEM,0.5,512,1.4265,0.2123,5.0967,3115,32,3083,6.7355,True,375,2025-09-09T13:36:31.390938+00:00,192,2,
BIKE-L3,KEM,0.5,512,2.3581,0.2525,17.11,3115,32,3083,19.7206,True,376,2025-09-09T13:36:31.511547+00:00,192,2,
BIKE-L3,KEM,0.5,512,1.3057,0.184,6.6914,3115,32,3083,8.1811,True,377,2025-09-09T13:36:31.620465+00:00,192,2,
BIKE-L3,KEM,0.5,512,1.3663,0.2697,6.3994,3115,32,3083,8.0353,True,378,2025-09-09T13:36:31.729178+00:00,192,2,
BIKE-L3,KEM,0.5,512,1.5267,0.3812,4.4707,3115,32,3083,6.3786,True,379,2025-09-09T13:36:31.836322+00:00,192,2,
BIKE-L3,KEM,0.5,512,7.3485,0.2521,9.7136,3115,32,3083,17.3141,True,380,2025-09-09T13:36:31.955333+00:00,192,2,
BIKE-L3,KEM,0.5,512,2.1279,0.2565,10.5855,3115,32,3083,12.9698,True,381,2025-09-09T13:36:32.068954+00:00,192,2,
BIKE-L3,KEM,0.5,512,1.3347,0.35,6.4191,3115,32,3083,8.1038,True,382,2025-09-09T13:36:32.177798+00:00,192,2,
BIKE-L3,KEM,0.5,512,1.3788,0.2976,5.1802,3115,32,3083,6.8567,True,383,2025-09-09T13:36:32.286282+00:00,192,2,
BIKE-L3,KEM,0.5,512,20.8255,0.2898,9.5253,3115,32,3083,30.6406,True,384,2025-09-09T13:36:32.425078+00:00,192,2,
BIKE-L3,KEM,0.5,512,1.4331,0.2933,13.5078,3115,32,3083,15.2342,True,385,2025-09-09T13:36:32.542982+00:00,192,2,
BIKE-L3,KEM,0.5,512,1.4316,0.2484,9.7112,3115,32,3083,11.3912,True,386,2025-09-09T13:36:32.659295+00:00,192,2,
BIKE-L3,KEM,0.5,512,1.838,0.2479,6.564,3115,32,3083,8.6499,True,387,2025-09-09T13:36:32.784426+00:00,192,2,
BIKE-L3,KEM,0.5,512,1.4669,0.2488,5.7073,3115,32,3083,7.423,True,388,2025-09-09T13:36:32.892663+00:00,192,2,
BIKE-L3,KEM,0.5,512,1.8316,0.3057,5.621,3115,32,3083,7.7582,True,389,2025-09-09T13:36:33.001622+00:00,192,2,
BIKE-L3,KEM,0.5,512,1.4466,0.2247,4.8066,3115,32,3083,6.4779,True,390,2025-09-09T13:36:33.109035+00:00,192,2,
BIKE-L3,KEM,0.5,512,1.3008,0.2306,5.3355,3115,32,3083,6.8669,True,391,2025-09-09T13:36:33.216945+00:00,192,2,
BIKE-L3,KEM,0.5,512,1.9729,0.5633,9.1293,3115,32,3083,11.6655,True,392,2025-09-09T13:36:33.329617+00:00,192,2,
BIKE-L3,KEM,0.5,512,1.5795,0.2826,5.9251,3115,32,3083,7.7872,True,393,2025-09-09T13:36:33.438100+00:00,192,2,
BIKE-L3,KEM,0.5,512,1.4614,0.2395,5.007,3115,32,3083,6.708,True,394,2025-09-09T13:36:33.545473+00:00,192,2,
BIKE-L3,KEM,0.5,512,1.5491,0.2059,4.1979,3115,32,3083,5.953,True,395,2025-09-09T13:36:33.665137+00:00,192,2,
BIKE-L3,KEM,0.5,512,2.6346,0.2622,5.6104,3115,32,3083,8.5071,True,396,2025-09-09T13:36:33.774353+00:00,192,2,
BIKE-L3,KEM,0.5,512,1.5945,0.2956,6.9217,3115,32,3083,8.8117,True,397,2025-09-09T13:36:33.883892+00:00,192,2,
BIKE-L3,KEM,0.5,512,1.9664,0.2241,4.8965,3115,32,3083,7.0869,True,398,2025-09-09T13:36:33.991721+00:00,192,2,
BIKE-L3,KEM,0.5,512,1.5145,0.2293,5.1455,3115,32,3083,6.8893,True,399,2025-09-09T13:36:34.099342+00:00,192,2,
BIKE-L3,KEM,0.5,512,1.2784,0.2426,7.8521,3115,32,3083,9.3731,True,400,2025-09-09T13:36:34.210664+00:00,192,2,
BIKE-L3,KEM,1.0,1024,1.2648,0.1994,7.5261,3115,32,3083,8.9903,True,401,2025-09-09T13:36:34.320681+00:00,192,2,
BIKE-L3,KEM,1.0,1024,1.7991,0.3129,5.3414,3115,32,3083,7.4533,True,402,2025-09-09T13:36:34.429413+00:00,192,2,
BIKE-L3,KEM,1.0,1024,1.4991,0.2652,5.9559,3115,32,3083,7.7202,True,403,2025-09-09T13:36:34.538515+00:00,192,2,
BIKE-L3,KEM,1.0,1024,1.711,0.2727,5.6288,3115,32,3083,7.6124,True,404,2025-09-09T13:36:34.647251+00:00,192,2,
BIKE-L3,KEM,1.0,1024,1.402,0.2491,5.3047,3115,32,3083,6.9558,True,405,2025-09-09T13:36:34.755193+00:00,192,2,
BIKE-L3,KEM,1.0,1024,1.3827,0.2426,11.8675,3115,32,3083,13.4928,True,406,2025-09-09T13:36:34.870084+00:00,192,2,
BIKE-L3,KEM,1.0,1024,1.6305,0.2699,4.4626,3115,32,3083,6.363,True,407,2025-09-09T13:36:34.977346+00:00,192,2,
BIKE-L3,KEM,1.0,1024,1.6141,0.2554,5.1764,3115,32,3083,7.046,True,408,2025-09-09T13:36:35.085169+00:00,192,2,
BIKE-L3,KEM,1.0,1024,1.4441,0.3517,4.8612,3115,32,3083,6.6571,True,409,2025-09-09T13:36:35.193865+00:00,192,2,
BIKE-L3,KEM,1.0,1024,1.4539,0.2513,4.8515,3115,32,3083,6.5568,True,410,2025-09-09T13:36:35.301270+00:00,192,2,
BIKE-L3,KEM,1.0,1024,1.3793,0.2773,4.6062,3115,32,3083,6.2628,True,411,2025-09-09T13:36:35.408337+00:00,192,2,
BIKE-L3,KEM,1.0,1024,1.5963,0.2429,4.2098,3115,32,3083,6.0491,True,412,2025-09-09T13:36:35.515176+00:00,192,2,
BIKE-L3,KEM,1.0,1024,1.5964,0.2796,5.126,3115,32,3083,7.002,True,413,2025-09-09T13:36:35.623324+00:00,192,2,
BIKE-L3,KEM,1.0,1024,1.3771,0.2105,4.7293,3115,32,3083,6.3169,True,414,2025-09-09T13:36:35.730647+00:00,192,2,
BIKE-L3,KEM,1.0,1024,1.2833,0.2547,4.1231,3115,32,3083,5.6611,True,415,2025-09-09T13:36:35.837228+00:00,192,2,
BIKE-L3,KEM,1.0,1024,1.889,0.2656,7.0304,3115,32,3083,9.185,True,416,2025-09-09T13:36:35.947205+00:00,192,2,
BIKE-L3,KEM,1.0,1024,1.2685,0.2005,4.4716,3115,32,3083,5.9406,True,417,2025-09-09T13:36:36.054102+00:00,192,2,
BIKE-L3,KEM,1.0,1024,1.3963,0.2473,4.1102,3115,32,3083,5.7537,True,418,2025-09-09T13:36:36.171351+00:00,192,2,
BIKE-L3,KEM,1.0,1024,1.5378,10.7517,4.4119,3115,32,3083,16.7013,True,419,2025-09-09T13:36:36.289152+00:00,192,2,
BIKE-L3,KEM,1.0,1024,1.9796,0.2886,4.7316,3115,32,3083,6.9998,True,420,2025-09-09T13:36:36.397093+00:00,192,2,
BIKE-L3,KEM,1.0,1024,1.4256,0.2401,5.126,3115,32,3083,6.7916,True,421,2025-09-09T13:36:36.505241+00:00,192,2,
BIKE-L3,KEM,1.0,1024,1.7027,0.2551,4.913,3115,32,3083,6.8708,True,422,2025-09-09T13:36:36.613006+00:00,192,2,
BIKE-L3,KEM,1.0,1024,1.5101,0.2553,4.94,3115,32,3083,6.7054,True,423,2025-09-09T13:36:36.720490+00:00,192,2,
BIKE-L3,KEM,1.0,1024,1.3852,0.2482,9.1577,3115,32,3083,10.7911,True,424,2025-09-09T13:36:36.832069+00:00,192,2,
BIKE-L3,KEM,1.0,1024,1.3215,0.2597,7.6272,3115,32,3083,9.2085,True,425,2025-09-09T13:36:36.942416+00:00,192,2,
BIKE-L3,KEM,1.0,1024,1.5115,0.2461,5.8635,3115,32,3083,7.621,True,426,2025-09-09T13:36:37.050757+00:00,192,2,
BIKE-L3,KEM,1.0,1024,1.4735,0.2431,8.5788,3115,32,3083,10.2955,True,427,2025-09-09T13:36:37.161878+00:00,192,2,
BIKE-L3,KEM,1.0,1024,1.339,0.2726,3.7624,3115,32,3083,5.374,True,428,2025-09-09T13:36:37.268740+00:00,192,2,
BIKE-L3,KEM,1.0,1024,1.5207,0.2947,5.3248,3115,32,3083,7.1403,True,429,2025-09-09T13:36:37.376741+00:00,192,2,
BIKE-L3,KEM,1.0,1024,1.4225,0.24,4.2167,3115,32,3083,5.8792,True,430,2025-09-09T13:36:37.488220+00:00,192,2,
BIKE-L3,KEM,1.0,1024,1.6113,0.2599,4.3102,3115,32,3083,6.1814,True,431,2025-09-09T13:36:37.596419+00:00,192,2,
BIKE-L3,KEM,1.0,1024,1.339,0.1999,4.3504,3115,32,3083,5.8893,True,432,2025-09-09T13:36:37.703201+00:00,192,2,
BIKE-L3,KEM,1.0,1024,1.3155,0.2381,5.2362,3115,32,3083,6.7899,True,433,2025-09-09T13:36:37.810982+00:00,192,2,
BIKE-L3,KEM,1.0,1024,1.5374,0.3075,14.2022,3115,32,3083,16.0471,True,434,2025-09-09T13:36:37.927836+00:00,192,2,
BIKE-L3,KEM,1.0,1024,1.5215,0.2359,4.4629,3115,32,3083,6.2203,True,435,2025-09-09T13:36:38.035209+00:00,192,2,
BIKE-L3,KEM,1.0,1024,1.5368,0.2403,5.2895,3115,32,3083,7.0666,True,436,2025-09-09T13:36:38.147199+00:00,192,2,
BIKE-L3,KEM,1.0,1024,1.3017,0.2636,8.4315,3115,32,3083,9.9967,True,437,2025-09-09T13:36:38.262316+00:00,192,2,
BIKE-L3,KEM,1.0,1024,1.7961,0.2399,6.8735,3115,32,3083,8.9095,True,438,2025-09-09T13:36:38.372488+00:00,192,2,
BIKE-L3,KEM,1.0,1024,1.4843,0.2739,8.8294,3115,32,3083,10.5875,True,439,2025-09-09T13:36:38.484083+00:00,192,2,
BIKE-L3,KEM,1.0,1024,1.3422,0.1985,4.279,3115,32,3083,5.8198,True,440,2025-09-09T13:36:38.590818+00:00,192,2,
BIKE-L3,KEM,1.0,1024,1.8287,0.2498,4.775,3115,32,3083,6.8534,True,441,2025-09-09T13:36:38.698638+00:00,192,2,
BIKE-L3,KEM,1.0,1024,1.5679,0.1831,4.0944,3115,32,3083,5.8455,True,442,2025-09-09T13:36:38.806415+00:00,192,2,
BIKE-L3,KEM,1.0,1024,1.3757,0.2498,5.1158,3115,32,3083,6.7413,True,443,2025-09-09T13:36:38.914289+00:00,192,2,
BIKE-L3,KEM,1.0,1024,1.2671,0.2024,4.3746,3115,32,3083,5.844,True,444,2025-09-09T13:36:39.021769+00:00,192,2,
BIKE-L3,KEM,1.0,1024,1.4634,0.2108,4.6482,3115,32,3083,6.3224,True,445,2025-09-09T13:36:39.129015+00:00,192,2,
BIKE-L3,KEM,1.0,1024,1.9227,0.2445,5.6953,3115,32,3083,7.8625,True,446,2025-09-09T13:36:39.237860+00:00,192,2,
BIKE-L3,KEM,1.0,1024,1.6387,0.2412,10.1137,3115,32,3083,11.9936,True,447,2025-09-09T13:36:39.350757+00:00,192,2,
BIKE-L3,KEM,1.0,1024,1.3359,0.2352,5.9879,3115,32,3083,7.5589,True,448,2025-09-09T13:36:39.459199+00:00,192,2,
BIKE-L3,KEM,1.0,1024,1.5335,0.2335,4.3996,3115,32,3083,6.1666,True,449,2025-09-09T13:36:39.566358+00:00,192,2,
BIKE-L3,KEM,1.0,1024,1.4936,0.2377,4.8502,3115,32,3083,6.5814,True,450,2025-09-09T13:36:39.673753+00:00,192,2,
BIKE-L3,KEM,2.0,2048,1.4123,0.2136,4.572,3115,32,3083,6.1979,True,451,2025-09-09T13:36:39.781196+00:00,192,2,
BIKE-L3,KEM,2.0,2048,1.5488,0.241,4.4979,3115,32,3083,6.2877,True,452,2025-09-09T13:36:39.888690+00:00,192,2,
BIKE-L3,KEM,2.0,2048,1.4623,0.3539,18.4715,3115,32,3083,20.2878,True,453,2025-09-09T13:36:40.010135+00:00,192,2,
BIKE-L3,KEM,2.0,2048,1.3578,0.2292,4.884,3115,32,3083,6.4709,True,454,2025-09-09T13:36:40.117892+00:00,192,2,
BIKE-L3,KEM,2.0,2048,1.3271,0.2309,5.2073,3115,32,3083,6.7654,True,455,2025-09-09T13:36:40.227032+00:00,192,2,
BIKE-L3,KEM,2.0,2048,1.4202,0.262,4.9449,3115,32,3083,6.6272,True,456,2025-09-09T13:36:40.334679+00:00,192,2,
BIKE-L3,KEM,2.0,2048,1.3929,0.1839,3.9478,3115,32,3083,5.5246,True,457,2025-09-09T13:36:40.441589+00:00,192,2,
BIKE-L3,KEM,2.0,2048,1.315,0.1756,4.4754,3115,32,3083,5.966,True,458,2025-09-09T13:36:40.554533+00:00,192,2,
BIKE-L3,KEM,2.0,2048,1.3111,0.2376,4.9577,3115,32,3083,6.5064,True,459,2025-09-09T13:36:40.670635+00:00,192,2,
BIKE-L3,KEM,2.0,2048,1.355,0.2049,4.3546,3115,32,3083,5.9144,True,460,2025-09-09T13:36:40.777848+00:00,192,2,
BIKE-L3,KEM,2.0,2048,1.4617,0.2212,4.1415,3115,32,3083,5.8244,True,461,2025-09-09T13:36:40.885288+00:00,192,2,
BIKE-L3,KEM,2.0,2048,1.3709,0.2203,4.0758,3115,32,3083,5.667,True,462,2025-09-09T13:36:40.992155+00:00,192,2,
BIKE-L3,KEM,2.0,2048,1.3549,0.2141,4.5139,3115,32,3083,6.0829,True,463,2025-09-09T13:36:41.103623+00:00,192,2,
BIKE-L3,KEM,2.0,2048,1.2998,0.331,4.3941,3115,32,3083,6.0249,True,464,2025-09-09T13:36:41.210880+00:00,192,2,
BIKE-L3,KEM,2.0,2048,1.9425,0.2818,7.2278,3115,32,3083,9.4521,True,465,2025-09-09T13:36:41.321639+00:00,192,2,
BIKE-L3,KEM,2.0,2048,1.746,0.2628,5.7948,3115,32,3083,7.8036,True,466,2025-09-09T13:36:41.430579+00:00,192,2,
BIKE-L3,KEM,2.0,2048,1.4353,0.2849,4.4889,3115,32,3083,6.2091,True,467,2025-09-09T13:36:41.538251+00:00,192,2,
BIKE-L3,KEM,2.0,2048,1.6817,0.2516,5.0319,3115,32,3083,6.9652,True,468,2025-09-09T13:36:41.647129+00:00,192,2,
BIKE-L3,KEM,2.0,2048,1.4981,0.2339,14.9339,3115,32,3083,16.6658,True,469,2025-09-09T13:36:41.765191+00:00,192,2,
BIKE-L3,KEM,2.0,2048,1.4088,0.2623,4.3614,3115,32,3083,6.0325,True,470,2025-09-09T13:36:41.872080+00:00,192,2,
BIKE-L3,KEM,2.0,2048,1.4083,0.2271,4.4492,3115,32,3083,6.0845,True,471,2025-09-09T13:36:41.979382+00:00,192,2,
BIKE-L3,KEM,2.0,2048,1.3191,0.2097,5.0549,3115,32,3083,6.5836,True,472,2025-09-09T13:36:42.087039+00:00,192,2,
BIKE-L3,KEM,2.0,2048,1.4621,0.4452,7.2154,3115,32,3083,9.1228,True,473,2025-09-09T13:36:42.197279+00:00,192,2,
BIKE-L3,KEM,2.0,2048,1.3958,0.2201,4.9347,3115,32,3083,6.5506,True,474,2025-09-09T13:36:42.305043+00:00,192,2,
BIKE-L3,KEM,2.0,2048,1.5147,0.1985,4.3111,3115,32,3083,6.0243,True,475,2025-09-09T13:36:42.412155+00:00,192,2,
BIKE-L3,KEM,2.0,2048,1.5163,0.2038,4.3007,3115,32,3083,6.0208,True,476,2025-09-09T13:36:42.519381+00:00,192,2,
BIKE-L3,KEM,2.0,2048,1.4311,0.4416,4.2329,3115,32,3083,6.1056,True,477,2025-09-09T13:36:42.626666+00:00,192,2,
BIKE-L3,KEM,2.0,2048,1.7983,0.2471,6.0912,3115,32,3083,8.1366,True,478,2025-09-09T13:36:42.736077+00:00,192,2,
BIKE-L3,KEM,2.0,2048,1.3312,0.2202,4.4631,3115,32,3083,6.0145,True,479,2025-09-09T13:36:42.843115+00:00,192,2,
BIKE-L3,KEM,2.0,2048,1.3013,0.1903,4.2992,3115,32,3083,5.7908,True,480,2025-09-09T13:36:42.950201+00:00,192,2,
BIKE-L3,KEM,2.0,2048,1.5532,0.2681,4.9263,3115,32,3083,6.7477,True,481,2025-09-09T13:36:43.057907+00:00,192,2,
BIKE-L3,KEM,2.0,2048,1.616,0.2663,5.4212,3115,32,3083,7.3035,True,482,2025-09-09T13:36:43.166430+00:00,192,2,
BIKE-L3,KEM,2.0,2048,1.7578,0.2722,5.2763,3115,32,3083,7.3063,True,483,2025-09-09T13:36:43.274927+00:00,192,2,
BIKE-L3,KEM,2.0,2048,1.8082,0.4712,4.9895,3115,32,3083,7.2689,True,484,2025-09-09T13:36:43.383487+00:00,192,2,
BIKE-L3,KEM,2.0,2048,1.4747,0.2517,13.5576,3115,32,3083,15.284,True,485,2025-09-09T13:36:43.511372+00:00,192,2,
BIKE-L3,KEM,2.0,2048,0.908,0.1697,5.452,3115,32,3083,6.5296,True,486,2025-09-09T13:36:43.630368+00:00,192,2,
BIKE-L3,KEM,2.0,2048,1.4703,0.2594,15.193,3115,32,3083,16.9228,True,487,2025-09-09T13:36:43.753007+00:00,192,2,
BIKE-L3,KEM,2.0,2048,1.5356,0.2121,5.4256,3115,32,3083,7.1733,True,488,2025-09-09T13:36:43.863336+00:00,192,2,
BIKE-L3,KEM,2.0,2048,1.4295,0.2392,4.4951,3115,32,3083,6.1638,True,489,2025-09-09T13:36:43.970786+00:00,192,2,
BIKE-L3,KEM,2.0,2048,1.3575,0.2301,5.0641,3115,32,3083,6.6517,True,490,2025-09-09T13:36:44.078647+00:00,192,2,
BIKE-L3,KEM,2.0,2048,1.3378,0.2444,4.0576,3115,32,3083,5.6398,True,491,2025-09-09T13:36:44.185601+00:00,192,2,
BIKE-L3,KEM,2.0,2048,1.4576,0.2638,4.4447,3115,32,3083,6.1662,True,492,2025-09-09T13:36:44.292914+00:00,192,2,
BIKE-L3,KEM,2.0,2048,1.7108,0.248,5.4416,3115,32,3083,7.4003,True,493,2025-09-09T13:36:44.401424+00:00,192,2,
BIKE-L3,KEM,2.0,2048,1.4427,0.2642,5.2816,3115,32,3083,6.9884,True,494,2025-09-09T13:36:44.509418+00:00,192,2,
BIKE-L3,KEM,2.0,2048,1.3926,0.2519,4.3743,3115,32,3083,6.0187,True,495,2025-09-09T13:36:44.616386+00:00,192,2,
BIKE-L3,KEM,2.0,2048,1.3589,0.2217,4.5053,3115,32,3083,6.086,True,496,2025-09-09T13:36:44.723689+00:00,192,2,
BIKE-L3,KEM,2.0,2048,1.6097,0.3175,6.701,3115,32,3083,8.6281,True,497,2025-09-09T13:36:44.833423+00:00,192,2,
BIKE-L3,KEM,2.0,2048,1.4411,0.2717,5.1192,3115,32,3083,6.8319,True,498,2025-09-09T13:36:44.941456+00:00,192,2,
BIKE-L3,KEM,2.0,2048,1.4534,0.2433,5.1257,3115,32,3083,6.8224,True,499,2025-09-09T13:36:45.062343+00:00,192,2,
BIKE-L3,KEM,2.0,2048,1.6608,0.2301,5.2482,3115,32,3083,7.139,True,500,2025-09-09T13:36:45.170758+00:00,192,2,
BIKE-L3,KEM,5.0,5120,1.9597,0.2772,5.8142,3115,32,3083,8.051,True,501,2025-09-09T13:36:45.280526+00:00,192,2,
BIKE-L3,KEM,5.0,5120,1.4418,0.2389,5.2531,3115,32,3083,6.9338,True,502,2025-09-09T13:36:45.390405+00:00,192,2,
BIKE-L3,KEM,5.0,5120,1.3152,0.2041,4.8669,3115,32,3083,6.3862,True,503,2025-09-09T13:36:45.498825+00:00,192,2,
BIKE-L3,KEM,5.0,5120,1.3613,0.2351,5.7089,3115,32,3083,7.3053,True,504,2025-09-09T13:36:45.608559+00:00,192,2,
BIKE-L3,KEM,5.0,5120,1.3817,0.1948,4.2083,3115,32,3083,5.7847,True,505,2025-09-09T13:36:45.717452+00:00,192,2,
BIKE-L3,KEM,5.0,5120,1.6414,0.2724,4.2718,3115,32,3083,6.1856,True,506,2025-09-09T13:36:45.825319+00:00,192,2,
BIKE-L3,KEM,5.0,5120,1.3797,0.2347,5.4871,3115,32,3083,7.1015,True,507,2025-09-09T13:36:45.933976+00:00,192,2,
BIKE-L3,KEM,5.0,5120,1.3933,0.2099,4.3536,3115,32,3083,5.9568,True,508,2025-09-09T13:36:46.042029+00:00,192,2,
BIKE-L3,KEM,5.0,5120,1.303,0.1858,4.4538,3115,32,3083,5.9425,True,509,2025-09-09T13:36:46.150300+00:00,192,2,
BIKE-L3,KEM,5.0,5120,1.4742,0.2315,4.8603,3115,32,3083,6.566,True,510,2025-09-09T13:36:46.258616+00:00,192,2,
BIKE-L3,KEM,5.0,5120,1.6147,0.2118,5.1115,3115,32,3083,6.9379,True,511,2025-09-09T13:36:46.367649+00:00,192,2,
BIKE-L3,KEM,5.0,5120,1.3766,0.2146,3.8428,3115,32,3083,5.4341,True,512,2025-09-09T13:36:46.475467+00:00,192,2,
BIKE-L3,KEM,5.0,5120,1.5176,0.2597,4.8686,3115,32,3083,6.6459,True,513,2025-09-09T13:36:46.583788+00:00,192,2,
BIKE-L3,KEM,5.0,5120,1.3437,0.2352,5.0043,3115,32,3083,6.5832,True,514,2025-09-09T13:36:46.691944+00:00,192,2,
BIKE-L3,KEM,5.0,5120,1.4,0.2931,4.6132,3115,32,3083,6.3063,True,515,2025-09-09T13:36:46.800067+00:00,192,2,
BIKE-L3,KEM,5.0,5120,1.5418,0.2443,4.28,3115,32,3083,6.0662,True,516,2025-09-09T13:36:46.908424+00:00,192,2,
BIKE-L3,KEM,5.0,5120,1.4266,0.2199,4.5543,3115,32,3083,6.2008,True,517,2025-09-09T13:36:47.016635+00:00,192,2,
BIKE-L3,KEM,5.0,5120,1.4167,0.2171,3.9297,3115,32,3083,5.5635,True,518,2025-09-09T13:36:47.124339+00:00,192,2,
BIKE-L3,KEM,5.0,5120,1.7234,0.2474,6.1882,3115,32,3083,8.159,True,519,2025-09-09T13:36:47.234467+00:00,192,2,
BIKE-L3,KEM,5.0,5120,1.3218,0.2224,7.2322,3115,32,3083,8.7764,True,520,2025-09-09T13:36:47.345212+00:00,192,2,
BIKE-L3,KEM,5.0,5120,1.1324,0.1936,4.6323,3115,32,3083,5.9582,True,521,2025-09-09T13:36:47.453332+00:00,192,2,
BIKE-L3,KEM,5.0,5120,1.2817,0.1624,4.6231,3115,32,3083,6.0672,True,522,2025-09-09T13:36:47.562032+00:00,192,2,
BIKE-L3,KEM,5.0,5120,1.387,0.2404,5.1458,3115,32,3083,6.7731,True,523,2025-09-09T13:36:47.670474+00:00,192,2,
BIKE-L3,KEM,5.0,5120,1.6366,0.2159,5.2135,3115,32,3083,7.0659,True,524,2025-09-09T13:36:47.779623+00:00,192,2,
BIKE-L3,KEM,5.0,5120,1.5198,0.2478,5.0909,3115,32,3083,6.8586,True,525,2025-09-09T13:36:47.888053+00:00,192,2,
BIKE-L3,KEM,5.0,5120,1.4576,0.2377,4.3159,3115,32,3083,6.0111,True,526,2025-09-09T13:36:47.996078+00:00,192,2,
BIKE-L3,KEM,5.0,5120,1.4846,0.1943,4.2368,3115,32,3083,5.9157,True,527,2025-09-09T13:36:48.104261+00:00,192,2,
BIKE-L3,KEM,5.0,5120,1.4302,0.2554,8.0764,3115,32,3083,9.762,True,528,2025-09-09T13:36:48.215906+00:00,192,2,
BIKE-L3,KEM,5.0,5120,1.412,0.2632,10.6013,3115,32,3083,12.2765,True,529,2025-09-09T13:36:48.329885+00:00,192,2,
BIKE-L3,KEM,5.0,5120,1.5045,0.2865,4.3821,3115,32,3083,6.173,True,530,2025-09-09T13:36:48.437755+00:00,192,2,
BIKE-L3,KEM,5.0,5120,2.4473,3.1475,6.6989,3115,32,3083,12.2936,True,531,2025-09-09T13:36:48.558470+00:00,192,2,
BIKE-L3,KEM,5.0,5120,1.3903,0.2141,4.3182,3115,32,3083,5.9226,True,532,2025-09-09T13:36:48.666108+00:00,192,2,
BIKE-L3,KEM,5.0,5120,1.4123,0.2086,4.3731,3115,32,3083,5.994,True,533,2025-09-09T13:36:48.774355+00:00,192,2,
BIKE-L3,KEM,5.0,5120,1.4632,0.2428,5.7938,3115,32,3083,7.4999,True,534,2025-09-09T13:36:48.883642+00:00,192,2,
BIKE-L3,KEM,5.0,5120,1.293,0.194,4.3506,3115,32,3083,5.8377,True,535,2025-09-09T13:36:48.991287+00:00,192,2,
BIKE-L3,KEM,5.0,5120,1.4648,0.249,4.0105,3115,32,3083,5.7243,True,536,2025-09-09T13:36:49.104070+00:00,192,2,
BIKE-L3,KEM,5.0,5120,1.5642,0.208,4.2277,3115,32,3083,5.9999,True,537,2025-09-09T13:36:49.212441+00:00,192,2,
BIKE-L3,KEM,5.0,5120,1.5006,0.2841,4.9187,3115,32,3083,6.7034,True,538,2025-09-09T13:36:49.321357+00:00,192,2,
BIKE-L3,KEM,5.0,5120,1.4746,0.2454,10.2693,3115,32,3083,11.9892,True,539,2025-09-09T13:36:49.435747+00:00,192,2,
BIKE-L3,KEM,5.0,5120,1.6443,0.748,8.6027,3115,32,3083,10.9951,True,540,2025-09-09T13:36:49.548679+00:00,192,2,
BIKE-L3,KEM,5.0,5120,1.5779,0.304,6.5483,3115,32,3083,8.4303,True,541,2025-09-09T13:36:49.658693+00:00,192,2,
BIKE-L3,KEM,5.0,5120,1.3863,0.2306,5.2107,3115,32,3083,6.8276,True,542,2025-09-09T13:36:49.767422+00:00,192,2,
BIKE-L3,KEM,5.0,5120,1.4614,0.2546,5.8286,3115,32,3083,7.5446,True,543,2025-09-09T13:36:49.877051+00:00,192,2,
BIKE-L3,KEM,5.0,5120,1.4875,0.246,4.976,3115,32,3083,6.7095,True,544,2025-09-09T13:36:49.986066+00:00,192,2,
BIKE-L3,KEM,5.0,5120,1.5866,0.2201,5.6134,3115,32,3083,7.4201,True,545,2025-09-09T13:36:50.095587+00:00,192,2,
BIKE-L3,KEM,5.0,5120,1.7987,0.493,6.3685,3115,32,3083,8.6602,True,546,2025-09-09T13:36:50.205993+00:00,192,2,
BIKE-L3,KEM,5.0,5120,1.7509,0.3904,10.6725,3115,32,3083,12.8138,True,547,2025-09-09T13:36:50.321477+00:00,192,2,
BIKE-L3,KEM,5.0,5120,1.5716,0.3001,5.8422,3115,32,3083,7.7139,True,548,2025-09-09T13:36:50.431541+00:00,192,2,
BIKE-L3,KEM,5.0,5120,1.4813,0.2685,5.3432,3115,32,3083,7.093,True,549,2025-09-09T13:36:50.540680+00:00,192,2,
BIKE-L3,KEM,5.0,5120,1.4922,0.2648,10.4387,3115,32,3083,12.1956,True,550,2025-09-09T13:36:50.655097+00:00,192,2,
BIKE-L3,KEM,10.0,10240,1.9007,0.3389,5.3201,3115,32,3083,7.5597,True,551,2025-09-09T13:36:50.766177+00:00,192,2,
BIKE-L3,KEM,10.0,10240,1.3544,0.2745,12.8071,3115,32,3083,14.436,True,552,2025-09-09T13:36:50.883282+00:00,192,2,
BIKE-L3,KEM,10.0,10240,1.4423,0.2859,12.0811,3115,32,3083,13.8094,True,553,2025-09-09T13:36:51.000155+00:00,192,2,
BIKE-L3,KEM,10.0,10240,1.3943,0.2545,4.8401,3115,32,3083,6.4888,True,554,2025-09-09T13:36:51.109175+00:00,192,2,
BIKE-L3,KEM,10.0,10240,1.2769,0.2378,10.0493,3115,32,3083,11.564,True,555,2025-09-09T13:36:51.223744+00:00,192,2,
BIKE-L3,KEM,10.0,10240,1.3871,0.2809,5.6257,3115,32,3083,7.2937,True,556,2025-09-09T13:36:51.333549+00:00,192,2,
BIKE-L3,KEM,10.0,10240,1.6147,0.2264,5.0926,3115,32,3083,6.9336,True,557,2025-09-09T13:36:51.445741+00:00,192,2,
BIKE-L3,KEM,10.0,10240,1.6151,0.2787,5.3938,3115,32,3083,7.2876,True,558,2025-09-09T13:36:51.556824+00:00,192,2,
BIKE-L3,KEM,10.0,10240,1.5856,0.1965,3.3979,3115,32,3083,5.18,True,559,2025-09-09T13:36:51.665641+00:00,192,2,
BIKE-L3,KEM,10.0,10240,1.7543,0.2696,11.3209,3115,32,3083,13.3447,True,560,2025-09-09T13:36:51.782563+00:00,192,2,
BIKE-L3,KEM,10.0,10240,1.409,0.2223,6.0198,3115,32,3083,7.6511,True,561,2025-09-09T13:36:51.894913+00:00,192,2,
BIKE-L3,KEM,10.0,10240,1.9179,0.6491,5.2394,3115,32,3083,7.8064,True,562,2025-09-09T13:36:52.006022+00:00,192,2,
BIKE-L3,KEM,10.0,10240,1.3925,0.2425,5.3101,3115,32,3083,6.9451,True,563,2025-09-09T13:36:52.117113+00:00,192,2,
BIKE-L3,KEM,10.0,10240,1.4379,0.2619,6.3163,3115,32,3083,8.0162,True,564,2025-09-09T13:36:52.229143+00:00,192,2,
BIKE-L3,KEM,10.0,10240,1.7721,0.4851,7.2341,3115,32,3083,9.4913,True,565,2025-09-09T13:36:52.342514+00:00,192,2,
BIKE-L3,KEM,10.0,10240,1.3554,0.3726,5.3445,3115,32,3083,7.0725,True,566,2025-09-09T13:36:52.453144+00:00,192,2,
BIKE-L3,KEM,10.0,10240,1.3676,0.1986,5.82,3115,32,3083,7.3862,True,567,2025-09-09T13:36:52.564573+00:00,192,2,
BIKE-L3,KEM,10.0,10240,1.0019,0.1477,5.8941,3115,32,3083,7.0437,True,568,2025-09-09T13:36:52.674792+00:00,192,2,
BIKE-L3,KEM,10.0,10240,1.3745,0.428,5.1684,3115,32,3083,6.9709,True,569,2025-09-09T13:36:52.784550+00:00,192,2,
BIKE-L3,KEM,10.0,10240,1.3878,0.2494,4.7658,3115,32,3083,6.403,True,570,2025-09-09T13:36:52.895799+00:00,192,2,
BIKE-L3,KEM,10.0,10240,4.7855,0.249,4.6069,3115,32,3083,9.6413,True,571,2025-09-09T13:36:53.009344+00:00,192,2,
BIKE-L3,KEM,10.0,10240,1.3906,0.201,4.2458,3115,32,3083,5.8374,True,572,2025-09-09T13:36:53.119287+00:00,192,2,
BIKE-L3,KEM,10.0,10240,1.3492,0.2122,4.5765,3115,32,3083,6.138,True,573,2025-09-09T13:36:53.229250+00:00,192,2,
BIKE-L3,KEM,10.0,10240,1.3689,0.2266,4.919,3115,32,3083,6.5145,True,574,2025-09-09T13:36:53.339429+00:00,192,2,
BIKE-L3,KEM,10.0,10240,1.5458,0.2256,4.7177,3115,32,3083,6.4891,True,575,2025-09-09T13:36:53.449513+00:00,192,2,
BIKE-L3,KEM,10.0,10240,1.8111,0.2486,4.9108,3115,32,3083,6.9706,True,576,2025-09-09T13:36:53.560908+00:00,192,2,
BIKE-L3,KEM,10.0,10240,1.2462,0.1963,4.9339,3115,32,3083,6.3764,True,577,2025-09-09T13:36:53.671014+00:00,192,2,
BIKE-L3,KEM,10.0,10240,1.703,0.25,5.0826,3115,32,3083,7.0356,True,578,2025-09-09T13:36:53.781178+00:00,192,2,
BIKE-L3,KEM,10.0,10240,1.6865,0.2833,5.4778,3115,32,3083,7.4476,True,579,2025-09-09T13:36:53.892035+00:00,192,2,
BIKE-L3,KEM,10.0,10240,1.4848,0.291,8.6944,3115,32,3083,10.4702,True,580,2025-09-09T13:36:54.005400+00:00,192,2,
BIKE-L3,KEM,10.0,10240,1.5178,0.2984,5.035,3115,32,3083,6.8512,True,581,2025-09-09T13:36:54.116501+00:00,192,2,
BIKE-L3,KEM,10.0,10240,1.4745,0.3709,4.4142,3115,32,3083,6.2596,True,582,2025-09-09T13:36:54.225536+00:00,192,2,
BIKE-L3,KEM,10.0,10240,1.4909,0.2806,4.7913,3115,32,3083,6.5629,True,583,2025-09-09T13:36:54.336412+00:00,192,2,
BIKE-L3,KEM,10.0,10240,1.7842,0.2693,5.7668,3115,32,3083,7.8204,True,584,2025-09-09T13:36:54.447920+00:00,192,2,
BIKE-L3,KEM,10.0,10240,1.4399,0.2357,5.0959,3115,32,3083,6.7715,True,585,2025-09-09T13:36:54.557788+00:00,192,2,
BIKE-L3,KEM,10.0,10240,1.3102,0.2686,5.6452,3115,32,3083,7.224,True,586,2025-09-09T13:36:54.668311+00:00,192,2,
BIKE-L3,KEM,10.0,10240,1.6372,0.2752,5.9986,3115,32,3083,7.911,True,587,2025-09-09T13:36:54.779157+00:00,192,2,
BIKE-L3,KEM,10.0,10240,1.5674,0.2797,7.1994,3115,32,3083,9.0465,True,588,2025-09-09T13:36:54.891421+00:00,192,2,
BIKE-L3,KEM,10.0,10240,1.499,0.2076,5.4225,3115,32,3083,7.1291,True,589,2025-09-09T13:36:55.001334+00:00,192,2,
BIKE-L3,KEM,10.0,10240,1.2155,0.173,4.0754,3115,32,3083,5.4639,True,590,2025-09-09T13:36:55.110147+00:00,192,2,
BIKE-L3,KEM,10.0,10240,1.3747,0.2556,4.6602,3115,32,3083,6.2904,True,591,2025-09-09T13:36:55.222471+00:00,192,2,
BIKE-L3,KEM,10.0,10240,1.5501,0.2936,5.8375,3115,32,3083,7.6811,True,592,2025-09-09T13:36:55.333501+00:00,192,2,
BIKE-L3,KEM,10.0,10240,1.6025,0.2545,4.7518,3115,32,3083,6.6088,True,593,2025-09-09T13:36:55.450493+00:00,192,2,
BIKE-L3,KEM,10.0,10240,2.3498,0.2341,4.4083,3115,32,3083,6.9922,True,594,2025-09-09T13:36:55.561271+00:00,192,2,
BIKE-L3,KEM,10.0,10240,1.4858,0.2532,5.6724,3115,32,3083,7.4114,True,595,2025-09-09T13:36:55.671704+00:00,192,2,
BIKE-L3,KEM,10.0,10240,1.561,0.2418,5.3151,3115,32,3083,7.1179,True,596,2025-09-09T13:36:55.781815+00:00,192,2,
BIKE-L3,KEM,10.0,10240,1.3824,0.2241,4.7735,3115,32,3083,6.38,True,597,2025-09-09T13:36:55.892107+00:00,192,2,
BIKE-L3,KEM,10.0,10240,2.1866,0.2959,6.1069,3115,32,3083,8.5894,True,598,2025-09-09T13:36:56.009537+00:00,192,2,
BIKE-L3,KEM,10.0,10240,1.6784,0.2743,5.0292,3115,32,3083,6.9819,True,599,2025-09-09T13:36:56.120250+00:00,192,2,
BIKE-L3,KEM,10.0,10240,1.3588,0.2385,4.1122,3115,32,3083,5.7094,True,600,2025-09-09T13:36:56.229410+00:00,192,2,
BIKE-L5,KEM,0.1,102,4.7265,0.5935,12.3554,5154,32,5122,17.6754,True,601,2025-09-09T13:36:56.354758+00:00,256,3,
BIKE-L5,KEM,0.1,102,4.7157,0.453,12.2181,5154,32,5122,17.3868,True,602,2025-09-09T13:36:56.473068+00:00,256,3,
BIKE-L5,KEM,0.1,102,3.841,0.4656,18.5091,5154,32,5122,22.8157,True,603,2025-09-09T13:36:56.596482+00:00,256,3,
BIKE-L5,KEM,0.1,102,4.5984,0.5178,27.5002,5154,32,5122,32.6165,True,604,2025-09-09T13:36:56.733821+00:00,256,3,
BIKE-L5,KEM,0.1,102,5.2634,0.6204,13.0691,5154,32,5122,18.9528,True,605,2025-09-09T13:36:56.853960+00:00,256,3,
BIKE-L5,KEM,0.1,102,4.0655,0.4747,14.2794,5154,32,5122,18.8196,True,606,2025-09-09T13:36:56.973390+00:00,256,3,
BIKE-L5,KEM,0.1,102,3.4604,0.4836,11.5204,5154,32,5122,15.4644,True,607,2025-09-09T13:36:57.091133+00:00,256,3,
BIKE-L5,KEM,0.1,102,3.5949,0.4475,18.7582,5154,32,5122,22.8007,True,608,2025-09-09T13:36:57.214812+00:00,256,3,
BIKE-L5,KEM,0.1,102,3.7721,1.5936,16.0397,5154,32,5122,21.4055,True,609,2025-09-09T13:36:57.336857+00:00,256,3,
BIKE-L5,KEM,0.1,102,3.4672,0.4911,19.6135,5154,32,5122,23.5717,True,610,2025-09-09T13:36:57.465629+00:00,256,3,
BIKE-L5,KEM,0.1,102,3.7163,0.5163,12.9869,5154,32,5122,17.2195,True,611,2025-09-09T13:36:57.584387+00:00,256,3,
BIKE-L5,KEM,0.1,102,3.8467,0.444,9.7747,5154,32,5122,14.0654,True,612,2025-09-09T13:36:57.702239+00:00,256,3,
BIKE-L5,KEM,0.1,102,3.7887,0.4456,29.9148,5154,32,5122,34.1491,True,613,2025-09-09T13:36:57.840499+00:00,256,3,
BIKE-L5,KEM,0.1,102,3.3512,0.4643,13.7914,5154,32,5122,17.6069,True,614,2025-09-09T13:36:57.958623+00:00,256,3,
BIKE-L5,KEM,0.1,102,3.8529,0.4595,10.8255,5154,32,5122,15.1379,True,615,2025-09-09T13:36:58.074375+00:00,256,3,
BIKE-L5,KEM,0.1,102,3.4313,0.4467,11.8272,5154,32,5122,15.7052,True,616,2025-09-09T13:36:58.190970+00:00,256,3,
BIKE-L5,KEM,0.1,102,3.6776,0.4138,13.2353,5154,32,5122,17.3267,True,617,2025-09-09T13:36:58.310111+00:00,256,3,
BIKE-L5,KEM,0.1,102,3.495,0.8898,13.0711,5154,32,5122,17.4559,True,618,2025-09-09T13:36:58.428619+00:00,256,3,
BIKE-L5,KEM,0.1,102,3.5925,0.4639,11.6846,5154,32,5122,15.741,True,619,2025-09-09T13:36:58.545108+00:00,256,3,
BIKE-L5,KEM,0.1,102,3.706,0.4446,15.9756,5154,32,5122,20.1262,True,620,2025-09-09T13:36:58.666301+00:00,256,3,
BIKE-L5,KEM,0.1,102,3.6091,0.4751,12.7829,5154,32,5122,16.867,True,621,2025-09-09T13:36:58.783875+00:00,256,3,
BIKE-L5,KEM,0.1,102,3.5542,0.4749,10.8715,5154,32,5122,14.9006,True,622,2025-09-09T13:36:58.900089+00:00,256,3,
BIKE-L5,KEM,0.1,102,3.714,0.9139,17.8078,5154,32,5122,22.4358,True,623,2025-09-09T13:36:59.026084+00:00,256,3,
BIKE-L5,KEM,0.1,102,3.5082,0.4672,14.9814,5154,32,5122,18.9568,True,624,2025-09-09T13:36:59.151028+00:00,256,3,
BIKE-L5,KEM,0.1,102,3.5003,0.5484,11.4503,5154,32,5122,15.499,True,625,2025-09-09T13:36:59.267119+00:00,256,3,
BIKE-L5,KEM,0.1,102,4.0248,0.408,10.1215,5154,32,5122,14.5542,True,626,2025-09-09T13:36:59.382440+00:00,256,3,
BIKE-L5,KEM,0.1,102,4.0027,0.66,13.1617,5154,32,5122,17.8245,True,627,2025-09-09T13:36:59.500855+00:00,256,3,
BIKE-L5,KEM,0.1,102,4.1487,0.4966,15.0658,5154,32,5122,19.7111,True,628,2025-09-09T13:36:59.621175+00:00,256,3,
BIKE-L5,KEM,0.1,102,3.6171,0.4184,11.4113,5154,32,5122,15.4468,True,629,2025-09-09T13:36:59.737239+00:00,256,3,
BIKE-L5,KEM,0.1,102,4.1008,0.8102,12.9309,5154,32,5122,17.8419,True,630,2025-09-09T13:36:59.861887+00:00,256,3,
BIKE-L5,KEM,0.1,102,3.6147,0.4692,11.4709,5154,32,5122,15.5549,True,631,2025-09-09T13:36:59.978061+00:00,256,3,
BIKE-L5,KEM,0.1,102,4.1985,0.5971,13.1853,5154,32,5122,17.9809,True,632,2025-09-09T13:37:00.096811+00:00,256,3,
BIKE-L5,KEM,0.1,102,4.6472,0.4789,16.733,5154,32,5122,21.8592,True,633,2025-09-09T13:37:00.229325+00:00,256,3,
BIKE-L5,KEM,0.1,102,4.1664,0.5949,15.6504,5154,32,5122,20.4117,True,634,2025-09-09T13:37:00.350507+00:00,256,3,
BIKE-L5,KEM,0.1,102,4.3734,0.5317,11.8212,5154,32,5122,16.7263,True,635,2025-09-09T13:37:00.469505+00:00,256,3,
BIKE-L5,KEM,0.1,102,3.4789,0.4502,11.9502,5154,32,5122,15.8794,True,636,2025-09-09T13:37:00.586156+00:00,256,3,
BIKE-L5,KEM,0.1,102,3.9883,0.51,17.211,5154,32,5122,21.7094,True,637,2025-09-09T13:37:00.708512+00:00,256,3,
BIKE-L5,KEM,0.1,102,3.6681,0.473,12.1773,5154,32,5122,16.3184,True,638,2025-09-09T13:37:00.825391+00:00,256,3,
BIKE-L5,KEM,0.1,102,3.7688,0.4353,10.8877,5154,32,5122,15.0918,True,639,2025-09-09T13:37:00.959369+00:00,256,3,
BIKE-L5,KEM,0.1,102,3.6195,0.4525,11.6802,5154,32,5122,15.7523,True,640,2025-09-09T13:37:01.075698+00:00,256,3,
BIKE-L5,KEM,0.1,102,3.5562,0.4595,10.0044,5154,32,5122,14.0201,True,641,2025-09-09T13:37:01.191238+00:00,256,3,
BIKE-L5,KEM,0.1,102,6.6343,0.5056,24.3387,5154,32,5122,31.4785,True,642,2025-09-09T13:37:01.323489+00:00,256,3,
BIKE-L5,KEM,0.1,102,3.3076,0.3159,12.4429,5154,32,5122,16.0664,True,643,2025-09-09T13:37:01.440526+00:00,256,3,
BIKE-L5,KEM,0.1,102,3.3716,0.4738,11.3119,5154,32,5122,15.1573,True,644,2025-09-09T13:37:01.556327+00:00,256,3,
BIKE-L5,KEM,0.1,102,3.5332,0.4673,11.6069,5154,32,5122,15.6075,True,645,2025-09-09T13:37:01.672549+00:00,256,3,
BIKE-L5,KEM,0.1,102,3.3179,0.4405,15.1964,5154,32,5122,18.9548,True,646,2025-09-09T13:37:01.792143+00:00,256,3,
BIKE-L5,KEM,0.1,102,3.6253,0.431,10.1869,5154,32,5122,14.2432,True,647,2025-09-09T13:37:01.906950+00:00,256,3,
BIKE-L5,KEM,0.1,102,3.5908,0.5604,12.9753,5154,32,5122,17.1265,True,648,2025-09-09T13:37:02.024669+00:00,256,3,
BIKE-L5,KEM,0.1,102,3.4192,0.4392,11.3155,5154,32,5122,15.1738,True,649,2025-09-09T13:37:02.140451+00:00,256,3,
BIKE-L5,KEM,0.1,102,3.5996,0.5157,11.322,5154,32,5122,15.4373,True,650,2025-09-09T13:37:02.256519+00:00,256,3,
BIKE-L5,KEM,0.5,512,3.5979,0.4261,20.609,5154,32,5122,24.6329,True,651,2025-09-09T13:37:02.383581+00:00,256,3,
BIKE-L5,KEM,0.5,512,3.6531,0.5964,17.9894,5154,32,5122,22.2389,True,652,2025-09-09T13:37:02.509314+00:00,256,3,
BIKE-L5,KEM,0.5,512,4.0555,0.478,22.9282,5154,32,5122,27.4617,True,653,2025-09-09T13:37:02.637443+00:00,256,3,
BIKE-L5,KEM,0.5,512,4.055,0.4923,23.3935,5154,32,5122,27.9408,True,654,2025-09-09T13:37:02.766198+00:00,256,3,
BIKE-L5,KEM,0.5,512,3.7093,0.45,11.6762,5154,32,5122,15.8356,True,655,2025-09-09T13:37:02.882716+00:00,256,3,
BIKE-L5,KEM,0.5,512,3.3882,0.5209,11.8374,5154,32,5122,15.7465,True,656,2025-09-09T13:37:02.999415+00:00,256,3,
BIKE-L5,KEM,0.5,512,3.7952,0.4675,10.1216,5154,32,5122,14.3842,True,657,2025-09-09T13:37:03.115917+00:00,256,3,
BIKE-L5,KEM,0.5,512,3.7514,0.5115,15.2143,5154,32,5122,19.4772,True,658,2025-09-09T13:37:03.236074+00:00,256,3,
BIKE-L5,KEM,0.5,512,3.5659,0.4301,13.2763,5154,32,5122,17.2723,True,659,2025-09-09T13:37:03.354204+00:00,256,3,
BIKE-L5,KEM,0.5,512,3.5439,0.4879,12.7516,5154,32,5122,16.7835,True,660,2025-09-09T13:37:03.471773+00:00,256,3,
BIKE-L5,KEM,0.5,512,8.5542,12.1239,35.6862,5154,32,5122,56.3643,True,661,2025-09-09T13:37:03.628847+00:00,256,3,
BIKE-L5,KEM,0.5,512,3.7184,0.4907,30.6746,5154,32,5122,34.8837,True,662,2025-09-09T13:37:03.764691+00:00,256,3,
BIKE-L5,KEM,0.5,512,3.6413,0.4878,16.7262,5154,32,5122,20.8553,True,663,2025-09-09T13:37:03.886338+00:00,256,3,
BIKE-L5,KEM,0.5,512,3.7061,0.5565,28.6852,5154,32,5122,32.9479,True,664,2025-09-09T13:37:04.020156+00:00,256,3,
BIKE-L5,KEM,0.5,512,3.4625,0.4843,23.5283,5154,32,5122,27.4751,True,665,2025-09-09T13:37:04.148275+00:00,256,3,
BIKE-L5,KEM,0.5,512,3.5355,0.4352,16.2764,5154,32,5122,20.2471,True,666,2025-09-09T13:37:04.269261+00:00,256,3,
BIKE-L5,KEM,0.5,512,3.8476,0.3707,11.5342,5154,32,5122,15.7525,True,667,2025-09-09T13:37:04.385729+00:00,256,3,
BIKE-L5,KEM,0.5,512,3.5602,0.4982,26.1705,5154,32,5122,30.2289,True,668,2025-09-09T13:37:04.516630+00:00,256,3,
BIKE-L5,KEM,0.5,512,3.9454,0.4805,24.3765,5154,32,5122,28.8024,True,669,2025-09-09T13:37:04.649168+00:00,256,3,
BIKE-L5,KEM,0.5,512,3.6513,0.4756,21.867,5154,32,5122,25.9939,True,670,2025-09-09T13:37:04.775967+00:00,256,3,
BIKE-L5,KEM,0.5,512,3.4062,0.4959,16.119,5154,32,5122,20.0212,True,671,2025-09-09T13:37:04.896673+00:00,256,3,
BIKE-L5,KEM,0.5,512,8.5735,0.4705,15.1423,5154,32,5122,24.1863,True,672,2025-09-09T13:37:05.027972+00:00,256,3,
BIKE-L5,KEM,0.5,512,4.7463,0.3732,22.9908,5154,32,5122,28.1103,True,673,2025-09-09T13:37:05.158066+00:00,256,3,
BIKE-L5,KEM,0.5,512,3.6759,0.4558,15.0276,5154,32,5122,19.1594,True,674,2025-09-09T13:37:05.278041+00:00,256,3,
BIKE-L5,KEM,0.5,512,7.1813,0.5178,30.4166,5154,32,5122,38.1158,True,675,2025-09-09T13:37:05.416795+00:00,256,3,
BIKE-L5,KEM,0.5,512,3.9709,0.4292,14.842,5154,32,5122,19.2421,True,676,2025-09-09T13:37:05.537050+00:00,256,3,
BIKE-L5,KEM,0.5,512,5.854,0.4318,12.4525,5154,32,5122,18.7383,True,677,2025-09-09T13:37:05.658731+00:00,256,3,
BIKE-L5,KEM,0.5,512,3.6991,0.5156,22.5159,5154,32,5122,26.7306,True,678,2025-09-09T13:37:05.787028+00:00,256,3,
BIKE-L5,KEM,0.5,512,6.4856,0.4441,34.5595,5154,32,5122,41.4892,True,679,2025-09-09T13:37:05.929529+00:00,256,3,
BIKE-L5,KEM,0.5,512,4.6322,0.4959,30.1086,5154,32,5122,35.2367,True,680,2025-09-09T13:37:06.068375+00:00,256,3,
BIKE-L5,KEM,0.5,512,3.448,0.8043,28.5301,5154,32,5122,32.7825,True,681,2025-09-09T13:37:06.204346+00:00,256,3,
BIKE-L5,KEM,0.5,512,3.9298,0.4776,18.6395,5154,32,5122,23.0469,True,682,2025-09-09T13:37:06.331144+00:00,256,3,
BIKE-L5,KEM,0.5,512,4.2181,0.5698,26.5397,5154,32,5122,31.3275,True,683,2025-09-09T13:37:06.468374+00:00,256,3,
BIKE-L5,KEM,0.5,512,3.7179,0.4754,16.2195,5154,32,5122,20.4128,True,684,2025-09-09T13:37:06.589474+00:00,256,3,
BIKE-L5,KEM,0.5,512,6.3115,2.2914,38.3818,5154,32,5122,46.9847,True,685,2025-09-09T13:37:06.737990+00:00,256,3,
BIKE-L5,KEM,0.5,512,3.7915,0.4176,13.8182,5154,32,5122,18.0274,True,686,2025-09-09T13:37:06.856719+00:00,256,3,
BIKE-L5,KEM,0.5,512,3.6705,0.4409,19.8354,5154,32,5122,23.9467,True,687,2025-09-09T13:37:06.981337+00:00,256,3,
BIKE-L5,KEM,0.5,512,5.0138,2.8219,25.7174,5154,32,5122,33.5531,True,688,2025-09-09T13:37:07.115629+00:00,256,3,
BIKE-L5,KEM,0.5,512,4.3426,0.4817,13.5484,5154,32,5122,18.3727,True,689,2025-09-09T13:37:07.234693+00:00,256,3,
BIKE-L5,KEM,0.5,512,3.3724,0.3773,24.1586,5154,32,5122,27.9082,True,690,2025-09-09T13:37:07.363353+00:00,256,3,
BIKE-L5,KEM,0.5,512,3.8943,0.5007,19.8175,5154,32,5122,24.2125,True,691,2025-09-09T13:37:07.488572+00:00,256,3,
BIKE-L5,KEM,0.5,512,3.8272,0.4554,20.0451,5154,32,5122,24.3278,True,692,2025-09-09T13:37:07.613532+00:00,256,3,
BIKE-L5,KEM,0.5,512,3.7138,0.484,16.8764,5154,32,5122,21.0742,True,693,2025-09-09T13:37:07.735869+00:00,256,3,
BIKE-L5,KEM,0.5,512,4.5334,0.8834,15.0411,5154,32,5122,20.4579,True,694,2025-09-09T13:37:07.857002+00:00,256,3,
BIKE-L5,KEM,0.5,512,3.3643,0.4468,11.5296,5154,32,5122,15.3407,True,695,2025-09-09T13:37:07.973056+00:00,256,3,
BIKE-L5,KEM,0.5,512,3.8903,0.4431,11.6145,5154,32,5122,15.9478,True,696,2025-09-09T13:37:08.089735+00:00,256,3,
BIKE-L5,KEM,0.5,512,7.7396,2.7639,20.4007,5154,32,5122,30.9042,True,697,2025-09-09T13:37:08.221325+00:00,256,3,
BIKE-L5,KEM,0.5,512,4.3047,1.4418,14.0278,5154,32,5122,19.7744,True,698,2025-09-09T13:37:08.342223+00:00,256,3,
BIKE-L5,KEM,0.5,512,4.0314,0.5511,15.7519,5154,32,5122,20.3344,True,699,2025-09-09T13:37:08.463581+00:00,256,3,
BIKE-L5,KEM,0.5,512,6.5758,0.5519,14.0876,5154,32,5122,21.2153,True,700,2025-09-09T13:37:08.587333+00:00,256,3,
BIKE-L5,KEM,1.0,1024,3.0492,0.5078,22.2311,5154,32,5122,25.7882,True,701,2025-09-09T13:37:08.713946+00:00,256,3,
BIKE-L5,KEM,1.0,1024,4.2928,0.5209,16.2947,5154,32,5122,21.1083,True,702,2025-09-09T13:37:08.835873+00:00,256,3,
BIKE-L5,KEM,1.0,1024,3.4703,0.5909,13.9336,5154,32,5122,17.9949,True,703,2025-09-09T13:37:08.957552+00:00,256,3,
BIKE-L5,KEM,1.0,1024,3.6631,0.8829,20.7953,5154,32,5122,25.3413,True,704,2025-09-09T13:37:09.084192+00:00,256,3,
BIKE-L5,KEM,1.0,1024,5.3588,3.4851,13.4597,5154,32,5122,22.3036,True,705,2025-09-09T13:37:09.207401+00:00,256,3,
BIKE-L5,KEM,1.0,1024,3.968,0.5994,14.473,5154,32,5122,19.0404,True,706,2025-09-09T13:37:09.327787+00:00,256,3,
BIKE-L5,KEM,1.0,1024,3.461,0.4365,13.0841,5154,32,5122,16.9816,True,707,2025-09-09T13:37:09.445548+00:00,256,3,
BIKE-L5,KEM,1.0,1024,4.3071,0.4984,14.738,5154,32,5122,19.5435,True,708,2025-09-09T13:37:09.566115+00:00,256,3,
BIKE-L5,KEM,1.0,1024,3.7034,0.4352,12.5756,5154,32,5122,16.7142,True,709,2025-09-09T13:37:09.683830+00:00,256,3,
BIKE-L5,KEM,1.0,1024,18.2447,2.2023,29.4748,5154,32,5122,49.9219,True,710,2025-09-09T13:37:09.834538+00:00,256,3,
BIKE-L5,KEM,1.0,1024,3.6942,0.5126,12.3088,5154,32,5122,16.5156,True,711,2025-09-09T13:37:09.951862+00:00,256,3,
BIKE-L5,KEM,1.0,1024,4.7811,0.6423,15.7065,5154,32,5122,21.1299,True,712,2025-09-09T13:37:10.074334+00:00,256,3,
BIKE-L5,KEM,1.0,1024,3.2694,0.4409,13.075,5154,32,5122,16.7852,True,713,2025-09-09T13:37:10.191906+00:00,256,3,
BIKE-L5,KEM,1.0,1024,3.2663,0.4399,13.6718,5154,32,5122,17.3779,True,714,2025-09-09T13:37:10.310137+00:00,256,3,
BIKE-L5,KEM,1.0,1024,3.6797,0.4851,12.9866,5154,32,5122,17.1514,True,715,2025-09-09T13:37:10.428117+00:00,256,3,
BIKE-L5,KEM,1.0,1024,4.2442,0.4289,18.4672,5154,32,5122,23.1403,True,716,2025-09-09T13:37:10.553144+00:00,256,3,
BIKE-L5,KEM,1.0,1024,3.7279,0.4377,12.5242,5154,32,5122,16.6898,True,717,2025-09-09T13:37:10.670752+00:00,256,3,
BIKE-L5,KEM,1.0,1024,3.3945,0.3866,10.1316,5154,32,5122,13.9128,True,718,2025-09-09T13:37:10.785578+00:00,256,3,
BIKE-L5,KEM,1.0,1024,3.4696,0.8461,10.988,5154,32,5122,15.3037,True,719,2025-09-09T13:37:10.901801+00:00,256,3,
BIKE-L5,KEM,1.0,1024,3.4544,0.4031,9.7835,5154,32,5122,13.641,True,720,2025-09-09T13:37:11.016220+00:00,256,3,
BIKE-L5,KEM,1.0,1024,3.4292,0.439,11.8071,5154,32,5122,15.6753,True,721,2025-09-09T13:37:11.132622+00:00,256,3,
BIKE-L5,KEM,1.0,1024,3.7536,0.4985,13.1275,5154,32,5122,17.3796,True,722,2025-09-09T13:37:11.250877+00:00,256,3,
BIKE-L5,KEM,1.0,1024,5.6524,0.4426,11.4222,5154,32,5122,17.5171,True,723,2025-09-09T13:37:11.369250+00:00,256,3,
BIKE-L5,KEM,1.0,1024,3.7164,0.4755,12.2281,5154,32,5122,16.4201,True,724,2025-09-09T13:37:11.486949+00:00,256,3,
BIKE-L5,KEM,1.0,1024,3.4573,0.503,10.6152,5154,32,5122,14.5755,True,725,2025-09-09T13:37:11.603361+00:00,256,3,
BIKE-L5,KEM,1.0,1024,3.7998,0.4645,11.6364,5154,32,5122,15.9007,True,726,2025-09-09T13:37:11.720273+00:00,256,3,
BIKE-L5,KEM,1.0,1024,3.7983,0.3704,15.648,5154,32,5122,19.8167,True,727,2025-09-09T13:37:11.841474+00:00,256,3,
BIKE-L5,KEM,1.0,1024,3.8991,0.4647,10.8065,5154,32,5122,15.1702,True,728,2025-09-09T13:37:11.957753+00:00,256,3,
BIKE-L5,KEM,1.0,1024,3.7951,0.4454,17.7733,5154,32,5122,22.0137,True,729,2025-09-09T13:37:12.080744+00:00,256,3,
BIKE-L5,KEM,1.0,1024,4.0574,0.5119,15.0557,5154,32,5122,19.625,True,730,2025-09-09T13:37:12.201530+00:00,256,3,
BIKE-L5,KEM,1.0,1024,4.0611,0.4898,18.349,5154,32,5122,22.8998,True,731,2025-09-09T13:37:12.327362+00:00,256,3,
BIKE-L5,KEM,1.0,1024,4.1516,0.4538,18.0379,5154,32,5122,22.6433,True,732,2025-09-09T13:37:12.451100+00:00,256,3,
BIKE-L5,KEM,1.0,1024,3.5221,0.4086,11.3392,5154,32,5122,15.2699,True,733,2025-09-09T13:37:12.568333+00:00,256,3,
BIKE-L5,KEM,1.0,1024,4.1363,0.5782,15.7806,5154,32,5122,20.4951,True,734,2025-09-09T13:37:12.689819+00:00,256,3,
BIKE-L5,KEM,1.0,1024,3.4819,0.5634,12.0771,5154,32,5122,16.1224,True,735,2025-09-09T13:37:12.807818+00:00,256,3,
BIKE-L5,KEM,1.0,1024,4.1084,0.437,12.0422,5154,32,5122,16.5876,True,736,2025-09-09T13:37:12.925557+00:00,256,3,
BIKE-L5,KEM,1.0,1024,3.553,0.4362,11.7618,5154,32,5122,15.7511,True,737,2025-09-09T13:37:13.042436+00:00,256,3,
BIKE-L5,KEM,1.0,1024,5.0581,0.5457,29.7748,5154,32,5122,35.3786,True,738,2025-09-09T13:37:13.178937+00:00,256,3,
BIKE-L5,KEM,1.0,1024,3.7975,0.4834,12.6172,5154,32,5122,16.898,True,739,2025-09-09T13:37:13.296824+00:00,256,3,
BIKE-L5,KEM,1.0,1024,3.7117,0.4585,11.4856,5154,32,5122,15.6559,True,740,2025-09-09T13:37:13.413529+00:00,256,3,
BIKE-L5,KEM,1.0,1024,3.3897,0.3748,9.5073,5154,32,5122,13.2718,True,741,2025-09-09T13:37:13.530947+00:00,256,3,
BIKE-L5,KEM,1.0,1024,3.9615,0.4882,13.8724,5154,32,5122,18.3221,True,742,2025-09-09T13:37:13.650419+00:00,256,3,
BIKE-L5,KEM,1.0,1024,3.4848,0.4243,12.8549,5154,32,5122,16.7641,True,743,2025-09-09T13:37:13.768321+00:00,256,3,
BIKE-L5,KEM,1.0,1024,3.5951,0.7972,10.8709,5154,32,5122,15.2632,True,744,2025-09-09T13:37:13.884891+00:00,256,3,
BIKE-L5,KEM,1.0,1024,3.7529,0.4588,13.0329,5154,32,5122,17.2446,True,745,2025-09-09T13:37:14.014143+00:00,256,3,
BIKE-L5,KEM,1.0,1024,3.3961,0.4414,11.0426,5154,32,5122,14.8801,True,746,2025-09-09T13:37:14.130296+00:00,256,3,
BIKE-L5,KEM,1.0,1024,3.3767,0.4569,21.4339,5154,32,5122,25.2675,True,747,2025-09-09T13:37:14.258526+00:00,256,3,
BIKE-L5,KEM,1.0,1024,3.5189,0.3891,11.5366,5154,32,5122,15.4445,True,748,2025-09-09T13:37:14.376511+00:00,256,3,
BIKE-L5,KEM,1.0,1024,3.6412,0.4613,10.0611,5154,32,5122,14.1636,True,749,2025-09-09T13:37:14.492813+00:00,256,3,
BIKE-L5,KEM,1.0,1024,4.1373,0.4638,12.3958,5154,32,5122,16.9968,True,750,2025-09-09T13:37:14.610800+00:00,256,3,
BIKE-L5,KEM,2.0,2048,3.7183,0.4428,11.0431,5154,32,5122,15.2042,True,751,2025-09-09T13:37:14.727394+00:00,256,3,
BIKE-L5,KEM,2.0,2048,3.8493,0.4585,12.673,5154,32,5122,16.9809,True,752,2025-09-09T13:37:14.845946+00:00,256,3,
BIKE-L5,KEM,2.0,2048,3.3765,0.4146,9.4845,5154,32,5122,13.2756,True,753,2025-09-09T13:37:14.960283+00:00,256,3,
BIKE-L5,KEM,2.0,2048,3.6376,0.4829,10.4582,5154,32,5122,14.5787,True,754,2025-09-09T13:37:15.076085+00:00,256,3,
BIKE-L5,KEM,2.0,2048,22.5481,0.4931,16.4141,5154,32,5122,39.4553,True,755,2025-09-09T13:37:15.216771+00:00,256,3,
BIKE-L5,KEM,2.0,2048,4.101,0.5114,19.1497,5154,32,5122,23.7621,True,756,2025-09-09T13:37:15.341631+00:00,256,3,
BIKE-L5,KEM,2.0,2048,3.3862,0.4936,20.787,5154,32,5122,24.6669,True,757,2025-09-09T13:37:15.468537+00:00,256,3,
BIKE-L5,KEM,2.0,2048,3.366,0.4374,18.7594,5154,32,5122,22.5628,True,758,2025-09-09T13:37:15.592096+00:00,256,3,
BIKE-L5,KEM,2.0,2048,4.3198,0.4783,13.2688,5154,32,5122,18.0668,True,759,2025-09-09T13:37:15.711749+00:00,256,3,
BIKE-L5,KEM,2.0,2048,3.5124,0.4553,15.4862,5154,32,5122,19.4539,True,760,2025-09-09T13:37:15.832889+00:00,256,3,
BIKE-L5,KEM,2.0,2048,3.5564,0.4829,66.1844,5154,32,5122,70.2236,True,761,2025-09-09T13:37:16.004358+00:00,256,3,
BIKE-L5,KEM,2.0,2048,3.7024,0.434,9.9625,5154,32,5122,14.099,True,762,2025-09-09T13:37:16.121321+00:00,256,3,
BIKE-L5,KEM,2.0,2048,3.7406,0.4998,12.9289,5154,32,5122,17.1694,True,763,2025-09-09T13:37:16.240018+00:00,256,3,
BIKE-L5,KEM,2.0,2048,19.7434,0.427,12.3018,5154,32,5122,32.4722,True,764,2025-09-09T13:37:16.374542+00:00,256,3,
BIKE-L5,KEM,2.0,2048,4.42,0.5036,16.8377,5154,32,5122,21.7613,True,765,2025-09-09T13:37:16.497687+00:00,256,3,
BIKE-L5,KEM,2.0,2048,3.701,0.5384,19.4539,5154,32,5122,23.6932,True,766,2025-09-09T13:37:16.622578+00:00,256,3,
BIKE-L5,KEM,2.0,2048,4.0565,0.559,22.418,5154,32,5122,27.0335,True,767,2025-09-09T13:37:16.751196+00:00,256,3,
BIKE-L5,KEM,2.0,2048,3.5059,0.5121,29.8167,5154,32,5122,33.8346,True,768,2025-09-09T13:37:16.886173+00:00,256,3,
BIKE-L5,KEM,2.0,2048,3.9241,0.4766,44.9606,5154,32,5122,49.3613,True,769,2025-09-09T13:37:17.036803+00:00,256,3,
BIKE-L5,KEM,2.0,2048,18.6842,0.6256,33.3117,5154,32,5122,52.6216,True,770,2025-09-09T13:37:17.191523+00:00,256,3,
BIKE-L5,KEM,2.0,2048,3.5078,0.4504,22.7013,5154,32,5122,26.6595,True,771,2025-09-09T13:37:17.319194+00:00,256,3,
BIKE-L5,KEM,2.0,2048,3.5066,0.4613,20.5653,5154,32,5122,24.5332,True,772,2025-09-09T13:37:17.461145+00:00,256,3,
BIKE-L5,KEM,2.0,2048,3.93,0.4864,10.7702,5154,32,5122,15.1865,True,773,2025-09-09T13:37:17.579022+00:00,256,3,
BIKE-L5,KEM,2.0,2048,3.944,0.4366,18.8686,5154,32,5122,23.2492,True,774,2025-09-09T13:37:17.703377+00:00,256,3,
BIKE-L5,KEM,2.0,2048,3.9902,0.4903,18.225,5154,32,5122,22.7055,True,775,2025-09-09T13:37:17.827298+00:00,256,3,
BIKE-L5,KEM,2.0,2048,4.5855,2.1,31.588,5154,32,5122,38.2735,True,776,2025-09-09T13:37:17.966932+00:00,256,3,
BIKE-L5,KEM,2.0,2048,4.1431,0.4866,33.4607,5154,32,5122,38.0904,True,777,2025-09-09T13:37:18.111668+00:00,256,3,
BIKE-L5,KEM,2.0,2048,3.6235,0.5255,29.7643,5154,32,5122,33.9132,True,778,2025-09-09T13:37:18.246981+00:00,256,3,
BIKE-L5,KEM,2.0,2048,3.5807,0.4672,15.3193,5154,32,5122,19.3672,True,779,2025-09-09T13:37:18.371367+00:00,256,3,
BIKE-L5,KEM,2.0,2048,6.2771,0.465,13.3102,5154,32,5122,20.0523,True,780,2025-09-09T13:37:18.492492+00:00,256,3,
BIKE-L5,KEM,2.0,2048,4.0486,0.4622,11.9478,5154,32,5122,16.4587,True,781,2025-09-09T13:37:18.610276+00:00,256,3,
BIKE-L5,KEM,2.0,2048,3.661,2.6272,17.5924,5154,32,5122,23.8805,True,782,2025-09-09T13:37:18.735332+00:00,256,3,
BIKE-L5,KEM,2.0,2048,4.5885,0.4647,12.9333,5154,32,5122,17.9865,True,783,2025-09-09T13:37:18.854535+00:00,256,3,
BIKE-L5,KEM,2.0,2048,4.2144,0.4202,30.5466,5154,32,5122,35.1812,True,784,2025-09-09T13:37:18.992877+00:00,256,3,
BIKE-L5,KEM,2.0,2048,4.7778,0.7338,33.8258,5154,32,5122,39.3373,True,785,2025-09-09T13:37:19.133555+00:00,256,3,
BIKE-L5,KEM,2.0,2048,9.5405,0.4983,11.7162,5154,32,5122,21.755,True,786,2025-09-09T13:37:19.256655+00:00,256,3,
BIKE-L5,KEM,2.0,2048,3.8962,0.4963,10.9714,5154,32,5122,15.3639,True,787,2025-09-09T13:37:19.388568+00:00,256,3,
BIKE-L5,KEM,2.0,2048,3.1789,1.7156,24.2161,5154,32,5122,29.1106,True,788,2025-09-09T13:37:19.518911+00:00,256,3,
BIKE-L5,KEM,2.0,2048,21.2184,0.5563,17.1953,5154,32,5122,38.97,True,789,2025-09-09T13:37:19.660173+00:00,256,3,
BIKE-L5,KEM,2.0,2048,4.0395,0.423,14.5763,5154,32,5122,19.0389,True,790,2025-09-09T13:37:19.780383+00:00,256,3,
BIKE-L5,KEM,2.0,2048,3.8802,0.472,12.4102,5154,32,5122,16.7624,True,791,2025-09-09T13:37:19.899400+00:00,256,3,
BIKE-L5,KEM,2.0,2048,4.5715,0.5016,14.7029,5154,32,5122,19.776,True,792,2025-09-09T13:37:20.020503+00:00,256,3,
BIKE-L5,KEM,2.0,2048,5.0993,1.1404,18.5826,5154,32,5122,24.8223,True,793,2025-09-09T13:37:20.146777+00:00,256,3,
BIKE-L5,KEM,2.0,2048,8.4787,0.504,19.968,5154,32,5122,28.9507,True,794,2025-09-09T13:37:20.281717+00:00,256,3,
BIKE-L5,KEM,2.0,2048,3.7213,0.4854,14.1133,5154,32,5122,18.32,True,795,2025-09-09T13:37:20.411545+00:00,256,3,
BIKE-L5,KEM,2.0,2048,4.4037,0.4501,13.7761,5154,32,5122,18.6299,True,796,2025-09-09T13:37:20.531218+00:00,256,3,
BIKE-L5,KEM,2.0,2048,5.715,22.9705,20.988,5154,32,5122,49.6735,True,797,2025-09-09T13:37:20.682051+00:00,256,3,
BIKE-L5,KEM,2.0,2048,4.5899,0.4771,15.0645,5154,32,5122,20.1315,True,798,2025-09-09T13:37:20.807010+00:00,256,3,
BIKE-L5,KEM,2.0,2048,3.6457,1.8638,13.1765,5154,32,5122,18.686,True,799,2025-09-09T13:37:20.927076+00:00,256,3,
BIKE-L5,KEM,2.0,2048,3.6978,0.4495,22.7394,5154,32,5122,26.8868,True,800,2025-09-09T13:37:21.055300+00:00,256,3,
BIKE-L5,KEM,5.0,5120,3.7423,0.4549,16.2388,5154,32,5122,20.4361,True,801,2025-09-09T13:37:21.177568+00:00,256,3,
BIKE-L5,KEM,5.0,5120,3.4678,0.5108,16.4544,5154,32,5122,20.433,True,802,2025-09-09T13:37:21.300030+00:00,256,3,
BIKE-L5,KEM,5.0,5120,3.5279,0.4551,19.867,5154,32,5122,23.8501,True,803,2025-09-09T13:37:21.426361+00:00,256,3,
BIKE-L5,KEM,5.0,5120,5.0601,0.4969,12.0683,5154,32,5122,17.6254,True,804,2025-09-09T13:37:21.558415+00:00,256,3,
BIKE-L5,KEM,5.0,5120,4.4571,0.414,11.5781,5154,32,5122,16.4491,True,805,2025-09-09T13:37:21.677346+00:00,256,3,
BIKE-L5,KEM,5.0,5120,4.5455,0.421,11.3069,5154,32,5122,16.2734,True,806,2025-09-09T13:37:21.796322+00:00,256,3,
BIKE-L5,KEM,5.0,5120,3.376,0.4329,11.3335,5154,32,5122,15.1424,True,807,2025-09-09T13:37:21.913009+00:00,256,3,
BIKE-L5,KEM,5.0,5120,3.4251,0.4412,10.8058,5154,32,5122,14.6721,True,808,2025-09-09T13:37:22.029233+00:00,256,3,
BIKE-L5,KEM,5.0,5120,3.6197,0.4424,13.1573,5154,32,5122,17.2194,True,809,2025-09-09T13:37:22.148217+00:00,256,3,
BIKE-L5,KEM,5.0,5120,3.7571,0.4521,12.6746,5154,32,5122,16.8839,True,810,2025-09-09T13:37:22.268804+00:00,256,3,
BIKE-L5,KEM,5.0,5120,4.8881,0.4458,12.4744,5154,32,5122,17.8083,True,811,2025-09-09T13:37:22.393261+00:00,256,3,
BIKE-L5,KEM,5.0,5120,5.7379,0.4576,12.4427,5154,32,5122,18.6382,True,812,2025-09-09T13:37:22.520900+00:00,256,3,
BIKE-L5,KEM,5.0,5120,3.3391,0.4433,12.3445,5154,32,5122,16.1269,True,813,2025-09-09T13:37:22.640955+00:00,256,3,
BIKE-L5,KEM,5.0,5120,3.3274,0.4208,11.5103,5154,32,5122,15.2586,True,814,2025-09-09T13:37:22.757786+00:00,256,3,
BIKE-L5,KEM,5.0,5120,5.8658,0.65,13.2393,5154,32,5122,19.7551,True,815,2025-09-09T13:37:22.880836+00:00,256,3,
BIKE-L5,KEM,5.0,5120,4.8544,0.4864,27.5333,5154,32,5122,32.8741,True,816,2025-09-09T13:37:23.017089+00:00,256,3,
BIKE-L5,KEM,5.0,5120,6.3189,0.5484,15.8165,5154,32,5122,22.6838,True,817,2025-09-09T13:37:23.145114+00:00,256,3,
BIKE-L5,KEM,5.0,5120,3.6554,0.506,12.2109,5154,32,5122,16.3723,True,818,2025-09-09T13:37:23.270487+00:00,256,3,
BIKE-L5,KEM,5.0,5120,4.8755,0.5061,13.675,5154,32,5122,19.0566,True,819,2025-09-09T13:37:23.391362+00:00,256,3,
BIKE-L5,KEM,5.0,5120,3.5277,0.4613,24.9541,5154,32,5122,28.9432,True,820,2025-09-09T13:37:23.522801+00:00,256,3,
BIKE-L5,KEM,5.0,5120,4.4822,0.5025,23.6677,5154,32,5122,28.6523,True,821,2025-09-09T13:37:23.655378+00:00,256,3,
BIKE-L5,KEM,5.0,5120,4.3599,0.5624,13.4977,5154,32,5122,18.4201,True,822,2025-09-09T13:37:23.776535+00:00,256,3,
BIKE-L5,KEM,5.0,5120,4.9739,0.4695,13.3207,5154,32,5122,18.764,True,823,2025-09-09T13:37:23.898634+00:00,256,3,
BIKE-L5,KEM,5.0,5120,5.0284,0.9907,12.9309,5154,32,5122,18.95,True,824,2025-09-09T13:37:24.029336+00:00,256,3,
BIKE-L5,KEM,5.0,5120,3.5386,0.9656,12.4766,5154,32,5122,16.9807,True,825,2025-09-09T13:37:24.148546+00:00,256,3,
BIKE-L5,KEM,5.0,5120,3.4093,0.4641,39.8514,5154,32,5122,43.7248,True,826,2025-09-09T13:37:24.294974+00:00,256,3,
BIKE-L5,KEM,5.0,5120,3.4474,0.4307,16.4463,5154,32,5122,20.3244,True,827,2025-09-09T13:37:24.422749+00:00,256,3,
BIKE-L5,KEM,5.0,5120,4.4924,0.6463,13.9296,5154,32,5122,19.0682,True,828,2025-09-09T13:37:24.543751+00:00,256,3,
BIKE-L5,KEM,5.0,5120,5.6133,0.4801,12.7618,5154,32,5122,18.8551,True,829,2025-09-09T13:37:24.665809+00:00,256,3,
BIKE-L5,KEM,5.0,5120,4.6219,0.9676,16.2153,5154,32,5122,21.8049,True,830,2025-09-09T13:37:24.789654+00:00,256,3,
BIKE-L5,KEM,5.0,5120,3.5829,1.1562,18.5031,5154,32,5122,23.2423,True,831,2025-09-09T13:37:24.915022+00:00,256,3,
BIKE-L5,KEM,5.0,5120,3.6208,3.545,11.8633,5154,32,5122,19.0292,True,832,2025-09-09T13:37:25.035695+00:00,256,3,
BIKE-L5,KEM,5.0,5120,3.7237,0.4519,13.9229,5154,32,5122,18.0985,True,833,2025-09-09T13:37:25.156698+00:00,256,3,
BIKE-L5,KEM,5.0,5120,4.2169,0.6279,16.3132,5154,32,5122,21.1581,True,834,2025-09-09T13:37:25.280175+00:00,256,3,
BIKE-L5,KEM,5.0,5120,4.1271,0.6723,15.2851,5154,32,5122,20.0844,True,835,2025-09-09T13:37:25.402387+00:00,256,3,
BIKE-L5,KEM,5.0,5120,4.2452,0.436,14.0976,5154,32,5122,18.7788,True,836,2025-09-09T13:37:25.522883+00:00,256,3,
BIKE-L5,KEM,5.0,5120,3.4533,0.4284,12.1245,5154,32,5122,16.0062,True,837,2025-09-09T13:37:25.640824+00:00,256,3,
BIKE-L5,KEM,5.0,5120,4.0569,0.4513,12.3918,5154,32,5122,16.9,True,838,2025-09-09T13:37:25.759408+00:00,256,3,
BIKE-L5,KEM,5.0,5120,4.5787,0.4762,21.9398,5154,32,5122,26.9947,True,839,2025-09-09T13:37:25.893678+00:00,256,3,
BIKE-L5,KEM,5.0,5120,13.6125,0.4516,16.1085,5154,32,5122,30.1726,True,840,2025-09-09T13:37:26.026653+00:00,256,3,
BIKE-L5,KEM,5.0,5120,5.2277,0.5398,13.0816,5154,32,5122,18.8491,True,841,2025-09-09T13:37:26.147843+00:00,256,3,
BIKE-L5,KEM,5.0,5120,3.4563,0.451,10.7822,5154,32,5122,14.6894,True,842,2025-09-09T13:37:26.264267+00:00,256,3,
BIKE-L5,KEM,5.0,5120,13.2963,0.4749,13.6924,5154,32,5122,27.4636,True,843,2025-09-09T13:37:26.393840+00:00,256,3,
BIKE-L5,KEM,5.0,5120,3.3878,0.485,21.1386,5154,32,5122,25.0113,True,844,2025-09-09T13:37:26.528164+00:00,256,3,
BIKE-L5,KEM,5.0,5120,3.8546,0.4858,13.6106,5154,32,5122,17.9511,True,845,2025-09-09T13:37:26.648504+00:00,256,3,
BIKE-L5,KEM,5.0,5120,3.9113,0.5281,12.6103,5154,32,5122,17.0498,True,846,2025-09-09T13:37:26.768173+00:00,256,3,
BIKE-L5,KEM,5.0,5120,4.7107,0.4713,13.3691,5154,32,5122,18.5511,True,847,2025-09-09T13:37:26.888835+00:00,256,3,
BIKE-L5,KEM,5.0,5120,3.9836,0.7703,12.9595,5154,32,5122,17.7134,True,848,2025-09-09T13:37:27.008655+00:00,256,3,
BIKE-L5,KEM,5.0,5120,3.9078,0.5063,22.5141,5154,32,5122,26.9283,True,849,2025-09-09T13:37:27.137660+00:00,256,3,
BIKE-L5,KEM,5.0,5120,3.293,0.4693,12.5159,5154,32,5122,16.2781,True,850,2025-09-09T13:37:27.255970+00:00,256,3,
BIKE-L5,KEM,10.0,10240,4.5198,0.5035,21.0474,5154,32,5122,26.0707,True,851,2025-09-09T13:37:27.386091+00:00,256,3,
BIKE-L5,KEM,10.0,10240,11.6264,0.3701,15.6354,5154,32,5122,27.6319,True,852,2025-09-09T13:37:27.516448+00:00,256,3,
BIKE-L5,KEM,10.0,10240,3.5457,0.4569,11.9513,5154,32,5122,15.9539,True,853,2025-09-09T13:37:27.635140+00:00,256,3,
BIKE-L5,KEM,10.0,10240,3.3102,0.373,11.4412,5154,32,5122,15.1244,True,854,2025-09-09T13:37:27.756018+00:00,256,3,
BIKE-L5,KEM,10.0,10240,3.2996,0.4466,11.6304,5154,32,5122,15.3765,True,855,2025-09-09T13:37:27.878535+00:00,256,3,
BIKE-L5,KEM,10.0,10240,3.5281,0.447,12.5749,5154,32,5122,16.55,True,856,2025-09-09T13:37:27.998736+00:00,256,3,
BIKE-L5,KEM,10.0,10240,4.4628,0.4567,13.5397,5154,32,5122,18.4592,True,857,2025-09-09T13:37:28.120275+00:00,256,3,
BIKE-L5,KEM,10.0,10240,7.5538,0.4787,19.5969,5154,32,5122,27.6294,True,858,2025-09-09T13:37:28.250516+00:00,256,3,
BIKE-L5,KEM,10.0,10240,4.0587,0.4418,11.9612,5154,32,5122,16.4618,True,859,2025-09-09T13:37:28.370364+00:00,256,3,
BIKE-L5,KEM,10.0,10240,6.1663,4.5617,45.2184,5154,32,5122,55.9464,True,860,2025-09-09T13:37:28.529018+00:00,256,3,
BIKE-L5,KEM,10.0,10240,3.5712,0.4335,65.98,5154,32,5122,69.9848,True,861,2025-09-09T13:37:28.704768+00:00,256,3,
BIKE-L5,KEM,10.0,10240,3.5036,0.4358,23.7684,5154,32,5122,27.7078,True,862,2025-09-09T13:37:28.835037+00:00,256,3,
BIKE-L5,KEM,10.0,10240,3.7503,0.4371,11.7723,5154,32,5122,15.9596,True,863,2025-09-09T13:37:28.953899+00:00,256,3,
BIKE-L5,KEM,10.0,10240,5.5713,0.5012,12.1524,5154,32,5122,18.2249,True,864,2025-09-09T13:37:29.074940+00:00,256,3,
BIKE-L5,KEM,10.0,10240,3.8345,0.3747,13.0309,5154,32,5122,17.2401,True,865,2025-09-09T13:37:29.195051+00:00,256,3,
BIKE-L5,KEM,10.0,10240,5.1156,0.6783,14.5953,5154,32,5122,20.3892,True,866,2025-09-09T13:37:29.318977+00:00,256,3,
BIKE-L5,KEM,10.0,10240,13.417,7.9709,20.0011,5154,32,5122,41.3889,True,867,2025-09-09T13:37:29.464233+00:00,256,3,
BIKE-L5,KEM,10.0,10240,4.5843,0.4665,17.099,5154,32,5122,22.1498,True,868,2025-09-09T13:37:29.589169+00:00,256,3,
BIKE-L5,KEM,10.0,10240,4.4883,0.4958,23.5544,5154,32,5122,28.5385,True,869,2025-09-09T13:37:29.722301+00:00,256,3,
BIKE-L5,KEM,10.0,10240,11.5426,0.4665,14.1229,5154,32,5122,26.132,True,870,2025-09-09T13:37:29.854150+00:00,256,3,
BIKE-L5,KEM,10.0,10240,6.9516,0.5664,11.1053,5154,32,5122,18.6233,True,871,2025-09-09T13:37:29.976494+00:00,256,3,
BIKE-L5,KEM,10.0,10240,3.5717,0.4623,10.9954,5154,32,5122,15.0294,True,872,2025-09-09T13:37:30.094929+00:00,256,3,
BIKE-L5,KEM,10.0,10240,4.1423,0.6576,12.4078,5154,32,5122,17.2077,True,873,2025-09-09T13:37:30.215364+00:00,256,3,
BIKE-L5,KEM,10.0,10240,3.502,0.4735,14.1146,5154,32,5122,18.0901,True,874,2025-09-09T13:37:30.337511+00:00,256,3,
BIKE-L5,KEM,10.0,10240,3.1243,0.5063,25.9448,5154,32,5122,29.5754,True,875,2025-09-09T13:37:30.473689+00:00,256,3,
BIKE-L5,KEM,10.0,10240,11.6766,0.4798,12.7897,5154,32,5122,24.9462,True,876,2025-09-09T13:37:30.601516+00:00,256,3,
BIKE-L5,KEM,10.0,10240,5.2062,0.4756,15.0636,5154,32,5122,20.7454,True,877,2025-09-09T13:37:30.725937+00:00,256,3,
BIKE-L5,KEM,10.0,10240,3.7198,0.4354,15.6007,5154,32,5122,19.7559,True,878,2025-09-09T13:37:30.852482+00:00,256,3,
BIKE-L5,KEM,10.0,10240,5.714,0.4469,30.4638,5154,32,5122,36.6247,True,879,2025-09-09T13:37:30.992904+00:00,256,3,
BIKE-L5,KEM,10.0,10240,4.3075,2.4293,14.5763,5154,32,5122,21.3131,True,880,2025-09-09T13:37:31.118889+00:00,256,3,
BIKE-L5,KEM,10.0,10240,4.1707,0.6181,12.9827,5154,32,5122,17.7715,True,881,2025-09-09T13:37:31.239786+00:00,256,3,
BIKE-L5,KEM,10.0,10240,3.4963,0.4954,10.9757,5154,32,5122,14.9673,True,882,2025-09-09T13:37:31.358547+00:00,256,3,
BIKE-L5,KEM,10.0,10240,4.0778,0.4646,12.4847,5154,32,5122,17.0271,True,883,2025-09-09T13:37:31.479143+00:00,256,3,
BIKE-L5,KEM,10.0,10240,3.9809,0.4864,12.3402,5154,32,5122,16.8076,True,884,2025-09-09T13:37:31.600050+00:00,256,3,
BIKE-L5,KEM,10.0,10240,3.6167,0.447,11.5423,5154,32,5122,15.606,True,885,2025-09-09T13:37:31.718563+00:00,256,3,
BIKE-L5,KEM,10.0,10240,3.8572,0.4341,11.0351,5154,32,5122,15.3265,True,886,2025-09-09T13:37:31.838413+00:00,256,3,
BIKE-L5,KEM,10.0,10240,4.134,0.5673,11.5116,5154,32,5122,16.2129,True,887,2025-09-09T13:37:31.958001+00:00,256,3,
BIKE-L5,KEM,10.0,10240,3.8558,0.5115,11.7876,5154,32,5122,16.1549,True,888,2025-09-09T13:37:32.077859+00:00,256,3,
BIKE-L5,KEM,10.0,10240,3.4121,0.4276,13.6997,5154,32,5122,17.5395,True,889,2025-09-09T13:37:32.198381+00:00,256,3,
BIKE-L5,KEM,10.0,10240,3.4587,0.7644,11.3874,5154,32,5122,15.6105,True,890,2025-09-09T13:37:32.317118+00:00,256,3,
BIKE-L5,KEM,10.0,10240,3.6545,0.4327,26.6157,5154,32,5122,30.7029,True,891,2025-09-09T13:37:32.450690+00:00,256,3,
BIKE-L5,KEM,10.0,10240,4.5155,0.8496,27.4175,5154,32,5122,32.7826,True,892,2025-09-09T13:37:32.587368+00:00,256,3,
BIKE-L5,KEM,10.0,10240,5.8476,0.6184,12.263,5154,32,5122,18.729,True,893,2025-09-09T13:37:32.711732+00:00,256,3,
BIKE-L5,KEM,10.0,10240,7.2413,2.8944,16.1328,5154,32,5122,26.2685,True,894,2025-09-09T13:37:32.840690+00:00,256,3,
BIKE-L5,KEM,10.0,10240,5.2814,0.4452,13.8741,5154,32,5122,19.6007,True,895,2025-09-09T13:37:32.964055+00:00,256,3,
BIKE-L5,KEM,10.0,10240,6.0446,0.494,12.3745,5154,32,5122,18.9131,True,896,2025-09-09T13:37:33.086232+00:00,256,3,
BIKE-L5,KEM,10.0,10240,3.671,0.4761,12.6074,5154,32,5122,16.7545,True,897,2025-09-09T13:37:33.206313+00:00,256,3,
BIKE-L5,KEM,10.0,10240,3.4931,0.3909,19.0302,5154,32,5122,22.9143,True,898,2025-09-09T13:37:33.333565+00:00,256,3,
BIKE-L5,KEM,10.0,10240,4.2312,0.5102,11.4717,5154,32,5122,16.213,True,899,2025-09-09T13:37:33.453331+00:00,256,3,
BIKE-L5,KEM,10.0,10240,3.8339,0.4779,14.0257,5154,32,5122,18.3375,True,900,2025-09-09T13:37:33.574552+00:00,256,3,
Classic-McEliece-348864,KEM,0.1,102,69.5682,0.4709,0.1091,96,32,64,70.1481,True,901,2025-09-09T13:37:33.752360+00:00,128,1,
Classic-McEliece-348864,KEM,0.1,102,86.8908,0.1637,0.106,96,32,64,87.1605,True,902,2025-09-09T13:37:33.941134+00:00,128,1,
Classic-McEliece-348864,KEM,0.1,102,95.248,0.1327,0.1066,96,32,64,95.4873,True,903,2025-09-09T13:37:34.137494+00:00,128,1,
Classic-McEliece-348864,KEM,0.1,102,60.2879,0.1364,0.1104,96,32,64,60.5347,True,904,2025-09-09T13:37:34.298799+00:00,128,1,
Classic-McEliece-348864,KEM,0.1,102,97.2423,0.1332,0.1079,96,32,64,97.4834,True,905,2025-09-09T13:37:34.497102+00:00,128,1,
Classic-McEliece-348864,KEM,0.1,102,58.3178,0.1544,0.0869,96,32,64,58.5591,True,906,2025-09-09T13:37:34.656467+00:00,128,1,
Classic-McEliece-348864,KEM,0.1,102,73.5071,0.1726,0.0914,96,32,64,73.771,True,907,2025-09-09T13:37:34.830975+00:00,128,1,
Classic-McEliece-348864,KEM,0.1,102,55.921,0.1729,0.1075,96,32,64,56.2014,True,908,2025-09-09T13:37:34.988243+00:00,128,1,
Classic-McEliece-348864,KEM,0.1,102,78.8432,0.1993,0.1106,96,32,64,79.153,True,909,2025-09-09T13:37:35.168291+00:00,128,1,
Classic-McEliece-348864,KEM,0.1,102,88.9586,0.1254,0.0883,96,32,64,89.1723,True,910,2025-09-09T13:37:35.358573+00:00,128,1,
Classic-McEliece-348864,KEM,0.1,102,81.7058,0.1706,0.0894,96,32,64,81.9659,True,911,2025-09-09T13:37:35.541543+00:00,128,1,
Classic-McEliece-348864,KEM,0.1,102,62.7078,0.178,0.1346,96,32,64,63.0204,True,912,2025-09-09T13:37:35.705401+00:00,128,1,
Classic-McEliece-348864,KEM,0.1,102,68.6531,0.1501,0.1211,96,32,64,68.9244,True,913,2025-09-09T13:37:35.874989+00:00,128,1,
Classic-McEliece-348864,KEM,0.1,102,65.4638,0.1365,0.1167,96,32,64,65.717,True,914,2025-09-09T13:37:36.042310+00:00,128,1,
Classic-McEliece-348864,KEM,0.1,102,85.7371,0.1811,0.1268,96,32,64,86.045,True,915,2025-09-09T13:37:36.229062+00:00,128,1,
Classic-McEliece-348864,KEM,0.1,102,71.4633,0.1596,0.1177,96,32,64,71.7406,True,916,2025-09-09T13:37:36.401467+00:00,128,1,
Classic-McEliece-348864,KEM,0.1,102,82.8938,0.1579,0.1031,96,32,64,83.1548,True,917,2025-09-09T13:37:36.585264+00:00,128,1,
Classic-McEliece-348864,KEM,0.1,102,93.1117,0.1721,0.1255,96,32,64,93.4092,True,918,2025-09-09T13:37:36.779329+00:00,128,1,
Classic-McEliece-348864,KEM,0.1,102,115.6087,0.1543,0.1029,96,32,64,115.8659,True,919,2025-09-09T13:37:36.995984+00:00,128,1,
Classic-McEliece-348864,KEM,0.1,102,108.9027,0.187,0.1095,96,32,64,109.1992,True,920,2025-09-09T13:37:37.205861+00:00,128,1,
Classic-McEliece-348864,KEM,0.1,102,66.1462,0.3667,0.1194,96,32,64,66.6323,True,921,2025-09-09T13:37:37.373161+00:00,128,1,
Classic-McEliece-348864,KEM,0.1,102,60.8105,0.1595,0.1146,96,32,64,61.0846,True,922,2025-09-09T13:37:37.534934+00:00,128,1,
Classic-McEliece-348864,KEM,0.1,102,94.6328,0.1711,0.1085,96,32,64,94.9124,True,923,2025-09-09T13:37:37.730488+00:00,128,1,
Classic-McEliece-348864,KEM,0.1,102,104.4738,0.1668,0.1044,96,32,64,104.745,True,924,2025-09-09T13:37:37.935999+00:00,128,1,
Classic-McEliece-348864,KEM,0.1,102,85.0731,0.1677,0.1388,96,32,64,85.3796,True,925,2025-09-09T13:37:38.122038+00:00,128,1,
Classic-McEliece-348864,KEM,0.1,102,104.7342,0.1886,0.1207,96,32,64,105.0434,True,926,2025-09-09T13:37:38.327701+00:00,128,1,
Classic-McEliece-348864,KEM,0.1,102,66.9954,0.1431,0.097,96,32,64,67.2355,True,927,2025-09-09T13:37:38.495877+00:00,128,1,
Classic-McEliece-348864,KEM,0.1,102,125.5324,0.1651,0.1219,96,32,64,125.8194,True,928,2025-09-09T13:37:38.722711+00:00,128,1,
Classic-McEliece-348864,KEM,0.1,102,125.5766,0.1581,0.089,96,32,64,125.8238,True,929,2025-09-09T13:37:38.949220+00:00,128,1,
Classic-McEliece-348864,KEM,0.1,102,82.3326,0.1597,0.1042,96,32,64,82.5966,True,930,2025-09-09T13:37:39.132387+00:00,128,1,
Classic-McEliece-348864,KEM,0.1,102,92.6228,0.1213,0.0991,96,32,64,92.8432,True,931,2025-09-09T13:37:39.325952+00:00,128,1,
Classic-McEliece-348864,KEM,0.1,102,80.6828,0.1386,0.147,96,32,64,80.9684,True,932,2025-09-09T13:37:39.507488+00:00,128,1,
Classic-McEliece-348864,KEM,0.1,102,68.0499,0.1771,0.1119,96,32,64,68.3389,True,933,2025-09-09T13:37:39.676411+00:00,128,1,
Classic-McEliece-348864,KEM,0.1,102,85.5135,0.1407,0.1186,96,32,64,85.7728,True,934,2025-09-09T13:37:39.862743+00:00,128,1,
Classic-McEliece-348864,KEM,0.1,102,98.3068,0.1335,0.0884,96,32,64,98.5287,True,935,2025-09-09T13:37:40.061938+00:00,128,1,
Classic-McEliece-348864,KEM,0.1,102,72.3705,0.1609,0.1129,96,32,64,72.6443,True,936,2025-09-09T13:37:40.235249+00:00,128,1,
Classic-McEliece-348864,KEM,0.1,102,73.6347,0.1531,0.11,96,32,64,73.8979,True,937,2025-09-09T13:37:40.410002+00:00,128,1,
Classic-McEliece-348864,KEM,0.1,102,75.4508,0.1467,0.0999,96,32,64,75.6974,True,938,2025-09-09T13:37:40.587387+00:00,128,1,
Classic-McEliece-348864,KEM,0.1,102,75.599,0.164,0.1179,96,32,64,75.881,True,939,2025-09-09T13:37:40.766911+00:00,128,1,
Classic-McEliece-348864,KEM,0.1,102,102.8933,0.1548,0.0876,96,32,64,103.1357,True,940,2025-09-09T13:37:40.970848+00:00,128,1,
Classic-McEliece-348864,KEM,0.1,102,121.7526,0.2059,0.1123,96,32,64,122.0708,True,941,2025-09-09T13:37:41.193603+00:00,128,1,
Classic-McEliece-348864,KEM,0.1,102,81.1549,0.147,0.0962,96,32,64,81.398,True,942,2025-09-09T13:37:41.375796+00:00,128,1,
Classic-McEliece-348864,KEM,0.1,102,76.0757,0.1351,0.1003,96,32,64,76.3111,True,943,2025-09-09T13:37:41.552769+00:00,128,1,
Classic-McEliece-348864,KEM,0.1,102,98.3912,0.1503,0.124,96,32,64,98.6656,True,944,2025-09-09T13:37:41.754290+00:00,128,1,
Classic-McEliece-348864,KEM,0.1,102,78.8625,0.1224,0.0859,96,32,64,79.0708,True,945,2025-09-09T13:37:41.937691+00:00,128,1,
Classic-McEliece-348864,KEM,0.1,102,130.8824,0.1764,0.1013,96,32,64,131.1601,True,946,2025-09-09T13:37:42.169660+00:00,128,1,
Classic-McEliece-348864,KEM,0.1,102,128.5502,0.1579,0.1053,96,32,64,128.8134,True,947,2025-09-09T13:37:42.400974+00:00,128,1,
Classic-McEliece-348864,KEM,0.1,102,81.2658,0.2181,0.1243,96,32,64,81.6083,True,948,2025-09-09T13:37:42.585409+00:00,128,1,
Classic-McEliece-348864,KEM,0.1,102,102.5774,0.1957,0.1141,96,32,64,102.8872,True,949,2025-09-09T13:37:42.794514+00:00,128,1,
Classic-McEliece-348864,KEM,0.1,102,97.5044,0.1862,0.1074,96,32,64,97.798,True,950,2025-09-09T13:37:42.992979+00:00,128,1,
Classic-McEliece-348864,KEM,0.5,512,97.3447,0.215,0.1151,96,32,64,97.6748,True,951,2025-09-09T13:37:43.191649+00:00,128,1,
Classic-McEliece-348864,KEM,0.5,512,86.1772,0.1471,0.1093,96,32,64,86.4335,True,952,2025-09-09T13:37:43.378992+00:00,128,1,
Classic-McEliece-348864,KEM,0.5,512,59.6017,0.1869,0.1048,96,32,64,59.8933,True,953,2025-09-09T13:37:43.539729+00:00,128,1,
Classic-McEliece-348864,KEM,0.5,512,62.4903,0.169,0.105,96,32,64,62.7643,True,954,2025-09-09T13:37:43.703388+00:00,128,1,
Classic-McEliece-348864,KEM,0.5,512,83.7504,0.1629,0.1043,96,32,64,84.0177,True,955,2025-09-09T13:37:43.888314+00:00,128,1,
Classic-McEliece-348864,KEM,0.5,512,152.8705,0.1887,0.1154,96,32,64,153.1746,True,956,2025-09-09T13:37:44.142398+00:00,128,1,
Classic-McEliece-348864,KEM,0.5,512,63.2341,0.1617,0.0876,96,32,64,63.4835,True,957,2025-09-09T13:37:44.307148+00:00,128,1,
Classic-McEliece-348864,KEM,0.5,512,60.2454,0.2738,0.0942,96,32,64,60.6134,True,958,2025-09-09T13:37:44.471217+00:00,128,1,
Classic-McEliece-348864,KEM,0.5,512,78.872,0.1632,0.1105,96,32,64,79.1457,True,959,2025-09-09T13:37:44.651328+00:00,128,1,
Classic-McEliece-348864,KEM,0.5,512,99.7059,0.1538,0.1415,96,32,64,100.0012,True,960,2025-09-09T13:37:44.852486+00:00,128,1,
Classic-McEliece-348864,KEM,0.5,512,87.9865,0.154,0.1128,96,32,64,88.2534,True,961,2025-09-09T13:37:45.041818+00:00,128,1,
Classic-McEliece-348864,KEM,0.5,512,105.5238,0.2146,0.122,96,32,64,105.8604,True,962,2025-09-09T13:37:45.248686+00:00,128,1,
Classic-McEliece-348864,KEM,0.5,512,108.482,0.4951,0.135,96,32,64,109.1121,True,963,2025-09-09T13:37:45.458741+00:00,128,1,
Classic-McEliece-348864,KEM,0.5,512,106.4282,0.1717,0.1126,96,32,64,106.7125,True,964,2025-09-09T13:37:45.666430+00:00,128,1,
Classic-McEliece-348864,KEM,0.5,512,95.9689,0.1388,0.0872,96,32,64,96.1949,True,965,2025-09-09T13:37:45.863752+00:00,128,1,
Classic-McEliece-348864,KEM,0.5,512,74.6542,0.1858,0.171,96,32,64,75.011,True,966,2025-09-09T13:37:46.039511+00:00,128,1,
Classic-McEliece-348864,KEM,0.5,512,92.8849,0.1647,0.1114,96,32,64,93.161,True,967,2025-09-09T13:37:46.233622+00:00,128,1,
Classic-McEliece-348864,KEM,0.5,512,74.4445,0.1962,0.1002,96,32,64,74.7409,True,968,2025-09-09T13:37:46.409324+00:00,128,1,
Classic-McEliece-348864,KEM,0.5,512,77.7082,0.1859,0.1192,96,32,64,78.0133,True,969,2025-09-09T13:37:46.590255+00:00,128,1,
Classic-McEliece-348864,KEM,0.5,512,67.7826,0.1667,0.0987,96,32,64,68.048,True,970,2025-09-09T13:37:46.759064+00:00,128,1,
Classic-McEliece-348864,KEM,0.5,512,95.1783,0.1714,0.117,96,32,64,95.4666,True,971,2025-09-09T13:37:46.955404+00:00,128,1,
Classic-McEliece-348864,KEM,0.5,512,61.0245,0.1553,0.1177,96,32,64,61.2975,True,972,2025-09-09T13:37:47.117799+00:00,128,1,
Classic-McEliece-348864,KEM,0.5,512,60.546,0.1576,0.1237,96,32,64,60.8273,True,973,2025-09-09T13:37:47.279554+00:00,128,1,
Classic-McEliece-348864,KEM,0.5,512,90.7319,0.1855,0.1769,96,32,64,91.0943,True,974,2025-09-09T13:37:47.471518+00:00,128,1,
Classic-McEliece-348864,KEM,0.5,512,70.14,0.1758,0.1051,96,32,64,70.4208,True,975,2025-09-09T13:37:47.643034+00:00,128,1,
Classic-McEliece-348864,KEM,0.5,512,70.9565,0.1499,0.087,96,32,64,71.1934,True,976,2025-09-09T13:37:47.820971+00:00,128,1,
Classic-McEliece-348864,KEM,0.5,512,82.2379,0.1939,0.1034,96,32,64,82.5352,True,977,2025-09-09T13:37:48.004418+00:00,128,1,
Classic-McEliece-348864,KEM,0.5,512,80.0608,0.1707,0.0951,96,32,64,80.3266,True,978,2025-09-09T13:37:48.186297+00:00,128,1,
Classic-McEliece-348864,KEM,0.5,512,68.4638,0.1742,0.1372,96,32,64,68.7751,True,979,2025-09-09T13:37:48.359308+00:00,128,1,
Classic-McEliece-348864,KEM,0.5,512,117.9841,0.1557,0.1226,96,32,64,118.2624,True,980,2025-09-09T13:37:48.578696+00:00,128,1,
Classic-McEliece-348864,KEM,0.5,512,102.7791,0.2036,0.1105,96,32,64,103.0932,True,981,2025-09-09T13:37:48.783046+00:00,128,1,
Classic-McEliece-348864,KEM,0.5,512,74.7597,0.4674,0.0906,96,32,64,75.3176,True,982,2025-09-09T13:37:48.959984+00:00,128,1,
Classic-McEliece-348864,KEM,0.5,512,60.232,0.1436,0.1191,96,32,64,60.4947,True,983,2025-09-09T13:37:49.121440+00:00,128,1,
Classic-McEliece-348864,KEM,0.5,512,82.3551,0.196,0.1121,96,32,64,82.6632,True,984,2025-09-09T13:37:49.304972+00:00,128,1,
Classic-McEliece-348864,KEM,0.5,512,76.7196,0.1662,0.1135,96,32,64,76.9992,True,985,2025-09-09T13:37:49.482954+00:00,128,1,
Classic-McEliece-348864,KEM,0.5,512,59.3837,0.2505,0.1444,96,32,64,59.7786,True,986,2025-09-09T13:37:49.643611+00:00,128,1,
Classic-McEliece-348864,KEM,0.5,512,68.5424,0.151,0.1111,96,32,64,68.8045,True,987,2025-09-09T13:37:49.813327+00:00,128,1,
Classic-McEliece-348864,KEM,0.5,512,80.3307,0.1186,0.0864,96,32,64,80.5357,True,988,2025-09-09T13:37:49.994682+00:00,128,1,
Classic-McEliece-348864,KEM,0.5,512,62.5173,0.1305,0.0985,96,32,64,62.7463,True,989,2025-09-09T13:37:50.158381+00:00,128,1,
Classic-McEliece-348864,KEM,0.5,512,68.2411,0.1899,0.1011,96,32,64,68.5321,True,990,2025-09-09T13:37:50.327738+00:00,128,1,
Classic-McEliece-348864,KEM,0.5,512,103.0816,0.1967,0.139,96,32,64,103.4174,True,991,2025-09-09T13:37:50.532031+00:00,128,1,
Classic-McEliece-348864,KEM,0.5,512,100.8575,0.2527,0.1458,96,32,64,101.2559,True,992,2025-09-09T13:37:50.734425+00:00,128,1,
Classic-McEliece-348864,KEM,0.5,512,67.454,0.1846,0.1138,96,32,64,67.7525,True,993,2025-09-09T13:37:50.903355+00:00,128,1,
Classic-McEliece-348864,KEM,0.5,512,101.1491,0.2512,0.1102,96,32,64,101.5105,True,994,2025-09-09T13:37:51.106026+00:00,128,1,
Classic-McEliece-348864,KEM,0.5,512,89.5341,0.1769,0.1077,96,32,64,89.8187,True,995,2025-09-09T13:37:51.297254+00:00,128,1,
Classic-McEliece-348864,KEM,0.5,512,100.4281,0.2122,0.1161,96,32,64,100.7564,True,996,2025-09-09T13:37:51.505412+00:00,128,1,
Classic-McEliece-348864,KEM,0.5,512,144.8852,0.1992,0.1564,96,32,64,145.2408,True,997,2025-09-09T13:37:51.751393+00:00,128,1,
Classic-McEliece-348864,KEM,0.5,512,70.6223,0.1668,0.104,96,32,64,70.8931,True,998,2025-09-09T13:37:51.923076+00:00,128,1,
Classic-McEliece-348864,KEM,0.5,512,75.1729,0.1692,0.1271,96,32,64,75.4692,True,999,2025-09-09T13:37:52.099407+00:00,128,1,
Classic-McEliece-348864,KEM,0.5,512,129.1914,0.1701,0.3205,96,32,64,129.682,True,1000,2025-09-09T13:37:52.329983+00:00,128,1,
Classic-McEliece-348864,KEM,1.0,1024,96.1102,0.1565,0.1075,96,32,64,96.3742,True,1001,2025-09-09T13:37:52.527256+00:00,128,1,
Classic-McEliece-348864,KEM,1.0,1024,83.4715,0.1849,0.1084,96,32,64,83.7648,True,1002,2025-09-09T13:37:52.712204+00:00,128,1,
Classic-McEliece-348864,KEM,1.0,1024,75.7819,0.1857,0.2379,96,32,64,76.2055,True,1003,2025-09-09T13:37:52.890178+00:00,128,1,
Classic-McEliece-348864,KEM,1.0,1024,112.1053,0.1424,0.1145,96,32,64,112.3622,True,1004,2025-09-09T13:37:53.103397+00:00,128,1,
Classic-McEliece-348864,KEM,1.0,1024,101.5261,0.1482,0.1164,96,32,64,101.7907,True,1005,2025-09-09T13:37:53.306021+00:00,128,1,
Classic-McEliece-348864,KEM,1.0,1024,74.1907,0.1691,0.1083,96,32,64,74.4681,True,1006,2025-09-09T13:37:53.488722+00:00,128,1,
Classic-McEliece-348864,KEM,1.0,1024,115.6714,0.1818,0.1064,96,32,64,115.9595,True,1007,2025-09-09T13:37:53.705652+00:00,128,1,
Classic-McEliece-348864,KEM,1.0,1024,129.5331,0.1545,0.115,96,32,64,129.8025,True,1008,2025-09-09T13:37:53.936340+00:00,128,1,
Classic-McEliece-348864,KEM,1.0,1024,92.76,0.1751,0.1278,96,32,64,93.0629,True,1009,2025-09-09T13:37:54.130226+00:00,128,1,
Classic-McEliece-348864,KEM,1.0,1024,68.8417,0.1971,0.1481,96,32,64,69.1868,True,1010,2025-09-09T13:37:54.300222+00:00,128,1,
Classic-McEliece-348864,KEM,1.0,1024,111.8576,0.1694,0.108,96,32,64,112.135,True,1011,2025-09-09T13:37:54.513164+00:00,128,1,
Classic-McEliece-348864,KEM,1.0,1024,108.1294,0.1559,0.1047,96,32,64,108.39,True,1012,2025-09-09T13:37:54.722503+00:00,128,1,
Classic-McEliece-348864,KEM,1.0,1024,159.7298,0.2037,0.1537,96,32,64,160.0872,True,1013,2025-09-09T13:37:54.983624+00:00,128,1,
Classic-McEliece-348864,KEM,1.0,1024,247.0144,0.1882,0.2021,96,32,64,247.4047,True,1014,2025-09-09T13:37:55.347293+00:00,128,1,
Classic-McEliece-348864,KEM,1.0,1024,127.9138,0.1843,0.1061,96,32,64,128.2042,True,1015,2025-09-09T13:37:55.576457+00:00,128,1,
Classic-McEliece-348864,KEM,1.0,1024,105.112,0.1764,0.1081,96,32,64,105.3966,True,1016,2025-09-09T13:37:55.782751+00:00,128,1,
Classic-McEliece-348864,KEM,1.0,1024,107.4428,0.1335,0.0874,96,32,64,107.6636,True,1017,2025-09-09T13:37:55.991919+00:00,128,1,
Classic-McEliece-348864,KEM,1.0,1024,88.5533,0.2217,0.1056,96,32,64,88.8806,True,1018,2025-09-09T13:37:56.181691+00:00,128,1,
Classic-McEliece-348864,KEM,1.0,1024,103.9604,0.2045,0.1112,96,32,64,104.2762,True,1019,2025-09-09T13:37:56.387297+00:00,128,1,
Classic-McEliece-348864,KEM,1.0,1024,102.5611,0.1614,0.1119,96,32,64,102.8344,True,1020,2025-09-09T13:37:56.591351+00:00,128,1,
Classic-McEliece-348864,KEM,1.0,1024,75.7173,0.1857,0.1102,96,32,64,76.0132,True,1021,2025-09-09T13:37:56.768234+00:00,128,1,
Classic-McEliece-348864,KEM,1.0,1024,84.704,0.1563,0.1145,96,32,64,84.9748,True,1022,2025-09-09T13:37:56.954078+00:00,128,1,
Classic-McEliece-348864,KEM,1.0,1024,82.8484,0.15,0.1079,96,32,64,83.1063,True,1023,2025-09-09T13:37:57.138048+00:00,128,1,
Classic-McEliece-348864,KEM,1.0,1024,90.6262,0.1441,0.0991,96,32,64,90.8694,True,1024,2025-09-09T13:37:57.329797+00:00,128,1,
Classic-McEliece-348864,KEM,1.0,1024,112.7645,0.1659,0.091,96,32,64,113.0214,True,1025,2025-09-09T13:37:57.543814+00:00,128,1,
Classic-McEliece-348864,KEM,1.0,1024,100.6618,0.1466,0.1223,96,32,64,100.9307,True,1026,2025-09-09T13:37:57.745698+00:00,128,1,
Classic-McEliece-348864,KEM,1.0,1024,71.8657,0.16,0.1175,96,32,64,72.1432,True,1027,2025-09-09T13:37:57.918877+00:00,128,1,
Classic-McEliece-348864,KEM,1.0,1024,67.6964,0.6574,0.1529,96,32,64,68.5067,True,1028,2025-09-09T13:37:58.088261+00:00,128,1,
Classic-McEliece-348864,KEM,1.0,1024,91.3392,0.182,0.1123,96,32,64,91.6335,True,1029,2025-09-09T13:37:58.280845+00:00,128,1,
Classic-McEliece-348864,KEM,1.0,1024,127.6196,0.202,0.1549,96,32,64,127.9764,True,1030,2025-09-09T13:37:58.509649+00:00,128,1,
Classic-McEliece-348864,KEM,1.0,1024,129.4218,0.2392,0.1065,96,32,64,129.7674,True,1031,2025-09-09T13:37:58.741604+00:00,128,1,
Classic-McEliece-348864,KEM,1.0,1024,101.0593,0.1591,0.0933,96,32,64,101.3118,True,1032,2025-09-09T13:37:58.943770+00:00,128,1,
Classic-McEliece-348864,KEM,1.0,1024,177.7938,0.1946,0.1077,96,32,64,178.096,True,1033,2025-09-09T13:37:59.222664+00:00,128,1,
Classic-McEliece-348864,KEM,1.0,1024,78.8877,0.148,0.0992,96,32,64,79.1348,True,1034,2025-09-09T13:37:59.402648+00:00,128,1,
Classic-McEliece-348864,KEM,1.0,1024,77.3755,0.1551,0.123,96,32,64,77.6536,True,1035,2025-09-09T13:37:59.581194+00:00,128,1,
Classic-McEliece-348864,KEM,1.0,1024,96.969,0.1951,0.1072,96,32,64,97.2713,True,1036,2025-09-09T13:37:59.779314+00:00,128,1,
Classic-McEliece-348864,KEM,1.0,1024,108.6386,0.4415,0.1523,96,32,64,109.2324,True,1037,2025-09-09T13:37:59.989640+00:00,128,1,
Classic-McEliece-348864,KEM,1.0,1024,112.1563,0.1762,0.1071,96,32,64,112.4396,True,1038,2025-09-09T13:38:00.202986+00:00,128,1,
Classic-McEliece-348864,KEM,1.0,1024,81.0854,0.2112,0.1447,96,32,64,81.4413,True,1039,2025-09-09T13:38:00.402238+00:00,128,1,
Classic-McEliece-348864,KEM,1.0,1024,75.1645,0.1718,0.0973,96,32,64,75.4336,True,1040,2025-09-09T13:38:00.578723+00:00,128,1,
Classic-McEliece-348864,KEM,1.0,1024,76.1253,0.2358,0.1337,96,32,64,76.4948,True,1041,2025-09-09T13:38:00.756354+00:00,128,1,
Classic-McEliece-348864,KEM,1.0,1024,140.9993,0.2766,0.1486,96,32,64,141.4244,True,1042,2025-09-09T13:38:00.998903+00:00,128,1,
Classic-McEliece-348864,KEM,1.0,1024,513.6018,0.4312,0.131,96,32,64,514.1639,True,1043,2025-09-09T13:38:01.629100+00:00,128,1,
Classic-McEliece-348864,KEM,1.0,1024,272.7188,0.6091,0.6827,96,32,64,274.0106,True,1044,2025-09-09T13:38:02.008822+00:00,128,1,
Classic-McEliece-348864,KEM,1.0,1024,342.5658,0.184,0.0971,96,32,64,342.8468,True,1045,2025-09-09T13:38:02.454197+00:00,128,1,
Classic-McEliece-348864,KEM,1.0,1024,281.1715,0.6342,0.8032,96,32,64,282.6088,True,1046,2025-09-09T13:38:02.840005+00:00,128,1,
Classic-McEliece-348864,KEM,1.0,1024,318.3526,0.2425,0.1387,96,32,64,318.7338,True,1047,2025-09-09T13:38:03.260611+00:00,128,1,
Classic-McEliece-348864,KEM,1.0,1024,256.2554,1.2852,0.9927,96,32,64,258.5333,True,1048,2025-09-09T13:38:03.624483+00:00,128,1,
Classic-McEliece-348864,KEM,1.0,1024,319.5722,0.2939,1.7064,96,32,64,321.5726,True,1049,2025-09-09T13:38:04.050001+00:00,128,1,
Classic-McEliece-348864,KEM,1.0,1024,194.4109,0.1952,0.1452,96,32,64,194.7513,True,1050,2025-09-09T13:38:04.347072+00:00,128,1,
Classic-McEliece-348864,KEM,2.0,2048,521.5783,2.2697,0.166,96,32,64,524.0141,True,1051,2025-09-09T13:38:04.973421+00:00,128,1,
Classic-McEliece-348864,KEM,2.0,2048,500.1668,0.9115,1.322,96,32,64,502.4002,True,1052,2025-09-09T13:38:05.586240+00:00,128,1,
Classic-McEliece-348864,KEM,2.0,2048,456.4055,1.8829,0.1833,96,32,64,458.4718,True,1053,2025-09-09T13:38:06.149466+00:00,128,1,
Classic-McEliece-348864,KEM,2.0,2048,361.4141,5.9535,0.1513,96,32,64,367.5189,True,1054,2025-09-09T13:38:06.624172+00:00,128,1,
Classic-McEliece-348864,KEM,2.0,2048,577.8268,19.67,0.1532,96,32,64,597.65,True,1055,2025-09-09T13:38:07.324116+00:00,128,1,
Classic-McEliece-348864,KEM,2.0,2048,285.6853,0.4919,0.1079,96,32,64,286.285,True,1056,2025-09-09T13:38:07.715126+00:00,128,1,
Classic-McEliece-348864,KEM,2.0,2048,431.9743,2.2121,0.1302,96,32,64,434.3165,True,1057,2025-09-09T13:38:08.258475+00:00,128,1,
Classic-McEliece-348864,KEM,2.0,2048,740.6567,0.3177,0.4266,96,32,64,741.401,True,1058,2025-09-09T13:38:09.106598+00:00,128,1,
Classic-McEliece-348864,KEM,2.0,2048,388.671,1.1145,0.1108,96,32,64,389.8963,True,1059,2025-09-09T13:38:09.601079+00:00,128,1,
Classic-McEliece-348864,KEM,2.0,2048,686.6807,0.6192,0.1703,96,32,64,687.4702,True,1060,2025-09-09T13:38:10.393421+00:00,128,1,
Classic-McEliece-348864,KEM,2.0,2048,283.1732,1.9688,0.1354,96,32,64,285.2774,True,1061,2025-09-09T13:38:10.784391+00:00,128,1,
Classic-McEliece-348864,KEM,2.0,2048,473.7864,1.7884,0.1369,96,32,64,475.7117,True,1062,2025-09-09T13:38:11.373741+00:00,128,1,
Classic-McEliece-348864,KEM,2.0,2048,271.7952,0.2634,0.1337,96,32,64,272.1923,True,1063,2025-09-09T13:38:11.764564+00:00,128,1,
Classic-McEliece-348864,KEM,2.0,2048,111.3181,0.2061,0.1274,96,32,64,111.6516,True,1064,2025-09-09T13:38:11.977836+00:00,128,1,
Classic-McEliece-348864,KEM,2.0,2048,239.2455,0.1898,0.1268,96,32,64,239.5621,True,1065,2025-09-09T13:38:12.318787+00:00,128,1,
Classic-McEliece-348864,KEM,2.0,2048,158.3874,0.1786,0.1249,96,32,64,158.6908,True,1066,2025-09-09T13:38:12.615417+00:00,128,1,
Classic-McEliece-348864,KEM,2.0,2048,128.2093,0.2041,0.115,96,32,64,128.5285,True,1067,2025-09-09T13:38:12.854563+00:00,128,1,
Classic-McEliece-348864,KEM,2.0,2048,130.5817,0.2099,0.1304,96,32,64,130.922,True,1068,2025-09-09T13:38:13.086862+00:00,128,1,
Classic-McEliece-348864,KEM,2.0,2048,153.349,0.3799,0.1102,96,32,64,153.8391,True,1069,2025-09-09T13:38:13.342124+00:00,128,1,
Classic-McEliece-348864,KEM,2.0,2048,113.7648,0.1834,0.1079,96,32,64,114.0562,True,1070,2025-09-09T13:38:13.557241+00:00,128,1,
Classic-McEliece-348864,KEM,2.0,2048,133.6658,0.1909,0.1209,96,32,64,133.9776,True,1071,2025-09-09T13:38:13.792252+00:00,128,1,
Classic-McEliece-348864,KEM,2.0,2048,107.8796,0.2039,0.1146,96,32,64,108.1981,True,1072,2025-09-09T13:38:14.001739+00:00,128,1,
Classic-McEliece-348864,KEM,2.0,2048,134.4028,0.2381,0.1453,96,32,64,134.7861,True,1073,2025-09-09T13:38:14.237798+00:00,128,1,
Classic-McEliece-348864,KEM,2.0,2048,96.0999,0.2662,0.1225,96,32,64,96.4886,True,1074,2025-09-09T13:38:14.435716+00:00,128,1,
Classic-McEliece-348864,KEM,2.0,2048,147.2856,0.1968,0.1189,96,32,64,147.6013,True,1075,2025-09-09T13:38:14.690032+00:00,128,1,
Classic-McEliece-348864,KEM,2.0,2048,228.3006,0.4193,0.2023,96,32,64,228.9222,True,1076,2025-09-09T13:38:15.020363+00:00,128,1,
Classic-McEliece-348864,KEM,2.0,2048,89.7776,0.5818,0.1283,96,32,64,90.4877,True,1077,2025-09-09T13:38:15.212165+00:00,128,1,
Classic-McEliece-348864,KEM,2.0,2048,141.556,0.1837,0.1105,96,32,64,141.8502,True,1078,2025-09-09T13:38:15.456558+00:00,128,1,
Classic-McEliece-348864,KEM,2.0,2048,125.9586,0.2218,0.1317,96,32,64,126.3121,True,1079,2025-09-09T13:38:15.683914+00:00,128,1,
Classic-McEliece-348864,KEM,2.0,2048,125.2748,0.4419,0.1295,96,32,64,125.8462,True,1080,2025-09-09T13:38:15.911897+00:00,128,1,
Classic-McEliece-348864,KEM,2.0,2048,114.1878,0.2291,0.1204,96,32,64,114.5373,True,1081,2025-09-09T13:38:16.134295+00:00,128,1,
Classic-McEliece-348864,KEM,2.0,2048,70.0522,0.2133,0.1214,96,32,64,70.3869,True,1082,2025-09-09T13:38:16.306147+00:00,128,1,
Classic-McEliece-348864,KEM,2.0,2048,95.7747,0.1891,0.1281,96,32,64,96.0919,True,1083,2025-09-09T13:38:16.504124+00:00,128,1,
Classic-McEliece-348864,KEM,2.0,2048,84.7725,0.2054,0.1132,96,32,64,85.091,True,1084,2025-09-09T13:38:16.690732+00:00,128,1,
Classic-McEliece-348864,KEM,2.0,2048,73.3552,0.2174,0.1066,96,32,64,73.6792,True,1085,2025-09-09T13:38:16.865890+00:00,128,1,
Classic-McEliece-348864,KEM,2.0,2048,82.7473,0.1649,0.124,96,32,64,83.0362,True,1086,2025-09-09T13:38:17.050359+00:00,128,1,
Classic-McEliece-348864,KEM,2.0,2048,82.4704,0.1669,0.1216,96,32,64,82.7589,True,1087,2025-09-09T13:38:17.234829+00:00,128,1,
Classic-McEliece-348864,KEM,2.0,2048,72.3751,0.2993,0.1198,96,32,64,72.7943,True,1088,2025-09-09T13:38:17.409008+00:00,128,1,
Classic-McEliece-348864,KEM,2.0,2048,116.1797,0.2206,0.106,96,32,64,116.5062,True,1089,2025-09-09T13:38:17.626749+00:00,128,1,
Classic-McEliece-348864,KEM,2.0,2048,86.0223,0.1876,0.1242,96,32,64,86.334,True,1090,2025-09-09T13:38:17.814473+00:00,128,1,
Classic-McEliece-348864,KEM,2.0,2048,76.2646,0.1788,0.1156,96,32,64,76.5589,True,1091,2025-09-09T13:38:17.992668+00:00,128,1,
Classic-McEliece-348864,KEM,2.0,2048,62.7735,0.1758,0.1214,96,32,64,63.0707,True,1092,2025-09-09T13:38:18.157258+00:00,128,1,
Classic-McEliece-348864,KEM,2.0,2048,152.8178,0.2125,0.1214,96,32,64,153.1517,True,1093,2025-09-09T13:38:18.412374+00:00,128,1,
Classic-McEliece-348864,KEM,2.0,2048,94.946,0.2107,0.1116,96,32,64,95.2682,True,1094,2025-09-09T13:38:18.613595+00:00,128,1,
Classic-McEliece-348864,KEM,2.0,2048,79.9305,0.218,0.1135,96,32,64,80.2619,True,1095,2025-09-09T13:38:18.795642+00:00,128,1,
Classic-McEliece-348864,KEM,2.0,2048,94.5714,0.5018,0.3408,96,32,64,95.414,True,1096,2025-09-09T13:38:18.992823+00:00,128,1,
Classic-McEliece-348864,KEM,2.0,2048,101.5589,0.1722,0.1057,96,32,64,101.8367,True,1097,2025-09-09T13:38:19.200607+00:00,128,1,
Classic-McEliece-348864,KEM,2.0,2048,66.1617,0.1758,0.1129,96,32,64,66.4504,True,1098,2025-09-09T13:38:19.368283+00:00,128,1,
Classic-McEliece-348864,KEM,2.0,2048,83.885,0.3417,0.1003,96,32,64,84.3271,True,1099,2025-09-09T13:38:19.561417+00:00,128,1,
Classic-McEliece-348864,KEM,2.0,2048,61.1192,0.2261,0.1118,96,32,64,61.4571,True,1100,2025-09-09T13:38:19.734181+00:00,128,1,
Classic-McEliece-348864,KEM,5.0,5120,72.6276,0.2086,0.1019,96,32,64,72.938,True,1101,2025-09-09T13:38:19.909477+00:00,128,1,
Classic-McEliece-348864,KEM,5.0,5120,108.8959,0.1908,0.1231,96,32,64,109.2098,True,1102,2025-09-09T13:38:20.122285+00:00,128,1,
Classic-McEliece-348864,KEM,5.0,5120,84.5177,0.1583,0.0871,96,32,64,84.7632,True,1103,2025-09-09T13:38:20.309832+00:00,128,1,
Classic-McEliece-348864,KEM,5.0,5120,72.8068,0.1802,0.0924,96,32,64,73.0794,True,1104,2025-09-09T13:38:20.484998+00:00,128,1,
Classic-McEliece-348864,KEM,5.0,5120,112.6046,0.1893,0.1013,96,32,64,112.8952,True,1105,2025-09-09T13:38:20.699867+00:00,128,1,
Classic-McEliece-348864,KEM,5.0,5120,65.5146,0.2164,0.1735,96,32,64,65.9046,True,1106,2025-09-09T13:38:20.868242+00:00,128,1,
Classic-McEliece-348864,KEM,5.0,5120,72.492,0.2004,0.1246,96,32,64,72.817,True,1107,2025-09-09T13:38:21.043702+00:00,128,1,
Classic-McEliece-348864,KEM,5.0,5120,71.1468,0.1653,0.1237,96,32,64,71.4358,True,1108,2025-09-09T13:38:21.217375+00:00,128,1,
Classic-McEliece-348864,KEM,5.0,5120,72.1577,0.2163,0.1174,96,32,64,72.4914,True,1109,2025-09-09T13:38:21.391777+00:00,128,1,
Classic-McEliece-348864,KEM,5.0,5120,114.8031,0.2314,0.1427,96,32,64,115.1772,True,1110,2025-09-09T13:38:21.608972+00:00,128,1,
Classic-McEliece-348864,KEM,5.0,5120,81.9205,0.3196,0.1057,96,32,64,82.3459,True,1111,2025-09-09T13:38:21.793499+00:00,128,1,
Classic-McEliece-348864,KEM,5.0,5120,75.7106,0.2006,0.1087,96,32,64,76.0198,True,1112,2025-09-09T13:38:21.974816+00:00,128,1,
Classic-McEliece-348864,KEM,5.0,5120,140.623,0.1595,0.1066,96,32,64,140.8892,True,1113,2025-09-09T13:38:22.217672+00:00,128,1,
Classic-McEliece-348864,KEM,5.0,5120,61.3482,0.1627,0.1086,96,32,64,61.6196,True,1114,2025-09-09T13:38:22.381499+00:00,128,1,
Classic-McEliece-348864,KEM,5.0,5120,81.861,0.1745,0.1231,96,32,64,82.1586,True,1115,2025-09-09T13:38:22.566504+00:00,128,1,
Classic-McEliece-348864,KEM,5.0,5120,87.2893,0.1581,0.1125,96,32,64,87.5598,True,1116,2025-09-09T13:38:22.756789+00:00,128,1,
Classic-McEliece-348864,KEM,5.0,5120,93.0219,0.1546,0.0895,96,32,64,93.266,True,1117,2025-09-09T13:38:22.951956+00:00,128,1,
Classic-McEliece-348864,KEM,5.0,5120,88.3903,0.2152,0.1132,96,32,64,88.7187,True,1118,2025-09-09T13:38:23.142735+00:00,128,1,
Classic-McEliece-348864,KEM,5.0,5120,111.5777,0.2027,0.1186,96,32,64,111.899,True,1119,2025-09-09T13:38:23.364749+00:00,128,1,
Classic-McEliece-348864,KEM,5.0,5120,73.5669,0.1851,0.1084,96,32,64,73.8603,True,1120,2025-09-09T13:38:23.541028+00:00,128,1,
Classic-McEliece-348864,KEM,5.0,5120,109.3184,0.1891,0.1085,96,32,64,109.616,True,1121,2025-09-09T13:38:23.761235+00:00,128,1,
Classic-McEliece-348864,KEM,5.0,5120,129.9567,0.194,0.111,96,32,64,130.2617,True,1122,2025-09-09T13:38:23.994125+00:00,128,1,
Classic-McEliece-348864,KEM,5.0,5120,82.2737,0.3867,0.2405,96,32,64,82.9009,True,1123,2025-09-09T13:38:24.179604+00:00,128,1,
Classic-McEliece-348864,KEM,5.0,5120,143.0745,0.2109,0.1243,96,32,64,143.4097,True,1124,2025-09-09T13:38:24.428366+00:00,128,1,
Classic-McEliece-348864,KEM,5.0,5120,72.4184,0.165,0.1065,96,32,64,72.6899,True,1125,2025-09-09T13:38:24.606471+00:00,128,1,
Classic-McEliece-348864,KEM,5.0,5120,76.7867,0.1469,0.1221,96,32,64,77.0557,True,1126,2025-09-09T13:38:24.790998+00:00,128,1,
Classic-McEliece-348864,KEM,5.0,5120,104.7105,0.1419,0.0871,96,32,64,104.9395,True,1127,2025-09-09T13:38:24.997913+00:00,128,1,
Classic-McEliece-348864,KEM,5.0,5120,88.2095,0.1733,0.1287,96,32,64,88.5114,True,1128,2025-09-09T13:38:25.188682+00:00,128,1,
Classic-McEliece-348864,KEM,5.0,5120,64.924,0.2618,0.1162,96,32,64,65.302,True,1129,2025-09-09T13:38:25.355681+00:00,128,1,
Classic-McEliece-348864,KEM,5.0,5120,151.4493,0.1645,0.1083,96,32,64,151.7221,True,1130,2025-09-09T13:38:25.609658+00:00,128,1,
Classic-McEliece-348864,KEM,5.0,5120,104.6755,0.1757,0.0976,96,32,64,104.9487,True,1131,2025-09-09T13:38:25.816379+00:00,128,1,
Classic-McEliece-348864,KEM,5.0,5120,183.74,0.2434,0.1254,96,32,64,184.1088,True,1132,2025-09-09T13:38:26.102508+00:00,128,1,
Classic-McEliece-348864,KEM,5.0,5120,83.8584,0.1681,0.0918,96,32,64,84.1183,True,1133,2025-09-09T13:38:26.288928+00:00,128,1,
Classic-McEliece-348864,KEM,5.0,5120,100.5401,0.1928,0.1348,96,32,64,100.8677,True,1134,2025-09-09T13:38:26.493171+00:00,128,1,
Classic-McEliece-348864,KEM,5.0,5120,113.5629,0.2037,0.1135,96,32,64,113.8801,True,1135,2025-09-09T13:38:26.725131+00:00,128,1,
Classic-McEliece-348864,KEM,5.0,5120,114.5652,0.2468,0.1512,96,32,64,114.9631,True,1136,2025-09-09T13:38:26.951379+00:00,128,1,
Classic-McEliece-348864,KEM,5.0,5120,142.007,0.3171,0.1683,96,32,64,142.4924,True,1137,2025-09-09T13:38:27.195894+00:00,128,1,
Classic-McEliece-348864,KEM,5.0,5120,277.5529,0.1706,0.1064,96,32,64,277.8298,True,1138,2025-09-09T13:38:27.583385+00:00,128,1,
Classic-McEliece-348864,KEM,5.0,5120,74.2773,0.17,0.1142,96,32,64,74.5614,True,1139,2025-09-09T13:38:27.761673+00:00,128,1,
Classic-McEliece-348864,KEM,5.0,5120,88.6066,0.1924,0.1202,96,32,64,88.9193,True,1140,2025-09-09T13:38:27.952566+00:00,128,1,
Classic-McEliece-348864,KEM,5.0,5120,128.213,0.1836,0.107,96,32,64,128.5036,True,1141,2025-09-09T13:38:28.182912+00:00,128,1,
Classic-McEliece-348864,KEM,5.0,5120,99.0091,0.1664,0.1148,96,32,64,99.2902,True,1142,2025-09-09T13:38:28.384161+00:00,128,1,
Classic-McEliece-348864,KEM,5.0,5120,106.1237,0.1957,0.1045,96,32,64,106.4239,True,1143,2025-09-09T13:38:28.594193+00:00,128,1,
Classic-McEliece-348864,KEM,5.0,5120,74.4126,0.188,0.0954,96,32,64,74.696,True,1144,2025-09-09T13:38:28.771704+00:00,128,1,
Classic-McEliece-348864,KEM,5.0,5120,108.3364,0.1769,0.1187,96,32,64,108.632,True,1145,2025-09-09T13:38:28.982128+00:00,128,1,
Classic-McEliece-348864,KEM,5.0,5120,69.41,0.2026,0.1098,96,32,64,69.7224,True,1146,2025-09-09T13:38:29.153686+00:00,128,1,
Classic-McEliece-348864,KEM,5.0,5120,88.8601,0.1987,0.1226,96,32,64,89.1815,True,1147,2025-09-09T13:38:29.346802+00:00,128,1,
Classic-McEliece-348864,KEM,5.0,5120,112.2168,0.2263,0.123,96,32,64,112.5661,True,1148,2025-09-09T13:38:29.565438+00:00,128,1,
Classic-McEliece-348864,KEM,5.0,5120,157.1077,0.2658,0.819,96,32,64,158.1925,True,1149,2025-09-09T13:38:29.829519+00:00,128,1,
Classic-McEliece-348864,KEM,5.0,5120,88.0544,0.3027,0.1562,96,32,64,88.5133,True,1150,2025-09-09T13:38:30.023812+00:00,128,1,
Classic-McEliece-348864,KEM,10.0,10240,121.7885,0.2161,0.1775,96,32,64,122.1821,True,1151,2025-09-09T13:38:30.259481+00:00,128,1,
Classic-McEliece-348864,KEM,10.0,10240,80.6461,0.1402,0.0888,96,32,64,80.8751,True,1152,2025-09-09T13:38:30.443214+00:00,128,1,
Classic-McEliece-348864,KEM,10.0,10240,67.7599,0.1688,0.1065,96,32,64,68.0352,True,1153,2025-09-09T13:38:30.614231+00:00,128,1,
Classic-McEliece-348864,KEM,10.0,10240,85.1171,0.2294,0.1189,96,32,64,85.4654,True,1154,2025-09-09T13:38:30.805885+00:00,128,1,
Classic-McEliece-348864,KEM,10.0,10240,114.4991,0.1692,0.105,96,32,64,114.7733,True,1155,2025-09-09T13:38:31.032331+00:00,128,1,
Classic-McEliece-348864,KEM,10.0,10240,82.9288,0.249,0.1144,96,32,64,83.2923,True,1156,2025-09-09T13:38:31.219876+00:00,128,1,
Classic-McEliece-348864,KEM,10.0,10240,100.2639,0.1821,0.1245,96,32,64,100.5705,True,1157,2025-09-09T13:38:31.424772+00:00,128,1,
Classic-McEliece-348864,KEM,10.0,10240,170.6809,0.1616,0.1097,96,32,64,170.9522,True,1158,2025-09-09T13:38:31.698913+00:00,128,1,
Classic-McEliece-348864,KEM,10.0,10240,109.7571,1.4443,0.1636,96,32,64,111.365,True,1159,2025-09-09T13:38:31.913474+00:00,128,1,
Classic-McEliece-348864,KEM,10.0,10240,145.5164,0.2653,0.1299,96,32,64,145.9116,True,1160,2025-09-09T13:38:32.166339+00:00,128,1,
Classic-McEliece-348864,KEM,10.0,10240,64.5274,0.1893,0.1158,96,32,64,64.8325,True,1161,2025-09-09T13:38:32.339333+00:00,128,1,
Classic-McEliece-348864,KEM,10.0,10240,203.318,0.2448,0.1044,96,32,64,203.6672,True,1162,2025-09-09T13:38:32.646411+00:00,128,1,
Classic-McEliece-348864,KEM,10.0,10240,66.9642,0.1912,0.1728,96,32,64,67.3282,True,1163,2025-09-09T13:38:32.824159+00:00,128,1,
Classic-McEliece-348864,KEM,10.0,10240,85.2365,0.179,0.1595,96,32,64,85.575,True,1164,2025-09-09T13:38:33.013570+00:00,128,1,
Classic-McEliece-348864,KEM,10.0,10240,71.2206,0.4835,0.1327,96,32,64,71.8367,True,1165,2025-09-09T13:38:33.188630+00:00,128,1,
Classic-McEliece-348864,KEM,10.0,10240,121.0648,0.1541,0.0892,96,32,64,121.3081,True,1166,2025-09-09T13:38:33.413614+00:00,128,1,
Classic-McEliece-348864,KEM,10.0,10240,76.5735,0.2307,0.1146,96,32,64,76.9188,True,1167,2025-09-09T13:38:33.594995+00:00,128,1,
Classic-McEliece-348864,KEM,10.0,10240,80.6523,0.4537,0.1853,96,32,64,81.2912,True,1168,2025-09-09T13:38:33.779511+00:00,128,1,
Classic-McEliece-348864,KEM,10.0,10240,101.5277,1.3347,0.1526,96,32,64,103.015,True,1169,2025-09-09T13:38:33.995975+00:00,128,1,
Classic-McEliece-348864,KEM,10.0,10240,78.2607,0.208,0.1074,96,32,64,78.5762,True,1170,2025-09-09T13:38:34.179118+00:00,128,1,
Classic-McEliece-348864,KEM,10.0,10240,138.3169,0.2065,0.119,96,32,64,138.6424,True,1171,2025-09-09T13:38:34.422739+00:00,128,1,
Classic-McEliece-348864,KEM,10.0,10240,117.6464,0.2661,0.6557,96,32,64,118.5682,True,1172,2025-09-09T13:38:34.644386+00:00,128,1,
Classic-McEliece-348864,KEM,10.0,10240,65.3347,0.2404,0.1125,96,32,64,65.6876,True,1173,2025-09-09T13:38:34.815784+00:00,128,1,
Classic-McEliece-348864,KEM,10.0,10240,68.8721,0.1962,0.1093,96,32,64,69.1776,True,1174,2025-09-09T13:38:34.987722+00:00,128,1,
Classic-McEliece-348864,KEM,10.0,10240,87.9749,0.2127,0.1119,96,32,64,88.2995,True,1175,2025-09-09T13:38:35.187014+00:00,128,1,
Classic-McEliece-348864,KEM,10.0,10240,83.4387,0.2024,0.1078,96,32,64,83.749,True,1176,2025-09-09T13:38:35.376077+00:00,128,1,
Classic-McEliece-348864,KEM,10.0,10240,86.3143,0.1638,0.1013,96,32,64,86.5794,True,1177,2025-09-09T13:38:35.567234+00:00,128,1,
Classic-McEliece-348864,KEM,10.0,10240,90.2601,0.1771,0.1299,96,32,64,90.5672,True,1178,2025-09-09T13:38:35.762682+00:00,128,1,
Classic-McEliece-348864,KEM,10.0,10240,146.4506,0.2049,0.1245,96,32,64,146.78,True,1179,2025-09-09T13:38:36.015000+00:00,128,1,
Classic-McEliece-348864,KEM,10.0,10240,98.5573,0.2023,0.1483,96,32,64,98.9078,True,1180,2025-09-09T13:38:36.223564+00:00,128,1,
Classic-McEliece-348864,KEM,10.0,10240,141.5983,0.421,0.2075,96,32,64,142.2268,True,1181,2025-09-09T13:38:36.473761+00:00,128,1,
Classic-McEliece-348864,KEM,10.0,10240,160.1396,0.1609,0.1195,96,32,64,160.42,True,1182,2025-09-09T13:38:36.737431+00:00,128,1,
Classic-McEliece-348864,KEM,10.0,10240,90.105,0.4214,0.1606,96,32,64,90.687,True,1183,2025-09-09T13:38:36.932262+00:00,128,1,
Classic-McEliece-348864,KEM,10.0,10240,85.474,0.3342,0.1531,96,32,64,85.9614,True,1184,2025-09-09T13:38:37.134390+00:00,128,1,
Classic-McEliece-348864,KEM,10.0,10240,112.8473,0.2095,0.128,96,32,64,113.1849,True,1185,2025-09-09T13:38:37.350951+00:00,128,1,
Classic-McEliece-348864,KEM,10.0,10240,89.2106,0.2762,0.1135,96,32,64,89.6003,True,1186,2025-09-09T13:38:37.543755+00:00,128,1,
Classic-McEliece-348864,KEM,10.0,10240,90.1776,0.1777,0.1172,96,32,64,90.4725,True,1187,2025-09-09T13:38:37.738106+00:00,128,1,
Classic-McEliece-348864,KEM,10.0,10240,223.2208,0.1825,0.1131,96,32,64,223.5164,True,1188,2025-09-09T13:38:38.065508+00:00,128,1,
Classic-McEliece-348864,KEM,10.0,10240,137.3024,0.2442,0.1116,96,32,64,137.6581,True,1189,2025-09-09T13:38:38.306089+00:00,128,1,
Classic-McEliece-348864,KEM,10.0,10240,130.7044,0.1935,0.1243,96,32,64,131.0222,True,1190,2025-09-09T13:38:38.540288+00:00,128,1,
Classic-McEliece-348864,KEM,10.0,10240,167.6591,0.1629,0.1053,96,32,64,167.9273,True,1191,2025-09-09T13:38:38.812672+00:00,128,1,
Classic-McEliece-348864,KEM,10.0,10240,137.5202,0.2041,0.1104,96,32,64,137.8348,True,1192,2025-09-09T13:38:39.054135+00:00,128,1,
Classic-McEliece-348864,KEM,10.0,10240,119.5764,0.2007,0.1103,96,32,64,119.8874,True,1193,2025-09-09T13:38:39.321127+00:00,128,1,
Classic-McEliece-348864,KEM,10.0,10240,166.7032,0.1867,0.1097,96,32,64,166.9996,True,1194,2025-09-09T13:38:39.591984+00:00,128,1,
Classic-McEliece-348864,KEM,10.0,10240,97.913,0.1816,0.1074,96,32,64,98.202,True,1195,2025-09-09T13:38:39.793043+00:00,128,1,
Classic-McEliece-348864,KEM,10.0,10240,176.0236,0.4565,0.1523,96,32,64,176.6324,True,1196,2025-09-09T13:38:40.072854+00:00,128,1,
Classic-McEliece-348864,KEM,10.0,10240,110.319,0.184,0.1169,96,32,64,110.62,True,1197,2025-09-09T13:38:40.288028+00:00,128,1,
Classic-McEliece-348864,KEM,10.0,10240,98.6539,0.2674,0.1197,96,32,64,99.0409,True,1198,2025-09-09T13:38:40.489784+00:00,128,1,
Classic-McEliece-348864,KEM,10.0,10240,84.4124,0.2282,0.1166,96,32,64,84.7571,True,1199,2025-09-09T13:38:40.678580+00:00,128,1,
Classic-McEliece-348864,KEM,10.0,10240,112.5396,0.2094,0.1491,96,32,64,112.898,True,1200,2025-09-09T13:38:40.895565+00:00,128,1,
Classic-McEliece-348864f,KEM,0.1,102,88.4311,0.219,0.1293,96,32,64,88.7794,True,1201,2025-09-09T13:38:41.110947+00:00,128,1,
Classic-McEliece-348864f,KEM,0.1,102,77.4543,0.1801,1.0959,96,32,64,78.7302,True,1202,2025-09-09T13:38:41.291767+00:00,128,1,
Classic-McEliece-348864f,KEM,0.1,102,87.4802,0.1795,0.1131,96,32,64,87.7728,True,1203,2025-09-09T13:38:41.480270+00:00,128,1,
Classic-McEliece-348864f,KEM,0.1,102,81.2912,0.1758,0.1079,96,32,64,81.5749,True,1204,2025-09-09T13:38:41.662550+00:00,128,1,
Classic-McEliece-348864f,KEM,0.1,102,91.1627,0.1882,0.114,96,32,64,91.465,True,1205,2025-09-09T13:38:41.855152+00:00,128,1,
Classic-McEliece-348864f,KEM,0.1,102,77.8847,0.1606,0.1019,96,32,64,78.1472,True,1206,2025-09-09T13:38:42.034283+00:00,128,1,
Classic-McEliece-348864f,KEM,0.1,102,73.2114,0.1839,0.1129,96,32,64,73.5082,True,1207,2025-09-09T13:38:42.209123+00:00,128,1,
Classic-McEliece-348864f,KEM,0.1,102,81.3356,0.2063,0.1221,96,32,64,81.664,True,1208,2025-09-09T13:38:42.391779+00:00,128,1,
Classic-McEliece-348864f,KEM,0.1,102,86.2519,0.2026,0.1387,96,32,64,86.5932,True,1209,2025-09-09T13:38:42.579430+00:00,128,1,
Classic-McEliece-348864f,KEM,0.1,102,102.9724,0.1549,0.0896,96,32,64,103.2169,True,1210,2025-09-09T13:38:42.786730+00:00,128,1,
Classic-McEliece-348864f,KEM,0.1,102,82.9502,0.155,0.1204,96,32,64,83.2256,True,1211,2025-09-09T13:38:42.970829+00:00,128,1,
Classic-McEliece-348864f,KEM,0.1,102,94.8481,0.1689,0.1068,96,32,64,95.1238,True,1212,2025-09-09T13:38:43.166767+00:00,128,1,
Classic-McEliece-348864f,KEM,0.1,102,79.7194,0.2297,0.1183,96,32,64,80.0674,True,1213,2025-09-09T13:38:43.347692+00:00,128,1,
Classic-McEliece-348864f,KEM,0.1,102,68.6253,0.2368,0.1171,96,32,64,68.9791,True,1214,2025-09-09T13:38:43.517387+00:00,128,1,
Classic-McEliece-348864f,KEM,0.1,102,66.848,0.5012,0.3844,96,32,64,67.7336,True,1215,2025-09-09T13:38:43.685959+00:00,128,1,
Classic-McEliece-348864f,KEM,0.1,102,135.9372,0.1817,0.131,96,32,64,136.2498,True,1216,2025-09-09T13:38:43.923404+00:00,128,1,
Classic-McEliece-348864f,KEM,0.1,102,104.6175,0.188,0.1105,96,32,64,104.916,True,1217,2025-09-09T13:38:44.129805+00:00,128,1,
Classic-McEliece-348864f,KEM,0.1,102,97.5242,0.3096,0.1207,96,32,64,97.9544,True,1218,2025-09-09T13:38:44.328802+00:00,128,1,
Classic-McEliece-348864f,KEM,0.1,102,104.3825,0.179,0.1221,96,32,64,104.6835,True,1219,2025-09-09T13:38:44.538300+00:00,128,1,
Classic-McEliece-348864f,KEM,0.1,102,66.8343,0.1942,0.1173,96,32,64,67.1458,True,1220,2025-09-09T13:38:44.706099+00:00,128,1,
Classic-McEliece-348864f,KEM,0.1,102,98.1695,0.2191,0.1198,96,32,64,98.5084,True,1221,2025-09-09T13:38:44.906581+00:00,128,1,
Classic-McEliece-348864f,KEM,0.1,102,143.3798,0.193,0.1233,96,32,64,143.6961,True,1222,2025-09-09T13:38:45.151218+00:00,128,1,
Classic-McEliece-348864f,KEM,0.1,102,87.5069,0.2064,0.113,96,32,64,87.8263,True,1223,2025-09-09T13:38:45.339845+00:00,128,1,
Classic-McEliece-348864f,KEM,0.1,102,100.1694,0.1848,0.1238,96,32,64,100.4779,True,1224,2025-09-09T13:38:45.541376+00:00,128,1,
Classic-McEliece-348864f,KEM,0.1,102,114.3616,0.1427,0.0882,96,32,64,114.5925,True,1225,2025-09-09T13:38:45.756677+00:00,128,1,
Classic-McEliece-348864f,KEM,0.1,102,90.0617,0.2347,0.102,96,32,64,90.3984,True,1226,2025-09-09T13:38:45.947738+00:00,128,1,
Classic-McEliece-348864f,KEM,0.1,102,119.9618,0.2054,0.1045,96,32,64,120.2718,True,1227,2025-09-09T13:38:46.168701+00:00,128,1,
Classic-McEliece-348864f,KEM,0.1,102,90.8206,0.5125,0.1526,96,32,64,91.4857,True,1228,2025-09-09T13:38:46.361329+00:00,128,1,
Classic-McEliece-348864f,KEM,0.1,102,69.9493,0.1628,0.0854,96,32,64,70.1974,True,1229,2025-09-09T13:38:46.532586+00:00,128,1,
Classic-McEliece-348864f,KEM,0.1,102,71.8202,0.1742,0.109,96,32,64,72.1033,True,1230,2025-09-09T13:38:46.705791+00:00,128,1,
Classic-McEliece-348864f,KEM,0.1,102,72.4978,0.1875,0.1389,96,32,64,72.8242,True,1231,2025-09-09T13:38:46.879317+00:00,128,1,
Classic-McEliece-348864f,KEM,0.1,102,68.3628,0.151,0.0962,96,32,64,68.61,True,1232,2025-09-09T13:38:47.055871+00:00,128,1,
Classic-McEliece-348864f,KEM,0.1,102,99.4716,0.1962,0.1246,96,32,64,99.7924,True,1233,2025-09-09T13:38:47.256334+00:00,128,1,
Classic-McEliece-348864f,KEM,0.1,102,179.3313,0.1856,0.1074,96,32,64,179.6244,True,1234,2025-09-09T13:38:47.536771+00:00,128,1,
Classic-McEliece-348864f,KEM,0.1,102,87.7065,0.1769,0.1059,96,32,64,87.9893,True,1235,2025-09-09T13:38:47.727101+00:00,128,1,
Classic-McEliece-348864f,KEM,0.1,102,136.0362,0.2019,0.1176,96,32,64,136.3558,True,1236,2025-09-09T13:38:47.964214+00:00,128,1,
Classic-McEliece-348864f,KEM,0.1,102,76.9156,0.1815,0.1096,96,32,64,77.2067,True,1237,2025-09-09T13:38:48.147097+00:00,128,1,
Classic-McEliece-348864f,KEM,0.1,102,139.0231,0.25,0.173,96,32,64,139.4461,True,1238,2025-09-09T13:38:48.387596+00:00,128,1,
Classic-McEliece-348864f,KEM,0.1,102,75.604,0.1974,0.1124,96,32,64,75.9139,True,1239,2025-09-09T13:38:48.566487+00:00,128,1,
Classic-McEliece-348864f,KEM,0.1,102,84.397,0.1407,0.1109,96,32,64,84.6486,True,1240,2025-09-09T13:38:48.752356+00:00,128,1,
Classic-McEliece-348864f,KEM,0.1,102,84.4653,0.1951,0.1028,96,32,64,84.7632,True,1241,2025-09-09T13:38:48.937822+00:00,128,1,
Classic-McEliece-348864f,KEM,0.1,102,96.2397,0.164,0.0864,96,32,64,96.4901,True,1242,2025-09-09T13:38:49.134995+00:00,128,1,
Classic-McEliece-348864f,KEM,0.1,102,73.2947,0.2171,0.137,96,32,64,73.6488,True,1243,2025-09-09T13:38:49.313339+00:00,128,1,
Classic-McEliece-348864f,KEM,0.1,102,131.3731,0.1894,0.1135,96,32,64,131.676,True,1244,2025-09-09T13:38:49.546186+00:00,128,1,
Classic-McEliece-348864f,KEM,0.1,102,88.1876,0.1727,0.121,96,32,64,88.4812,True,1245,2025-09-09T13:38:49.754888+00:00,128,1,
Classic-McEliece-348864f,KEM,0.1,102,70.7751,0.1338,0.0965,96,32,64,71.0055,True,1246,2025-09-09T13:38:49.928996+00:00,128,1,
Classic-McEliece-348864f,KEM,0.1,102,103.5306,0.1533,0.0886,96,32,64,103.7726,True,1247,2025-09-09T13:38:50.133408+00:00,128,1,
Classic-McEliece-348864f,KEM,0.1,102,95.9234,0.1997,0.1362,96,32,64,96.2593,True,1248,2025-09-09T13:38:50.330260+00:00,128,1,
Classic-McEliece-348864f,KEM,0.1,102,97.2353,0.2149,0.1341,96,32,64,97.5843,True,1249,2025-09-09T13:38:50.528579+00:00,128,1,
Classic-McEliece-348864f,KEM,0.1,102,134.4472,0.7809,0.1385,96,32,64,135.3665,True,1250,2025-09-09T13:38:50.765025+00:00,128,1,
Classic-McEliece-348864f,KEM,0.5,512,106.1265,0.1812,0.1037,96,32,64,106.4114,True,1251,2025-09-09T13:38:50.972590+00:00,128,1,
Classic-McEliece-348864f,KEM,0.5,512,108.1003,0.1715,0.1194,96,32,64,108.3912,True,1252,2025-09-09T13:38:51.181945+00:00,128,1,
Classic-McEliece-348864f,KEM,0.5,512,82.667,0.1736,0.0877,96,32,64,82.9284,True,1253,2025-09-09T13:38:51.365828+00:00,128,1,
Classic-McEliece-348864f,KEM,0.5,512,70.6454,0.1376,0.0877,96,32,64,70.8707,True,1254,2025-09-09T13:38:51.537457+00:00,128,1,
Classic-McEliece-348864f,KEM,0.5,512,70.0466,0.17,0.121,96,32,64,70.3377,True,1255,2025-09-09T13:38:51.708526+00:00,128,1,
Classic-McEliece-348864f,KEM,0.5,512,81.115,0.2078,0.1157,96,32,64,81.4385,True,1256,2025-09-09T13:38:51.891076+00:00,128,1,
Classic-McEliece-348864f,KEM,0.5,512,113.8681,0.1472,0.1091,96,32,64,114.1244,True,1257,2025-09-09T13:38:52.107030+00:00,128,1,
Classic-McEliece-348864f,KEM,0.5,512,97.3426,0.4415,0.1034,96,32,64,97.8874,True,1258,2025-09-09T13:38:52.306291+00:00,128,1,
Classic-McEliece-348864f,KEM,0.5,512,98.621,0.1885,0.1223,96,32,64,98.9318,True,1259,2025-09-09T13:38:52.506023+00:00,128,1,
Classic-McEliece-348864f,KEM,0.5,512,88.4978,0.324,0.123,96,32,64,88.9448,True,1260,2025-09-09T13:38:52.695773+00:00,128,1,
Classic-McEliece-348864f,KEM,0.5,512,71.4441,0.196,0.0932,96,32,64,71.7334,True,1261,2025-09-09T13:38:52.868328+00:00,128,1,
Classic-McEliece-348864f,KEM,0.5,512,76.2464,0.1948,0.1218,96,32,64,76.563,True,1262,2025-09-09T13:38:53.045928+00:00,128,1,
Classic-McEliece-348864f,KEM,0.5,512,84.6202,0.1992,0.1077,96,32,64,84.9271,True,1263,2025-09-09T13:38:53.231645+00:00,128,1,
Classic-McEliece-348864f,KEM,0.5,512,92.6123,0.1771,0.091,96,32,64,92.8804,True,1264,2025-09-09T13:38:53.425211+00:00,128,1,
Classic-McEliece-348864f,KEM,0.5,512,63.9101,0.1794,0.1053,96,32,64,64.1948,True,1265,2025-09-09T13:38:53.590175+00:00,128,1,
Classic-McEliece-348864f,KEM,0.5,512,64.1853,0.143,0.0854,96,32,64,64.4136,True,1266,2025-09-09T13:38:53.755403+00:00,128,1,
Classic-McEliece-348864f,KEM,0.5,512,67.8109,0.1724,0.1231,96,32,64,68.1064,True,1267,2025-09-09T13:38:53.924358+00:00,128,1,
Classic-McEliece-348864f,KEM,0.5,512,66.5658,0.2124,0.1062,96,32,64,66.8843,True,1268,2025-09-09T13:38:54.094761+00:00,128,1,
Classic-McEliece-348864f,KEM,0.5,512,87.2615,0.1708,0.1297,96,32,64,87.562,True,1269,2025-09-09T13:38:54.285046+00:00,128,1,
Classic-McEliece-348864f,KEM,0.5,512,65.1312,0.1492,0.0874,96,32,64,65.3678,True,1270,2025-09-09T13:38:54.451222+00:00,128,1,
Classic-McEliece-348864f,KEM,0.5,512,80.8112,0.1882,0.1168,96,32,64,81.1162,True,1271,2025-09-09T13:38:54.633135+00:00,128,1,
Classic-McEliece-348864f,KEM,0.5,512,65.0942,0.1471,0.2099,96,32,64,65.4513,True,1272,2025-09-09T13:38:54.799468+00:00,128,1,
Classic-McEliece-348864f,KEM,0.5,512,67.6996,0.1377,0.0972,96,32,64,67.9345,True,1273,2025-09-09T13:38:54.968232+00:00,128,1,
Classic-McEliece-348864f,KEM,0.5,512,76.6736,0.2481,0.1117,96,32,64,77.0334,True,1274,2025-09-09T13:38:55.146189+00:00,128,1,
Classic-McEliece-348864f,KEM,0.5,512,64.8404,0.1433,0.1176,96,32,64,65.1014,True,1275,2025-09-09T13:38:55.312126+00:00,128,1,
Classic-McEliece-348864f,KEM,0.5,512,69.8274,0.1479,0.1272,96,32,64,70.1026,True,1276,2025-09-09T13:38:55.483357+00:00,128,1,
Classic-McEliece-348864f,KEM,0.5,512,118.079,0.1975,0.2176,96,32,64,118.4941,True,1277,2025-09-09T13:38:55.711684+00:00,128,1,
Classic-McEliece-348864f,KEM,0.5,512,105.0954,0.1579,0.1217,96,32,64,105.3751,True,1278,2025-09-09T13:38:55.917959+00:00,128,1,
Classic-McEliece-348864f,KEM,0.5,512,67.1553,0.2083,0.1403,96,32,64,67.5039,True,1279,2025-09-09T13:38:56.098225+00:00,128,1,
Classic-McEliece-348864f,KEM,0.5,512,78.9505,0.1816,0.1108,96,32,64,79.2429,True,1280,2025-09-09T13:38:56.278271+00:00,128,1,
Classic-McEliece-348864f,KEM,0.5,512,65.0816,0.1545,0.1255,96,32,64,65.3617,True,1281,2025-09-09T13:38:56.444525+00:00,128,1,
Classic-McEliece-348864f,KEM,0.5,512,92.7385,0.1608,0.1082,96,32,64,93.0074,True,1282,2025-09-09T13:38:56.638332+00:00,128,1,
Classic-McEliece-348864f,KEM,0.5,512,83.0531,0.202,0.1278,96,32,64,83.3829,True,1283,2025-09-09T13:38:56.829899+00:00,128,1,
Classic-McEliece-348864f,KEM,0.5,512,106.8819,0.1667,0.1109,96,32,64,107.1596,True,1284,2025-09-09T13:38:57.037918+00:00,128,1,
Classic-McEliece-348864f,KEM,0.5,512,85.522,0.769,0.1386,96,32,64,86.4295,True,1285,2025-09-09T13:38:57.225204+00:00,128,1,
Classic-McEliece-348864f,KEM,0.5,512,89.378,0.3526,0.1258,96,32,64,89.8564,True,1286,2025-09-09T13:38:57.415923+00:00,128,1,
Classic-McEliece-348864f,KEM,0.5,512,95.9895,0.1716,0.1253,96,32,64,96.2864,True,1287,2025-09-09T13:38:57.612987+00:00,128,1,
Classic-McEliece-348864f,KEM,0.5,512,65.4839,0.2414,0.1158,96,32,64,65.8412,True,1288,2025-09-09T13:38:57.785690+00:00,128,1,
Classic-McEliece-348864f,KEM,0.5,512,88.757,0.2309,0.1229,96,32,64,89.1108,True,1289,2025-09-09T13:38:57.975702+00:00,128,1,
Classic-McEliece-348864f,KEM,0.5,512,112.5011,0.1586,0.1244,96,32,64,112.7841,True,1290,2025-09-09T13:38:58.189318+00:00,128,1,
Classic-McEliece-348864f,KEM,0.5,512,102.9736,0.1711,0.1256,96,32,64,103.2703,True,1291,2025-09-09T13:38:58.393608+00:00,128,1,
Classic-McEliece-348864f,KEM,0.5,512,94.0351,0.1525,0.1212,96,32,64,94.3088,True,1292,2025-09-09T13:38:58.588769+00:00,128,1,
Classic-McEliece-348864f,KEM,0.5,512,96.6668,0.1588,0.1255,96,32,64,96.9511,True,1293,2025-09-09T13:38:58.786492+00:00,128,1,
Classic-McEliece-348864f,KEM,0.5,512,75.5117,0.1892,0.1338,96,32,64,75.8346,True,1294,2025-09-09T13:38:58.963120+00:00,128,1,
Classic-McEliece-348864f,KEM,0.5,512,60.2421,0.1362,0.0957,96,32,64,60.4739,True,1295,2025-09-09T13:38:59.124421+00:00,128,1,
Classic-McEliece-348864f,KEM,0.5,512,80.5879,0.1838,0.0998,96,32,64,80.8715,True,1296,2025-09-09T13:38:59.306817+00:00,128,1,
Classic-McEliece-348864f,KEM,0.5,512,83.3973,0.1642,0.1358,96,32,64,83.6973,True,1297,2025-09-09T13:38:59.491464+00:00,128,1,
Classic-McEliece-348864f,KEM,0.5,512,67.9726,0.1983,0.0898,96,32,64,68.2607,True,1298,2025-09-09T13:38:59.660558+00:00,128,1,
Classic-McEliece-348864f,KEM,0.5,512,70.7456,0.1716,0.1074,96,32,64,71.0246,True,1299,2025-09-09T13:38:59.833685+00:00,128,1,
Classic-McEliece-348864f,KEM,0.5,512,84.6269,0.1784,0.2081,96,32,64,85.0134,True,1300,2025-09-09T13:39:00.019548+00:00,128,1,
Classic-McEliece-348864f,KEM,1.0,1024,83.1945,0.1653,0.119,96,32,64,83.4787,True,1301,2025-09-09T13:39:00.212220+00:00,128,1,
Classic-McEliece-348864f,KEM,1.0,1024,81.6833,0.2167,0.1225,96,32,64,82.0224,True,1302,2025-09-09T13:39:00.407878+00:00,128,1,
Classic-McEliece-348864f,KEM,1.0,1024,95.1232,0.2087,0.1313,96,32,64,95.4632,True,1303,2025-09-09T13:39:00.604284+00:00,128,1,
Classic-McEliece-348864f,KEM,1.0,1024,75.4454,0.1896,0.1227,96,32,64,75.7576,True,1304,2025-09-09T13:39:00.781135+00:00,128,1,
Classic-McEliece-348864f,KEM,1.0,1024,79.1388,0.1684,0.1116,96,32,64,79.4189,True,1305,2025-09-09T13:39:00.961611+00:00,128,1,
Classic-McEliece-348864f,KEM,1.0,1024,79.3446,0.1956,0.107,96,32,64,79.6472,True,1306,2025-09-09T13:39:01.143044+00:00,128,1,
Classic-McEliece-348864f,KEM,1.0,1024,85.4079,0.2301,0.1043,96,32,64,85.7423,True,1307,2025-09-09T13:39:01.329746+00:00,128,1,
Classic-McEliece-348864f,KEM,1.0,1024,80.9457,0.1676,0.1088,96,32,64,81.2221,True,1308,2025-09-09T13:39:01.511904+00:00,128,1,
Classic-McEliece-348864f,KEM,1.0,1024,88.1519,0.1725,0.119,96,32,64,88.4434,True,1309,2025-09-09T13:39:01.701463+00:00,128,1,
Classic-McEliece-348864f,KEM,1.0,1024,79.7268,0.1804,0.1117,96,32,64,80.0189,True,1310,2025-09-09T13:39:01.882271+00:00,128,1,
Classic-McEliece-348864f,KEM,1.0,1024,81.851,0.3118,0.1224,96,32,64,82.2853,True,1311,2025-09-09T13:39:02.068544+00:00,128,1,
Classic-McEliece-348864f,KEM,1.0,1024,90.1425,0.172,0.1164,96,32,64,90.4309,True,1312,2025-09-09T13:39:02.263892+00:00,128,1,
Classic-McEliece-348864f,KEM,1.0,1024,71.2083,0.2181,0.1341,96,32,64,71.5605,True,1313,2025-09-09T13:39:02.439895+00:00,128,1,
Classic-McEliece-348864f,KEM,1.0,1024,122.4371,0.2461,0.1258,96,32,64,122.809,True,1314,2025-09-09T13:39:02.663755+00:00,128,1,
Classic-McEliece-348864f,KEM,1.0,1024,83.5692,0.2038,0.1372,96,32,64,83.9102,True,1315,2025-09-09T13:39:02.849033+00:00,128,1,
Classic-McEliece-348864f,KEM,1.0,1024,100.4491,0.1655,0.0962,96,32,64,100.7109,True,1316,2025-09-09T13:39:03.051813+00:00,128,1,
Classic-McEliece-348864f,KEM,1.0,1024,98.1455,0.2751,0.121,96,32,64,98.5416,True,1317,2025-09-09T13:39:03.251650+00:00,128,1,
Classic-McEliece-348864f,KEM,1.0,1024,138.7545,0.281,0.1279,96,32,64,139.1634,True,1318,2025-09-09T13:39:03.492129+00:00,128,1,
Classic-McEliece-348864f,KEM,1.0,1024,216.8648,0.1937,0.1193,96,32,64,217.1778,True,1319,2025-09-09T13:39:03.810770+00:00,128,1,
Classic-McEliece-348864f,KEM,1.0,1024,180.8347,0.1617,0.1191,96,32,64,181.1155,True,1320,2025-09-09T13:39:04.092818+00:00,128,1,
Classic-McEliece-348864f,KEM,1.0,1024,168.7551,0.1762,0.1248,96,32,64,169.0562,True,1321,2025-09-09T13:39:04.362877+00:00,128,1,
Classic-McEliece-348864f,KEM,1.0,1024,162.4355,0.1684,0.1252,96,32,64,162.7291,True,1322,2025-09-09T13:39:04.626415+00:00,128,1,
Classic-McEliece-348864f,KEM,1.0,1024,125.3674,0.1791,0.1219,96,32,64,125.6683,True,1323,2025-09-09T13:39:04.852971+00:00,128,1,
Classic-McEliece-348864f,KEM,1.0,1024,114.2639,0.143,0.103,96,32,64,114.51,True,1324,2025-09-09T13:39:05.068305+00:00,128,1,
Classic-McEliece-348864f,KEM,1.0,1024,102.5326,0.1872,0.1126,96,32,64,102.8325,True,1325,2025-09-09T13:39:05.272059+00:00,128,1,
Classic-McEliece-348864f,KEM,1.0,1024,135.1352,0.1343,0.0875,96,32,64,135.357,True,1326,2025-09-09T13:39:05.508226+00:00,128,1,
Classic-McEliece-348864f,KEM,1.0,1024,186.6346,0.1835,0.1076,96,32,64,186.9257,True,1327,2025-09-09T13:39:05.806732+00:00,128,1,
Classic-McEliece-348864f,KEM,1.0,1024,140.8197,0.2418,0.0994,96,32,64,141.1609,True,1328,2025-09-09T13:39:06.048767+00:00,128,1,
Classic-McEliece-348864f,KEM,1.0,1024,109.9851,0.1971,0.1106,96,32,64,110.2929,True,1329,2025-09-09T13:39:06.260603+00:00,128,1,
Classic-McEliece-348864f,KEM,1.0,1024,147.0842,0.1736,0.1158,96,32,64,147.3736,True,1330,2025-09-09T13:39:06.508812+00:00,128,1,
Classic-McEliece-348864f,KEM,1.0,1024,93.5521,0.2033,0.3053,96,32,64,94.0607,True,1331,2025-09-09T13:39:06.703751+00:00,128,1,
Classic-McEliece-348864f,KEM,1.0,1024,69.0388,0.1345,0.085,96,32,64,69.2583,True,1332,2025-09-09T13:39:06.877075+00:00,128,1,
Classic-McEliece-348864f,KEM,1.0,1024,133.2309,0.202,0.0967,96,32,64,133.5296,True,1333,2025-09-09T13:39:07.111333+00:00,128,1,
Classic-McEliece-348864f,KEM,1.0,1024,81.0083,0.1781,0.1213,96,32,64,81.3076,True,1334,2025-09-09T13:39:07.293495+00:00,128,1,
Classic-McEliece-348864f,KEM,1.0,1024,90.4318,0.1658,0.103,96,32,64,90.7006,True,1335,2025-09-09T13:39:07.484959+00:00,128,1,
Classic-McEliece-348864f,KEM,1.0,1024,66.0308,0.1253,0.0762,96,32,64,66.2323,True,1336,2025-09-09T13:39:07.651962+00:00,128,1,
Classic-McEliece-348864f,KEM,1.0,1024,59.9735,0.1546,0.0888,96,32,64,60.2169,True,1337,2025-09-09T13:39:07.813235+00:00,128,1,
Classic-McEliece-348864f,KEM,1.0,1024,63.8075,0.1335,0.1098,96,32,64,64.0508,True,1338,2025-09-09T13:39:07.978084+00:00,128,1,
Classic-McEliece-348864f,KEM,1.0,1024,66.55,0.1476,0.0997,96,32,64,66.7973,True,1339,2025-09-09T13:39:08.145762+00:00,128,1,
Classic-McEliece-348864f,KEM,1.0,1024,70.7465,0.1557,0.1096,96,32,64,71.0119,True,1340,2025-09-09T13:39:08.317728+00:00,128,1,
Classic-McEliece-348864f,KEM,1.0,1024,77.2833,0.1254,0.0847,96,32,64,77.4935,True,1341,2025-09-09T13:39:08.496064+00:00,128,1,
Classic-McEliece-348864f,KEM,1.0,1024,79.8577,0.148,0.1154,96,32,64,80.1211,True,1342,2025-09-09T13:39:08.676899+00:00,128,1,
Classic-McEliece-348864f,KEM,1.0,1024,113.7715,0.2187,0.1235,96,32,64,114.1137,True,1343,2025-09-09T13:39:08.892225+00:00,128,1,
Classic-McEliece-348864f,KEM,1.0,1024,84.9923,0.1722,0.0878,96,32,64,85.2523,True,1344,2025-09-09T13:39:09.078563+00:00,128,1,
Classic-McEliece-348864f,KEM,1.0,1024,63.5019,0.1443,0.1081,96,32,64,63.7543,True,1345,2025-09-09T13:39:09.243423+00:00,128,1,
Classic-McEliece-348864f,KEM,1.0,1024,69.5801,0.1317,0.0843,96,32,64,69.7962,True,1346,2025-09-09T13:39:09.414349+00:00,128,1,
Classic-McEliece-348864f,KEM,1.0,1024,59.1093,0.1626,0.1153,96,32,64,59.3872,True,1347,2025-09-09T13:39:09.574954+00:00,128,1,
Classic-McEliece-348864f,KEM,1.0,1024,59.5058,0.2102,0.1119,96,32,64,59.828,True,1348,2025-09-09T13:39:09.735979+00:00,128,1,
Classic-McEliece-348864f,KEM,1.0,1024,60.8307,0.1495,0.0925,96,32,64,61.0727,True,1349,2025-09-09T13:39:09.898276+00:00,128,1,
Classic-McEliece-348864f,KEM,1.0,1024,68.6424,0.1605,0.1041,96,32,64,68.907,True,1350,2025-09-09T13:39:10.068465+00:00,128,1,
Classic-McEliece-348864f,KEM,2.0,2048,63.8589,0.198,0.0953,96,32,64,64.1521,True,1351,2025-09-09T13:39:10.233798+00:00,128,1,
Classic-McEliece-348864f,KEM,2.0,2048,59.7058,0.1733,0.1145,96,32,64,59.9935,True,1352,2025-09-09T13:39:10.395026+00:00,128,1,
Classic-McEliece-348864f,KEM,2.0,2048,60.2534,0.1414,0.0851,96,32,64,60.4799,True,1353,2025-09-09T13:39:10.556578+00:00,128,1,
Classic-McEliece-348864f,KEM,2.0,2048,71.6657,0.1288,0.1108,96,32,64,71.9053,True,1354,2025-09-09T13:39:10.729699+00:00,128,1,
Classic-McEliece-348864f,KEM,2.0,2048,62.1931,0.165,0.1108,96,32,64,62.4689,True,1355,2025-09-09T13:39:10.893082+00:00,128,1,
Classic-McEliece-348864f,KEM,2.0,2048,129.0834,0.2521,0.154,96,32,64,129.4895,True,1356,2025-09-09T13:39:11.123553+00:00,128,1,
Classic-McEliece-348864f,KEM,2.0,2048,146.6783,0.1942,0.1287,96,32,64,147.0012,True,1357,2025-09-09T13:39:11.371908+00:00,128,1,
Classic-McEliece-348864f,KEM,2.0,2048,61.5643,0.1598,0.1197,96,32,64,61.8438,True,1358,2025-09-09T13:39:11.534978+00:00,128,1,
Classic-McEliece-348864f,KEM,2.0,2048,106.5962,0.1887,0.1378,96,32,64,106.9226,True,1359,2025-09-09T13:39:11.743129+00:00,128,1,
Classic-McEliece-348864f,KEM,2.0,2048,64.1693,0.1312,0.0982,96,32,64,64.3987,True,1360,2025-09-09T13:39:11.908968+00:00,128,1,
Classic-McEliece-348864f,KEM,2.0,2048,56.4942,0.1706,0.1082,96,32,64,56.773,True,1361,2025-09-09T13:39:12.066799+00:00,128,1,
Classic-McEliece-348864f,KEM,2.0,2048,83.2327,0.2912,0.1287,96,32,64,83.6526,True,1362,2025-09-09T13:39:12.251682+00:00,128,1,
Classic-McEliece-348864f,KEM,2.0,2048,63.0721,0.1716,0.0986,96,32,64,63.3424,True,1363,2025-09-09T13:39:12.416064+00:00,128,1,
Classic-McEliece-348864f,KEM,2.0,2048,92.5005,0.2136,0.124,96,32,64,92.8381,True,1364,2025-09-09T13:39:12.609946+00:00,128,1,
Classic-McEliece-348864f,KEM,2.0,2048,62.4745,0.157,0.0864,96,32,64,62.7179,True,1365,2025-09-09T13:39:12.773788+00:00,128,1,
Classic-McEliece-348864f,KEM,2.0,2048,61.1005,0.1627,0.1055,96,32,64,61.3688,True,1366,2025-09-09T13:39:12.936338+00:00,128,1,
Classic-McEliece-348864f,KEM,2.0,2048,63.5502,0.4608,0.1155,96,32,64,64.1266,True,1367,2025-09-09T13:39:13.101511+00:00,128,1,
Classic-McEliece-348864f,KEM,2.0,2048,57.6188,0.1491,0.097,96,32,64,57.8649,True,1368,2025-09-09T13:39:13.260514+00:00,128,1,
Classic-McEliece-348864f,KEM,2.0,2048,81.5151,0.151,0.1864,96,32,64,81.8526,True,1369,2025-09-09T13:39:13.443555+00:00,128,1,
Classic-McEliece-348864f,KEM,2.0,2048,60.2256,0.1746,0.1168,96,32,64,60.517,True,1370,2025-09-09T13:39:13.605165+00:00,128,1,
Classic-McEliece-348864f,KEM,2.0,2048,62.4451,0.2184,0.1145,96,32,64,62.7779,True,1371,2025-09-09T13:39:13.769187+00:00,128,1,
Classic-McEliece-348864f,KEM,2.0,2048,71.9931,0.177,0.0851,96,32,64,72.2552,True,1372,2025-09-09T13:39:13.942553+00:00,128,1,
Classic-McEliece-348864f,KEM,2.0,2048,67.9119,0.1274,0.0735,96,32,64,68.1128,True,1373,2025-09-09T13:39:14.112316+00:00,128,1,
Classic-McEliece-348864f,KEM,2.0,2048,59.5906,0.147,0.1,96,32,64,59.8377,True,1374,2025-09-09T13:39:14.273082+00:00,128,1,
Classic-McEliece-348864f,KEM,2.0,2048,86.766,0.1769,0.1193,96,32,64,87.0622,True,1375,2025-09-09T13:39:14.461098+00:00,128,1,
Classic-McEliece-348864f,KEM,2.0,2048,63.9154,0.1826,0.0996,96,32,64,64.1976,True,1376,2025-09-09T13:39:14.626847+00:00,128,1,
Classic-McEliece-348864f,KEM,2.0,2048,56.5575,0.2281,0.0722,96,32,64,56.8578,True,1377,2025-09-09T13:39:14.785087+00:00,128,1,
Classic-McEliece-348864f,KEM,2.0,2048,60.9962,0.1435,0.0862,96,32,64,61.226,True,1378,2025-09-09T13:39:14.947348+00:00,128,1,
Classic-McEliece-348864f,KEM,2.0,2048,60.5102,0.1686,0.0851,96,32,64,60.7639,True,1379,2025-09-09T13:39:15.109122+00:00,128,1,
Classic-McEliece-348864f,KEM,2.0,2048,63.2544,0.2175,0.1102,96,32,64,63.582,True,1380,2025-09-09T13:39:15.273768+00:00,128,1,
Classic-McEliece-348864f,KEM,2.0,2048,74.2501,0.1529,0.1063,96,32,64,74.5093,True,1381,2025-09-09T13:39:15.449596+00:00,128,1,
Classic-McEliece-348864f,KEM,2.0,2048,64.7385,0.1668,0.1227,96,32,64,65.0281,True,1382,2025-09-09T13:39:15.630669+00:00,128,1,
Classic-McEliece-348864f,KEM,2.0,2048,80.8082,0.1704,0.1049,96,32,64,81.0835,True,1383,2025-09-09T13:39:15.812875+00:00,128,1,
Classic-McEliece-348864f,KEM,2.0,2048,96.7755,0.1719,0.1221,96,32,64,97.0695,True,1384,2025-09-09T13:39:16.011203+00:00,128,1,
Classic-McEliece-348864f,KEM,2.0,2048,85.7155,0.1362,0.0748,96,32,64,85.9265,True,1385,2025-09-09T13:39:16.198405+00:00,128,1,
Classic-McEliece-348864f,KEM,2.0,2048,71.3542,0.3358,0.1231,96,32,64,71.8131,True,1386,2025-09-09T13:39:16.371758+00:00,128,1,
Classic-McEliece-348864f,KEM,2.0,2048,78.6091,0.4291,0.1067,96,32,64,79.1449,True,1387,2025-09-09T13:39:16.551967+00:00,128,1,
Classic-McEliece-348864f,KEM,2.0,2048,95.839,0.1874,0.1021,96,32,64,96.1286,True,1388,2025-09-09T13:39:16.749172+00:00,128,1,
Classic-McEliece-348864f,KEM,2.0,2048,127.4844,0.1558,0.1072,96,32,64,127.7475,True,1389,2025-09-09T13:39:16.978264+00:00,128,1,
Classic-McEliece-348864f,KEM,2.0,2048,138.0028,0.1804,0.1209,96,32,64,138.3041,True,1390,2025-09-09T13:39:17.217719+00:00,128,1,
Classic-McEliece-348864f,KEM,2.0,2048,63.0549,0.159,0.137,96,32,64,63.3509,True,1391,2025-09-09T13:39:17.382086+00:00,128,1,
Classic-McEliece-348864f,KEM,2.0,2048,88.3812,0.2047,0.103,96,32,64,88.6889,True,1392,2025-09-09T13:39:17.571873+00:00,128,1,
Classic-McEliece-348864f,KEM,2.0,2048,64.4954,0.1568,0.1103,96,32,64,64.7625,True,1393,2025-09-09T13:39:17.737723+00:00,128,1,
Classic-McEliece-348864f,KEM,2.0,2048,64.522,0.1257,0.0992,96,32,64,64.7469,True,1394,2025-09-09T13:39:17.909072+00:00,128,1,
Classic-McEliece-348864f,KEM,2.0,2048,153.0578,0.343,0.1383,96,32,64,153.5392,True,1395,2025-09-09T13:39:18.163736+00:00,128,1,
Classic-McEliece-348864f,KEM,2.0,2048,113.5475,0.3084,0.1142,96,32,64,113.9701,True,1396,2025-09-09T13:39:18.378715+00:00,128,1,
Classic-McEliece-348864f,KEM,2.0,2048,141.7317,0.181,0.1135,96,32,64,142.0261,True,1397,2025-09-09T13:39:18.622133+00:00,128,1,
Classic-McEliece-348864f,KEM,2.0,2048,124.3042,0.4917,0.1152,96,32,64,124.9111,True,1398,2025-09-09T13:39:18.847986+00:00,128,1,
Classic-McEliece-348864f,KEM,2.0,2048,76.1425,0.1355,0.0904,96,32,64,76.3683,True,1399,2025-09-09T13:39:19.025485+00:00,128,1,
Classic-McEliece-348864f,KEM,2.0,2048,72.9112,0.1762,0.1094,96,32,64,73.1969,True,1400,2025-09-09T13:39:19.199829+00:00,128,1,
Classic-McEliece-348864f,KEM,5.0,5120,100.7603,0.205,0.1165,96,32,64,101.0818,True,1401,2025-09-09T13:39:19.402658+00:00,128,1,
Classic-McEliece-348864f,KEM,5.0,5120,65.8118,0.1785,0.0977,96,32,64,66.0881,True,1402,2025-09-09T13:39:19.570878+00:00,128,1,
Classic-McEliece-348864f,KEM,5.0,5120,73.1481,0.1506,0.1183,96,32,64,73.417,True,1403,2025-09-09T13:39:19.746268+00:00,128,1,
Classic-McEliece-348864f,KEM,5.0,5120,57.3222,0.194,0.0859,96,32,64,57.602,True,1404,2025-09-09T13:39:19.906408+00:00,128,1,
Classic-McEliece-348864f,KEM,5.0,5120,66.006,0.188,0.1223,96,32,64,66.3163,True,1405,2025-09-09T13:39:20.074545+00:00,128,1,
Classic-McEliece-348864f,KEM,5.0,5120,89.1554,0.1473,0.1195,96,32,64,89.4222,True,1406,2025-09-09T13:39:20.266180+00:00,128,1,
Classic-McEliece-348864f,KEM,5.0,5120,71.2513,0.2355,0.1235,96,32,64,71.6103,True,1407,2025-09-09T13:39:20.440180+00:00,128,1,
Classic-McEliece-348864f,KEM,5.0,5120,70.2212,0.1418,0.0845,96,32,64,70.4475,True,1408,2025-09-09T13:39:20.612504+00:00,128,1,
Classic-McEliece-348864f,KEM,5.0,5120,98.066,0.1642,0.1137,96,32,64,98.3439,True,1409,2025-09-09T13:39:20.813197+00:00,128,1,
Classic-McEliece-348864f,KEM,5.0,5120,69.7436,0.1496,0.1012,96,32,64,69.9945,True,1410,2025-09-09T13:39:20.985376+00:00,128,1,
Classic-McEliece-348864f,KEM,5.0,5120,66.5551,0.1424,0.1118,96,32,64,66.8093,True,1411,2025-09-09T13:39:21.154033+00:00,128,1,
Classic-McEliece-348864f,KEM,5.0,5120,95.2862,0.3109,0.1295,96,32,64,95.7266,True,1412,2025-09-09T13:39:21.352981+00:00,128,1,
Classic-McEliece-348864f,KEM,5.0,5120,72.6962,0.192,0.0921,96,32,64,72.9803,True,1413,2025-09-09T13:39:21.528392+00:00,128,1,
Classic-McEliece-348864f,KEM,5.0,5120,68.043,0.1707,0.1142,96,32,64,68.3279,True,1414,2025-09-09T13:39:21.698822+00:00,128,1,
Classic-McEliece-348864f,KEM,5.0,5120,66.3892,0.3899,0.1312,96,32,64,66.9103,True,1415,2025-09-09T13:39:21.867798+00:00,128,1,
Classic-McEliece-348864f,KEM,5.0,5120,77.8709,0.1543,0.1069,96,32,64,78.1321,True,1416,2025-09-09T13:39:22.048668+00:00,128,1,
Classic-McEliece-348864f,KEM,5.0,5120,72.5959,0.187,0.1048,96,32,64,72.8878,True,1417,2025-09-09T13:39:22.226239+00:00,128,1,
Classic-McEliece-348864f,KEM,5.0,5120,80.669,0.1804,0.1096,96,32,64,80.9591,True,1418,2025-09-09T13:39:22.409389+00:00,128,1,
Classic-McEliece-348864f,KEM,5.0,5120,67.5,0.1771,0.1086,96,32,64,67.7856,True,1419,2025-09-09T13:39:22.579989+00:00,128,1,
Classic-McEliece-348864f,KEM,5.0,5120,78.5564,0.126,0.0851,96,32,64,78.7675,True,1420,2025-09-09T13:39:22.760493+00:00,128,1,
Classic-McEliece-348864f,KEM,5.0,5120,59.7779,0.1489,0.1208,96,32,64,60.0475,True,1421,2025-09-09T13:39:22.922347+00:00,128,1,
Classic-McEliece-348864f,KEM,5.0,5120,72.9134,0.157,0.1275,96,32,64,73.1979,True,1422,2025-09-09T13:39:23.097690+00:00,128,1,
Classic-McEliece-348864f,KEM,5.0,5120,55.0212,0.1649,0.1215,96,32,64,55.3076,True,1423,2025-09-09T13:39:23.255168+00:00,128,1,
Classic-McEliece-348864f,KEM,5.0,5120,59.2923,0.1529,0.1197,96,32,64,59.5649,True,1424,2025-09-09T13:39:23.417020+00:00,128,1,
Classic-McEliece-348864f,KEM,5.0,5120,84.0672,0.1886,0.1167,96,32,64,84.3725,True,1425,2025-09-09T13:39:23.613258+00:00,128,1,
Classic-McEliece-348864f,KEM,5.0,5120,91.002,0.1734,0.1264,96,32,64,91.3017,True,1426,2025-09-09T13:39:23.819866+00:00,128,1,
Classic-McEliece-348864f,KEM,5.0,5120,73.2909,0.5994,0.1426,96,32,64,74.0329,True,1427,2025-09-09T13:39:23.996055+00:00,128,1,
Classic-McEliece-348864f,KEM,5.0,5120,71.7186,0.1389,0.1038,96,32,64,71.9613,True,1428,2025-09-09T13:39:24.170421+00:00,128,1,
Classic-McEliece-348864f,KEM,5.0,5120,55.589,0.1266,0.0842,96,32,64,55.7997,True,1429,2025-09-09T13:39:24.329906+00:00,128,1,
Classic-McEliece-348864f,KEM,5.0,5120,69.1677,0.131,0.1282,96,32,64,69.427,True,1430,2025-09-09T13:39:24.501127+00:00,128,1,
Classic-McEliece-348864f,KEM,5.0,5120,58.3696,0.1642,0.1019,96,32,64,58.6357,True,1431,2025-09-09T13:39:24.661953+00:00,128,1,
Classic-McEliece-348864f,KEM,5.0,5120,74.0042,0.1801,0.1052,96,32,64,74.2894,True,1432,2025-09-09T13:39:24.838191+00:00,128,1,
Classic-McEliece-348864f,KEM,5.0,5120,65.1298,0.1345,0.086,96,32,64,65.3503,True,1433,2025-09-09T13:39:25.005784+00:00,128,1,
Classic-McEliece-348864f,KEM,5.0,5120,62.6785,0.2198,0.124,96,32,64,63.0223,True,1434,2025-09-09T13:39:25.170651+00:00,128,1,
Classic-McEliece-348864f,KEM,5.0,5120,97.1183,0.1332,0.0737,96,32,64,97.3252,True,1435,2025-09-09T13:39:25.370262+00:00,128,1,
Classic-McEliece-348864f,KEM,5.0,5120,65.8058,0.1455,0.0866,96,32,64,66.0379,True,1436,2025-09-09T13:39:25.538045+00:00,128,1,
Classic-McEliece-348864f,KEM,5.0,5120,65.7826,0.1723,0.0869,96,32,64,66.0418,True,1437,2025-09-09T13:39:25.706291+00:00,128,1,
Classic-McEliece-348864f,KEM,5.0,5120,67.3632,0.1776,0.0923,96,32,64,67.6331,True,1438,2025-09-09T13:39:25.875980+00:00,128,1,
Classic-McEliece-348864f,KEM,5.0,5120,82.7242,0.1696,0.1842,96,32,64,83.078,True,1439,2025-09-09T13:39:26.060976+00:00,128,1,
Classic-McEliece-348864f,KEM,5.0,5120,65.0741,0.1801,0.1266,96,32,64,65.3809,True,1440,2025-09-09T13:39:26.228007+00:00,128,1,
Classic-McEliece-348864f,KEM,5.0,5120,61.7968,0.2848,0.0986,96,32,64,62.1802,True,1441,2025-09-09T13:39:26.391738+00:00,128,1,
Classic-McEliece-348864f,KEM,5.0,5120,64.122,0.1568,0.0997,96,32,64,64.3785,True,1442,2025-09-09T13:39:26.557941+00:00,128,1,
Classic-McEliece-348864f,KEM,5.0,5120,69.3973,0.1894,0.0865,96,32,64,69.6731,True,1443,2025-09-09T13:39:26.729224+00:00,128,1,
Classic-McEliece-348864f,KEM,5.0,5120,66.5355,0.1557,0.1022,96,32,64,66.7934,True,1444,2025-09-09T13:39:26.898151+00:00,128,1,
Classic-McEliece-348864f,KEM,5.0,5120,74.27,0.1824,0.107,96,32,64,74.5594,True,1445,2025-09-09T13:39:27.074392+00:00,128,1,
Classic-McEliece-348864f,KEM,5.0,5120,71.055,0.2169,0.1092,96,32,64,71.3811,True,1446,2025-09-09T13:39:27.247678+00:00,128,1,
Classic-McEliece-348864f,KEM,5.0,5120,64.4198,0.1589,0.1198,96,32,64,64.6984,True,1447,2025-09-09T13:39:27.414225+00:00,128,1,
Classic-McEliece-348864f,KEM,5.0,5120,70.2043,0.1241,0.073,96,32,64,70.4014,True,1448,2025-09-09T13:39:27.586276+00:00,128,1,
Classic-McEliece-348864f,KEM,5.0,5120,185.5099,0.208,0.1392,96,32,64,185.8571,True,1449,2025-09-09T13:39:27.898027+00:00,128,1,
Classic-McEliece-348864f,KEM,5.0,5120,87.5713,0.2378,0.1089,96,32,64,87.918,True,1450,2025-09-09T13:39:28.087779+00:00,128,1,
Classic-McEliece-348864f,KEM,10.0,10240,94.3835,0.2435,0.1213,96,32,64,94.7483,True,1451,2025-09-09T13:39:28.286504+00:00,128,1,
Classic-McEliece-348864f,KEM,10.0,10240,74.9573,0.1939,0.1028,96,32,64,75.2541,True,1452,2025-09-09T13:39:28.465587+00:00,128,1,
Classic-McEliece-348864f,KEM,10.0,10240,64.2526,0.1305,0.0741,96,32,64,64.4572,True,1453,2025-09-09T13:39:28.633684+00:00,128,1,
Classic-McEliece-348864f,KEM,10.0,10240,64.1223,0.1472,0.107,96,32,64,64.3766,True,1454,2025-09-09T13:39:28.801476+00:00,128,1,
Classic-McEliece-348864f,KEM,10.0,10240,72.1981,0.1396,0.1007,96,32,64,72.4384,True,1455,2025-09-09T13:39:28.977643+00:00,128,1,
Classic-McEliece-348864f,KEM,10.0,10240,81.8586,0.1825,0.1589,96,32,64,82.1999,True,1456,2025-09-09T13:39:29.163571+00:00,128,1,
Classic-McEliece-348864f,KEM,10.0,10240,103.6125,0.1673,0.1307,96,32,64,103.9105,True,1457,2025-09-09T13:39:29.371000+00:00,128,1,
Classic-McEliece-348864f,KEM,10.0,10240,156.0084,0.1737,0.1077,96,32,64,156.2898,True,1458,2025-09-09T13:39:29.631326+00:00,128,1,
Classic-McEliece-348864f,KEM,10.0,10240,140.92,0.2032,0.1252,96,32,64,141.2484,True,1459,2025-09-09T13:39:29.888590+00:00,128,1,
Classic-McEliece-348864f,KEM,10.0,10240,85.6247,0.2265,0.1135,96,32,64,85.9647,True,1460,2025-09-09T13:39:30.078275+00:00,128,1,
Classic-McEliece-348864f,KEM,10.0,10240,62.9824,0.2854,0.1039,96,32,64,63.3717,True,1461,2025-09-09T13:39:30.246027+00:00,128,1,
Classic-McEliece-348864f,KEM,10.0,10240,164.0553,0.1826,0.1105,96,32,64,164.3483,True,1462,2025-09-09T13:39:30.513833+00:00,128,1,
Classic-McEliece-348864f,KEM,10.0,10240,58.7801,0.1782,0.1081,96,32,64,59.0664,True,1463,2025-09-09T13:39:30.677211+00:00,128,1,
Classic-McEliece-348864f,KEM,10.0,10240,69.4285,0.1716,0.0982,96,32,64,69.6983,True,1464,2025-09-09T13:39:30.849833+00:00,128,1,
Classic-McEliece-348864f,KEM,10.0,10240,87.1242,0.1647,0.0988,96,32,64,87.3877,True,1465,2025-09-09T13:39:31.041079+00:00,128,1,
Classic-McEliece-348864f,KEM,10.0,10240,77.9101,0.165,0.0941,96,32,64,78.1692,True,1466,2025-09-09T13:39:31.229983+00:00,128,1,
Classic-McEliece-348864f,KEM,10.0,10240,64.8982,0.4014,0.1179,96,32,64,65.4174,True,1467,2025-09-09T13:39:31.398643+00:00,128,1,
Classic-McEliece-348864f,KEM,10.0,10240,90.3014,0.1546,0.1267,96,32,64,90.5826,True,1468,2025-09-09T13:39:31.592498+00:00,128,1,
Classic-McEliece-348864f,KEM,10.0,10240,85.178,0.1681,0.1269,96,32,64,85.473,True,1469,2025-09-09T13:39:31.781358+00:00,128,1,
Classic-McEliece-348864f,KEM,10.0,10240,58.9287,0.1347,0.1199,96,32,64,59.1832,True,1470,2025-09-09T13:39:31.945126+00:00,128,1,
Classic-McEliece-348864f,KEM,10.0,10240,98.7613,0.1556,0.0856,96,32,64,99.0025,True,1471,2025-09-09T13:39:32.148369+00:00,128,1,
Classic-McEliece-348864f,KEM,10.0,10240,66.3082,0.1509,0.2655,96,32,64,66.7246,True,1472,2025-09-09T13:39:32.318593+00:00,128,1,
Classic-McEliece-348864f,KEM,10.0,10240,66.0447,0.1676,0.1181,96,32,64,66.3304,True,1473,2025-09-09T13:39:32.488015+00:00,128,1,
Classic-McEliece-348864f,KEM,10.0,10240,69.4569,0.1305,0.0738,96,32,64,69.6611,True,1474,2025-09-09T13:39:32.660851+00:00,128,1,
Classic-McEliece-348864f,KEM,10.0,10240,61.4007,0.1367,0.0999,96,32,64,61.6373,True,1475,2025-09-09T13:39:32.826302+00:00,128,1,
Classic-McEliece-348864f,KEM,10.0,10240,76.3735,0.1248,0.0731,96,32,64,76.5713,True,1476,2025-09-09T13:39:33.006449+00:00,128,1,
Classic-McEliece-348864f,KEM,10.0,10240,61.9766,0.2045,0.1191,96,32,64,62.3003,True,1477,2025-09-09T13:39:33.172342+00:00,128,1,
Classic-McEliece-348864f,KEM,10.0,10240,58.5451,0.1619,0.0896,96,32,64,58.7966,True,1478,2025-09-09T13:39:33.335153+00:00,128,1,
Classic-McEliece-348864f,KEM,10.0,10240,85.7175,0.169,0.1185,96,32,64,86.005,True,1479,2025-09-09T13:39:33.524452+00:00,128,1,
Classic-McEliece-348864f,KEM,10.0,10240,59.4865,0.1751,0.1098,96,32,64,59.7714,True,1480,2025-09-09T13:39:33.688098+00:00,128,1,
Classic-McEliece-348864f,KEM,10.0,10240,67.6494,0.1446,0.1976,96,32,64,67.9916,True,1481,2025-09-09T13:39:33.859087+00:00,128,1,
Classic-McEliece-348864f,KEM,10.0,10240,80.7397,0.1857,0.1195,96,32,64,81.0449,True,1482,2025-09-09T13:39:34.044167+00:00,128,1,
Classic-McEliece-348864f,KEM,10.0,10240,57.7631,0.4389,0.0859,96,32,64,58.2878,True,1483,2025-09-09T13:39:34.204864+00:00,128,1,
Classic-McEliece-348864f,KEM,10.0,10240,67.5913,0.2058,0.1174,96,32,64,67.9145,True,1484,2025-09-09T13:39:34.377056+00:00,128,1,
Classic-McEliece-348864f,KEM,10.0,10240,61.7508,0.1315,0.0736,96,32,64,61.956,True,1485,2025-09-09T13:39:34.543488+00:00,128,1,
Classic-McEliece-348864f,KEM,10.0,10240,61.2867,0.1891,0.1075,96,32,64,61.5833,True,1486,2025-09-09T13:39:34.711295+00:00,128,1,
Classic-McEliece-348864f,KEM,10.0,10240,64.2096,0.1735,0.0918,96,32,64,64.4749,True,1487,2025-09-09T13:39:34.878650+00:00,128,1,
Classic-McEliece-348864f,KEM,10.0,10240,63.2241,0.1727,0.087,96,32,64,63.4837,True,1488,2025-09-09T13:39:35.045641+00:00,128,1,
Classic-McEliece-348864f,KEM,10.0,10240,59.3449,0.1304,0.0865,96,32,64,59.5618,True,1489,2025-09-09T13:39:35.209253+00:00,128,1,
Classic-McEliece-348864f,KEM,10.0,10240,75.7866,0.193,0.1085,96,32,64,76.0881,True,1490,2025-09-09T13:39:35.388527+00:00,128,1,
Classic-McEliece-348864f,KEM,10.0,10240,70.4895,0.1339,0.1143,96,32,64,70.7378,True,1491,2025-09-09T13:39:35.562910+00:00,128,1,
Classic-McEliece-348864f,KEM,10.0,10240,65.7965,0.137,0.116,96,32,64,66.0495,True,1492,2025-09-09T13:39:35.732999+00:00,128,1,
Classic-McEliece-348864f,KEM,10.0,10240,62.3294,0.222,0.0912,96,32,64,62.6426,True,1493,2025-09-09T13:39:35.899815+00:00,128,1,
Classic-McEliece-348864f,KEM,10.0,10240,74.3941,0.1765,0.1165,96,32,64,74.6872,True,1494,2025-09-09T13:39:36.081755+00:00,128,1,
Classic-McEliece-348864f,KEM,10.0,10240,81.2293,0.1764,0.1234,96,32,64,81.5291,True,1495,2025-09-09T13:39:36.268187+00:00,128,1,
Classic-McEliece-348864f,KEM,10.0,10240,61.9281,0.1711,0.1201,96,32,64,62.2193,True,1496,2025-09-09T13:39:36.434454+00:00,128,1,
Classic-McEliece-348864f,KEM,10.0,10240,64.4425,0.1733,0.1025,96,32,64,64.7182,True,1497,2025-09-09T13:39:36.603399+00:00,128,1,
Classic-McEliece-348864f,KEM,10.0,10240,87.0318,0.1697,0.1259,96,32,64,87.3274,True,1498,2025-09-09T13:39:36.793964+00:00,128,1,
Classic-McEliece-348864f,KEM,10.0,10240,72.0122,0.2012,0.108,96,32,64,72.3214,True,1499,2025-09-09T13:39:36.969694+00:00,128,1,
Classic-McEliece-348864f,KEM,10.0,10240,81.5845,0.1858,0.1166,96,32,64,81.8869,True,1500,2025-09-09T13:39:37.155191+00:00,128,1,
Classic-McEliece-460896,KEM,0.1,102,294.9885,0.7328,0.1784,156,32,124,295.8997,True,1501,2025-09-09T13:39:37.558474+00:00,192,2,
Classic-McEliece-460896,KEM,0.1,102,344.9783,0.2304,0.1412,156,32,124,345.35,True,1502,2025-09-09T13:39:38.006180+00:00,192,2,
Classic-McEliece-460896,KEM,0.1,102,265.5912,0.4291,0.2052,156,32,124,266.2256,True,1503,2025-09-09T13:39:38.373071+00:00,192,2,
Classic-McEliece-460896,KEM,0.1,102,246.1832,0.263,0.173,156,32,124,246.6192,True,1504,2025-09-09T13:39:38.720355+00:00,192,2,
Classic-McEliece-460896,KEM,0.1,102,281.0415,0.2751,0.178,156,32,124,281.4946,True,1505,2025-09-09T13:39:39.104082+00:00,192,2,
Classic-McEliece-460896,KEM,0.1,102,238.763,0.2351,0.1417,156,32,124,239.1398,True,1506,2025-09-09T13:39:39.443986+00:00,192,2,
Classic-McEliece-460896,KEM,0.1,102,203.3991,0.256,0.173,156,32,124,203.8281,True,1507,2025-09-09T13:39:39.748347+00:00,192,2,
Classic-McEliece-460896,KEM,0.1,102,270.0353,0.2415,0.1727,156,32,124,270.4494,True,1508,2025-09-09T13:39:40.119489+00:00,192,2,
Classic-McEliece-460896,KEM,0.1,102,171.0375,0.224,0.1417,156,32,124,171.4032,True,1509,2025-09-09T13:39:40.391471+00:00,192,2,
Classic-McEliece-460896,KEM,0.1,102,208.0583,0.2552,0.1812,156,32,124,208.4947,True,1510,2025-09-09T13:39:40.700533+00:00,192,2,
Classic-McEliece-460896,KEM,0.1,102,240.7197,0.2933,0.1894,156,32,124,241.2023,True,1511,2025-09-09T13:39:41.042361+00:00,192,2,
Classic-McEliece-460896,KEM,0.1,102,247.9236,0.2798,0.2031,156,32,124,248.4065,True,1512,2025-09-09T13:39:41.391399+00:00,192,2,
Classic-McEliece-460896,KEM,0.1,102,407.8888,0.2266,0.1511,156,32,124,408.2665,True,1513,2025-09-09T13:39:41.900313+00:00,192,2,
Classic-McEliece-460896,KEM,0.1,102,231.0598,0.2728,0.2055,156,32,124,231.5382,True,1514,2025-09-09T13:39:42.239494+00:00,192,2,
Classic-McEliece-460896,KEM,0.1,102,279.5427,0.2176,0.2143,156,32,124,279.9747,True,1515,2025-09-09T13:39:42.620030+00:00,192,2,
Classic-McEliece-460896,KEM,0.1,102,204.3131,0.2486,0.1797,156,32,124,204.7414,True,1516,2025-09-09T13:39:42.925360+00:00,192,2,
Classic-McEliece-460896,KEM,0.1,102,304.8713,0.214,0.14,156,32,124,305.2253,True,1517,2025-09-09T13:39:43.331187+00:00,192,2,
Classic-McEliece-460896,KEM,0.1,102,267.9108,0.2651,0.2011,156,32,124,268.377,True,1518,2025-09-09T13:39:43.700135+00:00,192,2,
Classic-McEliece-460896,KEM,0.1,102,295.5335,0.258,0.1781,156,32,124,295.9696,True,1519,2025-09-09T13:39:44.096690+00:00,192,2,
Classic-McEliece-460896,KEM,0.1,102,185.8948,0.2018,0.2204,156,32,124,186.317,True,1520,2025-09-09T13:39:44.383652+00:00,192,2,
Classic-McEliece-460896,KEM,0.1,102,288.2377,0.6247,0.1733,156,32,124,289.0358,True,1521,2025-09-09T13:39:44.773212+00:00,192,2,
Classic-McEliece-460896,KEM,0.1,102,206.4608,0.2489,0.1785,156,32,124,206.8882,True,1522,2025-09-09T13:39:45.080702+00:00,192,2,
Classic-McEliece-460896,KEM,0.1,102,236.7785,0.2928,0.217,156,32,124,237.2883,True,1523,2025-09-09T13:39:45.420881+00:00,192,2,
Classic-McEliece-460896,KEM,0.1,102,307.7138,0.2626,0.2027,156,32,124,308.1791,True,1524,2025-09-09T13:39:45.829645+00:00,192,2,
Classic-McEliece-460896,KEM,0.1,102,203.3999,0.2616,0.1762,156,32,124,203.8376,True,1525,2025-09-09T13:39:46.134052+00:00,192,2,
Classic-McEliece-460896,KEM,0.1,102,381.7276,0.3672,0.2008,156,32,124,382.2955,True,1526,2025-09-09T13:39:46.616967+00:00,192,2,
Classic-McEliece-460896,KEM,0.1,102,425.9257,0.2589,0.1821,156,32,124,426.3667,True,1527,2025-09-09T13:39:47.144079+00:00,192,2,
Classic-McEliece-460896,KEM,0.1,102,243.7861,0.2454,0.156,156,32,124,244.1876,True,1528,2025-09-09T13:39:47.488842+00:00,192,2,
Classic-McEliece-460896,KEM,0.1,102,206.7568,0.2364,0.1587,156,32,124,207.1519,True,1529,2025-09-09T13:39:47.796516+00:00,192,2,
Classic-McEliece-460896,KEM,0.1,102,297.8679,0.2688,0.2062,156,32,124,298.3429,True,1530,2025-09-09T13:39:48.195397+00:00,192,2,
Classic-McEliece-460896,KEM,0.1,102,297.8899,0.2662,0.2187,156,32,124,298.3749,True,1531,2025-09-09T13:39:48.594531+00:00,192,2,
Classic-McEliece-460896,KEM,0.1,102,206.1271,0.3019,0.1726,156,32,124,206.6015,True,1532,2025-09-09T13:39:48.901878+00:00,192,2,
Classic-McEliece-460896,KEM,0.1,102,236.1802,0.2549,0.2353,156,32,124,236.6704,True,1533,2025-09-09T13:39:49.239513+00:00,192,2,
Classic-McEliece-460896,KEM,0.1,102,184.481,0.2301,0.1516,156,32,124,184.8627,True,1534,2025-09-09T13:39:49.525053+00:00,192,2,
Classic-McEliece-460896,KEM,0.1,102,214.8489,0.2936,0.2216,156,32,124,215.3641,True,1535,2025-09-09T13:39:49.841117+00:00,192,2,
Classic-McEliece-460896,KEM,0.1,102,238.281,0.2521,0.1668,156,32,124,238.6998,True,1536,2025-09-09T13:39:50.180617+00:00,192,2,
Classic-McEliece-460896,KEM,0.1,102,188.5798,0.2405,0.1818,156,32,124,189.0022,True,1537,2025-09-09T13:39:50.470505+00:00,192,2,
Classic-McEliece-460896,KEM,0.1,102,201.6232,0.2209,0.1411,156,32,124,201.9852,True,1538,2025-09-09T13:39:50.773213+00:00,192,2,
Classic-McEliece-460896,KEM,0.1,102,171.407,0.2617,0.1884,156,32,124,171.857,True,1539,2025-09-09T13:39:51.045771+00:00,192,2,
Classic-McEliece-460896,KEM,0.1,102,268.4648,0.2587,0.2064,156,32,124,268.9299,True,1540,2025-09-09T13:39:51.415512+00:00,192,2,
Classic-McEliece-460896,KEM,0.1,102,423.5247,0.3063,0.1933,156,32,124,424.0242,True,1541,2025-09-09T13:39:51.940219+00:00,192,2,
Classic-McEliece-460896,KEM,0.1,102,350.8866,0.261,0.2048,156,32,124,351.3524,True,1542,2025-09-09T13:39:52.392326+00:00,192,2,
Classic-McEliece-460896,KEM,0.1,102,246.8352,0.2998,0.1861,156,32,124,247.3211,True,1543,2025-09-09T13:39:52.740452+00:00,192,2,
Classic-McEliece-460896,KEM,0.1,102,347.3991,0.3337,0.1654,156,32,124,347.8982,True,1544,2025-09-09T13:39:53.189218+00:00,192,2,
Classic-McEliece-460896,KEM,0.1,102,220.631,0.3156,0.1883,156,32,124,221.1349,True,1545,2025-09-09T13:39:53.511241+00:00,192,2,
Classic-McEliece-460896,KEM,0.1,102,289.0623,0.2932,0.2143,156,32,124,289.5698,True,1546,2025-09-09T13:39:53.901605+00:00,192,2,
Classic-McEliece-460896,KEM,0.1,102,346.7956,0.3953,0.1882,156,32,124,347.379,True,1547,2025-09-09T13:39:54.359761+00:00,192,2,
Classic-McEliece-460896,KEM,0.1,102,271.2248,0.4168,0.1509,156,32,124,271.7925,True,1548,2025-09-09T13:39:54.732718+00:00,192,2,
Classic-McEliece-460896,KEM,0.1,102,365.6198,0.3921,0.2388,156,32,124,366.2507,True,1549,2025-09-09T13:39:55.199768+00:00,192,2,
Classic-McEliece-460896,KEM,0.1,102,239.9287,0.3863,0.204,156,32,124,240.5191,True,1550,2025-09-09T13:39:55.541055+00:00,192,2,
Classic-McEliece-460896,KEM,0.5,512,302.6159,0.3507,0.1846,156,32,124,303.1513,True,1551,2025-09-09T13:39:55.945041+00:00,192,2,
Classic-McEliece-460896,KEM,0.5,512,390.3149,0.3268,0.1863,156,32,124,390.828,True,1552,2025-09-09T13:39:56.436784+00:00,192,2,
Classic-McEliece-460896,KEM,0.5,512,226.5394,0.2977,0.1885,156,32,124,227.0255,True,1553,2025-09-09T13:39:56.764742+00:00,192,2,
Classic-McEliece-460896,KEM,0.5,512,278.2924,0.3199,0.2325,156,32,124,278.8447,True,1554,2025-09-09T13:39:57.144987+00:00,192,2,
Classic-McEliece-460896,KEM,0.5,512,276.5379,0.413,0.1792,156,32,124,277.1301,True,1555,2025-09-09T13:39:57.523179+00:00,192,2,
Classic-McEliece-460896,KEM,0.5,512,250.4908,0.3404,0.3077,156,32,124,251.1388,True,1556,2025-09-09T13:39:57.875763+00:00,192,2,
Classic-McEliece-460896,KEM,0.5,512,250.3848,0.3094,0.244,156,32,124,250.9382,True,1557,2025-09-09T13:39:58.227883+00:00,192,2,
Classic-McEliece-460896,KEM,0.5,512,305.0381,0.7023,0.246,156,32,124,305.9865,True,1558,2025-09-09T13:39:58.634847+00:00,192,2,
Classic-McEliece-460896,KEM,0.5,512,315.1943,0.216,0.1556,156,32,124,315.5659,True,1559,2025-09-09T13:39:59.052172+00:00,192,2,
Classic-McEliece-460896,KEM,0.5,512,429.5895,0.3633,0.1939,156,32,124,430.1467,True,1560,2025-09-09T13:39:59.583193+00:00,192,2,
Classic-McEliece-460896,KEM,0.5,512,261.21,0.4326,0.205,156,32,124,261.8476,True,1561,2025-09-09T13:39:59.946307+00:00,192,2,
Classic-McEliece-460896,KEM,0.5,512,283.568,0.3136,0.1763,156,32,124,284.0579,True,1562,2025-09-09T13:40:00.331263+00:00,192,2,
Classic-McEliece-460896,KEM,0.5,512,443.0327,0.3225,0.1679,156,32,124,443.5232,True,1563,2025-09-09T13:40:00.876248+00:00,192,2,
Classic-McEliece-460896,KEM,0.5,512,313.4252,0.389,0.1853,156,32,124,313.9996,True,1564,2025-09-09T13:40:01.291422+00:00,192,2,
Classic-McEliece-460896,KEM,0.5,512,544.674,0.45,0.1987,156,32,124,545.3227,True,1565,2025-09-09T13:40:01.948090+00:00,192,2,
Classic-McEliece-460896,KEM,0.5,512,627.4179,0.2751,0.1788,156,32,124,627.8717,True,1566,2025-09-09T13:40:02.688890+00:00,192,2,
Classic-McEliece-460896,KEM,0.5,512,349.0744,2.8196,0.2187,156,32,124,352.1127,True,1567,2025-09-09T13:40:03.142062+00:00,192,2,
Classic-McEliece-460896,KEM,0.5,512,414.7867,0.5659,0.2052,156,32,124,415.5578,True,1568,2025-09-09T13:40:03.672142+00:00,192,2,
Classic-McEliece-460896,KEM,0.5,512,443.3623,0.3062,0.181,156,32,124,443.8496,True,1569,2025-09-09T13:40:04.217525+00:00,192,2,
Classic-McEliece-460896,KEM,0.5,512,456.7072,0.8466,0.2213,156,32,124,457.7751,True,1570,2025-09-09T13:40:04.776511+00:00,192,2,
Classic-McEliece-460896,KEM,0.5,512,449.3302,0.4495,0.2053,156,32,124,449.985,True,1571,2025-09-09T13:40:05.327803+00:00,192,2,
Classic-McEliece-460896,KEM,0.5,512,458.4371,0.3631,0.2163,156,32,124,459.0165,True,1572,2025-09-09T13:40:05.888395+00:00,192,2,
Classic-McEliece-460896,KEM,0.5,512,498.5747,0.7199,0.1749,156,32,124,499.4695,True,1573,2025-09-09T13:40:06.488705+00:00,192,2,
Classic-McEliece-460896,KEM,0.5,512,408.2791,0.3774,0.182,156,32,124,408.8385,True,1574,2025-09-09T13:40:07.013116+00:00,192,2,
Classic-McEliece-460896,KEM,0.5,512,525.8363,0.326,0.1635,156,32,124,526.3258,True,1575,2025-09-09T13:40:07.640906+00:00,192,2,
Classic-McEliece-460896,KEM,0.5,512,468.8352,0.3232,0.2075,156,32,124,469.366,True,1576,2025-09-09T13:40:08.211426+00:00,192,2,
Classic-McEliece-460896,KEM,0.5,512,419.4967,0.3698,0.2131,156,32,124,420.0796,True,1577,2025-09-09T13:40:08.738266+00:00,192,2,
Classic-McEliece-460896,KEM,0.5,512,461.0296,2.7693,0.3002,156,32,124,464.099,True,1578,2025-09-09T13:40:09.306186+00:00,192,2,
Classic-McEliece-460896,KEM,0.5,512,226.7108,0.26,0.1443,156,32,124,227.115,True,1579,2025-09-09T13:40:09.634487+00:00,192,2,
Classic-McEliece-460896,KEM,0.5,512,487.3108,0.3514,0.2291,156,32,124,487.8914,True,1580,2025-09-09T13:40:10.224693+00:00,192,2,
Classic-McEliece-460896,KEM,0.5,512,287.9788,0.9234,8.755,156,32,124,297.6572,True,1581,2025-09-09T13:40:10.623841+00:00,192,2,
Classic-McEliece-460896,KEM,0.5,512,348.7443,0.3733,0.2048,156,32,124,349.3224,True,1582,2025-09-09T13:40:11.074613+00:00,192,2,
Classic-McEliece-460896,KEM,0.5,512,479.3477,0.4174,0.1913,156,32,124,479.9565,True,1583,2025-09-09T13:40:11.676379+00:00,192,2,
Classic-McEliece-460896,KEM,0.5,512,363.5926,0.2376,0.2081,156,32,124,364.0383,True,1584,2025-09-09T13:40:12.151020+00:00,192,2,
Classic-McEliece-460896,KEM,0.5,512,232.5677,0.2823,0.1568,156,32,124,233.0067,True,1585,2025-09-09T13:40:12.485434+00:00,192,2,
Classic-McEliece-460896,KEM,0.5,512,238.3895,0.3489,0.1828,156,32,124,238.9212,True,1586,2025-09-09T13:40:12.825447+00:00,192,2,
Classic-McEliece-460896,KEM,0.5,512,305.3711,0.3692,0.1669,156,32,124,305.9073,True,1587,2025-09-09T13:40:13.232496+00:00,192,2,
Classic-McEliece-460896,KEM,0.5,512,253.9631,0.2852,0.1628,156,32,124,254.411,True,1588,2025-09-09T13:40:13.588178+00:00,192,2,
Classic-McEliece-460896,KEM,0.5,512,214.144,0.2798,0.1471,156,32,124,214.5709,True,1589,2025-09-09T13:40:13.903944+00:00,192,2,
Classic-McEliece-460896,KEM,0.5,512,347.7121,3.1274,0.2282,156,32,124,351.0677,True,1590,2025-09-09T13:40:14.361728+00:00,192,2,
Classic-McEliece-460896,KEM,0.5,512,239.1206,0.3032,0.2047,156,32,124,239.6286,True,1591,2025-09-09T13:40:14.703435+00:00,192,2,
Classic-McEliece-460896,KEM,0.5,512,300.1999,0.3149,0.2108,156,32,124,300.7256,True,1592,2025-09-09T13:40:15.105305+00:00,192,2,
Classic-McEliece-460896,KEM,0.5,512,238.094,0.3261,0.2194,156,32,124,238.6394,True,1593,2025-09-09T13:40:15.445098+00:00,192,2,
Classic-McEliece-460896,KEM,0.5,512,328.8897,0.2968,0.1765,156,32,124,329.3629,True,1594,2025-09-09T13:40:15.877798+00:00,192,2,
Classic-McEliece-460896,KEM,0.5,512,397.1913,0.3926,0.1834,156,32,124,397.7673,True,1595,2025-09-09T13:40:16.376433+00:00,192,2,
Classic-McEliece-460896,KEM,0.5,512,255.507,0.3541,0.1577,156,32,124,256.0188,True,1596,2025-09-09T13:40:16.733491+00:00,192,2,
Classic-McEliece-460896,KEM,0.5,512,236.4829,0.2932,0.1769,156,32,124,236.953,True,1597,2025-09-09T13:40:17.071369+00:00,192,2,
Classic-McEliece-460896,KEM,0.5,512,228.6975,0.2741,0.1462,156,32,124,229.1179,True,1598,2025-09-09T13:40:17.403975+00:00,192,2,
Classic-McEliece-460896,KEM,0.5,512,284.1903,0.3012,0.1984,156,32,124,284.6899,True,1599,2025-09-09T13:40:17.789440+00:00,192,2,
Classic-McEliece-460896,KEM,0.5,512,244.6605,0.3408,0.201,156,32,124,245.2023,True,1600,2025-09-09T13:40:18.135393+00:00,192,2,
Classic-McEliece-460896,KEM,1.0,1024,298.5047,0.3362,0.1858,156,32,124,299.0268,True,1601,2025-09-09T13:40:18.535409+00:00,192,2,
Classic-McEliece-460896,KEM,1.0,1024,475.455,0.2776,0.2006,156,32,124,475.9332,True,1602,2025-09-09T13:40:19.129324+00:00,192,2,
Classic-McEliece-460896,KEM,1.0,1024,236.2757,1.1537,0.2692,156,32,124,237.6985,True,1603,2025-09-09T13:40:19.468162+00:00,192,2,
Classic-McEliece-460896,KEM,1.0,1024,257.6483,0.3603,0.1916,156,32,124,258.2003,True,1604,2025-09-09T13:40:19.827330+00:00,192,2,
Classic-McEliece-460896,KEM,1.0,1024,321.1067,0.5325,0.2383,156,32,124,321.8776,True,1605,2025-09-09T13:40:20.258365+00:00,192,2,
Classic-McEliece-460896,KEM,1.0,1024,316.9907,0.317,0.2052,156,32,124,317.5129,True,1606,2025-09-09T13:40:20.677424+00:00,192,2,
Classic-McEliece-460896,KEM,1.0,1024,386.0707,0.324,0.2045,156,32,124,386.5991,True,1607,2025-09-09T13:40:21.165262+00:00,192,2,
Classic-McEliece-460896,KEM,1.0,1024,332.8061,0.437,0.2013,156,32,124,333.4444,True,1608,2025-09-09T13:40:21.600456+00:00,192,2,
Classic-McEliece-460896,KEM,1.0,1024,385.1288,0.2891,0.2031,156,32,124,385.621,True,1609,2025-09-09T13:40:22.087227+00:00,192,2,
Classic-McEliece-460896,KEM,1.0,1024,409.8437,0.4037,0.1856,156,32,124,410.433,True,1610,2025-09-09T13:40:22.598982+00:00,192,2,
Classic-McEliece-460896,KEM,1.0,1024,335.2318,0.4173,0.2478,156,32,124,335.8969,True,1611,2025-09-09T13:40:23.035988+00:00,192,2,
Classic-McEliece-460896,KEM,1.0,1024,248.6731,0.3444,0.1811,156,32,124,249.1986,True,1612,2025-09-09T13:40:23.386149+00:00,192,2,
Classic-McEliece-460896,KEM,1.0,1024,315.7526,0.3247,0.1859,156,32,124,316.2632,True,1613,2025-09-09T13:40:23.820371+00:00,192,2,
Classic-McEliece-460896,KEM,1.0,1024,290.4919,0.3306,0.2304,156,32,124,291.0528,True,1614,2025-09-09T13:40:24.215436+00:00,192,2,
Classic-McEliece-460896,KEM,1.0,1024,264.225,0.2904,0.2023,156,32,124,264.7177,True,1615,2025-09-09T13:40:24.581262+00:00,192,2,
Classic-McEliece-460896,KEM,1.0,1024,225.3328,0.2777,0.1895,156,32,124,225.8,True,1616,2025-09-09T13:40:24.908127+00:00,192,2,
Classic-McEliece-460896,KEM,1.0,1024,268.9141,0.3165,0.1778,156,32,124,269.4083,True,1617,2025-09-09T13:40:25.278453+00:00,192,2,
Classic-McEliece-460896,KEM,1.0,1024,196.6884,0.2486,0.155,156,32,124,197.092,True,1618,2025-09-09T13:40:25.576639+00:00,192,2,
Classic-McEliece-460896,KEM,1.0,1024,261.0319,0.2992,0.2021,156,32,124,261.5332,True,1619,2025-09-09T13:40:25.939059+00:00,192,2,
Classic-McEliece-460896,KEM,1.0,1024,349.5264,0.3619,0.2196,156,32,124,350.1079,True,1620,2025-09-09T13:40:26.390486+00:00,192,2,
Classic-McEliece-460896,KEM,1.0,1024,336.6827,0.3724,0.1979,156,32,124,337.2529,True,1621,2025-09-09T13:40:26.828914+00:00,192,2,
Classic-McEliece-460896,KEM,1.0,1024,386.1587,0.2196,0.1574,156,32,124,386.5356,True,1622,2025-09-09T13:40:27.321267+00:00,192,2,
Classic-McEliece-460896,KEM,1.0,1024,610.1219,0.3125,0.2124,156,32,124,610.6468,True,1623,2025-09-09T13:40:28.037023+00:00,192,2,
Classic-McEliece-460896,KEM,1.0,1024,215.6297,0.7781,0.2172,156,32,124,216.625,True,1624,2025-09-09T13:40:28.354793+00:00,192,2,
Classic-McEliece-460896,KEM,1.0,1024,424.1131,0.2713,0.2912,156,32,124,424.6755,True,1625,2025-09-09T13:40:28.880622+00:00,192,2,
Classic-McEliece-460896,KEM,1.0,1024,328.3409,0.4209,0.2064,156,32,124,328.9683,True,1626,2025-09-09T13:40:29.310525+00:00,192,2,
Classic-McEliece-460896,KEM,1.0,1024,328.9834,0.3861,0.2113,156,32,124,329.5808,True,1627,2025-09-09T13:40:29.741041+00:00,192,2,
Classic-McEliece-460896,KEM,1.0,1024,345.7425,0.3189,0.202,156,32,124,346.2634,True,1628,2025-09-09T13:40:30.188230+00:00,192,2,
Classic-McEliece-460896,KEM,1.0,1024,363.6288,0.3425,0.1972,156,32,124,364.1685,True,1629,2025-09-09T13:40:30.653562+00:00,192,2,
Classic-McEliece-460896,KEM,1.0,1024,286.1619,0.3973,0.2069,156,32,124,286.7661,True,1630,2025-09-09T13:40:31.041826+00:00,192,2,
Classic-McEliece-460896,KEM,1.0,1024,224.9592,0.3394,0.1831,156,32,124,225.4817,True,1631,2025-09-09T13:40:31.370219+00:00,192,2,
Classic-McEliece-460896,KEM,1.0,1024,370.4299,0.3956,0.1768,156,32,124,371.0023,True,1632,2025-09-09T13:40:31.842244+00:00,192,2,
Classic-McEliece-460896,KEM,1.0,1024,288.816,0.3413,0.1922,156,32,124,289.3495,True,1633,2025-09-09T13:40:32.232517+00:00,192,2,
Classic-McEliece-460896,KEM,1.0,1024,231.7106,0.2811,0.1419,156,32,124,232.1336,True,1634,2025-09-09T13:40:32.566866+00:00,192,2,
Classic-McEliece-460896,KEM,1.0,1024,253.7329,0.3142,0.276,156,32,124,254.3231,True,1635,2025-09-09T13:40:32.922245+00:00,192,2,
Classic-McEliece-460896,KEM,1.0,1024,258.8855,0.4297,0.1988,156,32,124,259.514,True,1636,2025-09-09T13:40:33.283868+00:00,192,2,
Classic-McEliece-460896,KEM,1.0,1024,345.9358,0.3253,0.202,156,32,124,346.4631,True,1637,2025-09-09T13:40:33.732865+00:00,192,2,
Classic-McEliece-460896,KEM,1.0,1024,362.4362,0.3398,0.1589,156,32,124,362.9349,True,1638,2025-09-09T13:40:34.196782+00:00,192,2,
Classic-McEliece-460896,KEM,1.0,1024,325.6799,0.3793,0.2175,156,32,124,326.2767,True,1639,2025-09-09T13:40:34.624280+00:00,192,2,
Classic-McEliece-460896,KEM,1.0,1024,392.9083,0.2802,0.2364,156,32,124,393.4248,True,1640,2025-09-09T13:40:35.118995+00:00,192,2,
Classic-McEliece-460896,KEM,1.0,1024,330.0131,0.3458,0.1973,156,32,124,330.5561,True,1641,2025-09-09T13:40:35.550791+00:00,192,2,
Classic-McEliece-460896,KEM,1.0,1024,201.7963,0.3455,0.2331,156,32,124,202.3749,True,1642,2025-09-09T13:40:35.854777+00:00,192,2,
Classic-McEliece-460896,KEM,1.0,1024,329.0922,0.3719,0.1882,156,32,124,329.6523,True,1643,2025-09-09T13:40:36.285770+00:00,192,2,
Classic-McEliece-460896,KEM,1.0,1024,389.9866,0.2467,0.1705,156,32,124,390.4038,True,1644,2025-09-09T13:40:36.777512+00:00,192,2,
Classic-McEliece-460896,KEM,1.0,1024,328.1006,0.3763,0.1559,156,32,124,328.6329,True,1645,2025-09-09T13:40:37.207379+00:00,192,2,
Classic-McEliece-460896,KEM,1.0,1024,248.798,0.2094,0.1729,156,32,124,249.1802,True,1646,2025-09-09T13:40:37.557791+00:00,192,2,
Classic-McEliece-460896,KEM,1.0,1024,275.4163,0.2494,0.1707,156,32,124,275.8363,True,1647,2025-09-09T13:40:37.934748+00:00,192,2,
Classic-McEliece-460896,KEM,1.0,1024,395.7681,0.383,0.2066,156,32,124,396.3577,True,1648,2025-09-09T13:40:38.438694+00:00,192,2,
Classic-McEliece-460896,KEM,1.0,1024,397.5628,0.2877,0.1874,156,32,124,398.0379,True,1649,2025-09-09T13:40:38.940069+00:00,192,2,
Classic-McEliece-460896,KEM,1.0,1024,253.07,0.2661,0.195,156,32,124,253.5311,True,1650,2025-09-09T13:40:39.294828+00:00,192,2,
Classic-McEliece-460896,KEM,2.0,2048,319.2743,0.3692,0.1856,156,32,124,319.8292,True,1651,2025-09-09T13:40:39.716258+00:00,192,2,
Classic-McEliece-460896,KEM,2.0,2048,296.2127,0.3986,0.2036,156,32,124,296.8149,True,1652,2025-09-09T13:40:40.114330+00:00,192,2,
Classic-McEliece-460896,KEM,2.0,2048,269.5293,0.3739,0.2158,156,32,124,270.119,True,1653,2025-09-09T13:40:40.486115+00:00,192,2,
Classic-McEliece-460896,KEM,2.0,2048,221.9343,0.2479,0.1918,156,32,124,222.374,True,1654,2025-09-09T13:40:40.810437+00:00,192,2,
Classic-McEliece-460896,KEM,2.0,2048,307.8683,0.283,0.2259,156,32,124,308.3772,True,1655,2025-09-09T13:40:41.220375+00:00,192,2,
Classic-McEliece-460896,KEM,2.0,2048,306.8529,0.2966,0.2229,156,32,124,307.3724,True,1656,2025-09-09T13:40:41.629128+00:00,192,2,
Classic-McEliece-460896,KEM,2.0,2048,285.9551,0.3596,0.1983,156,32,124,286.513,True,1657,2025-09-09T13:40:42.017078+00:00,192,2,
Classic-McEliece-460896,KEM,2.0,2048,310.4901,0.3242,0.2017,156,32,124,311.0159,True,1658,2025-09-09T13:40:42.429726+00:00,192,2,
Classic-McEliece-460896,KEM,2.0,2048,216.2056,0.3306,0.1973,156,32,124,216.7335,True,1659,2025-09-09T13:40:42.748634+00:00,192,2,
Classic-McEliece-460896,KEM,2.0,2048,329.2392,0.2254,0.234,156,32,124,329.6986,True,1660,2025-09-09T13:40:43.179557+00:00,192,2,
Classic-McEliece-460896,KEM,2.0,2048,221.464,0.2738,0.1891,156,32,124,221.927,True,1661,2025-09-09T13:40:43.502708+00:00,192,2,
Classic-McEliece-460896,KEM,2.0,2048,235.1171,0.3442,0.1893,156,32,124,235.6505,True,1662,2025-09-09T13:40:43.840692+00:00,192,2,
Classic-McEliece-460896,KEM,2.0,2048,265.7182,0.3305,0.1888,156,32,124,266.2374,True,1663,2025-09-09T13:40:44.208389+00:00,192,2,
Classic-McEliece-460896,KEM,2.0,2048,219.1957,0.2953,0.2153,156,32,124,219.7063,True,1664,2025-09-09T13:40:44.529528+00:00,192,2,
Classic-McEliece-460896,KEM,2.0,2048,279.6569,0.3487,0.1779,156,32,124,280.1835,True,1665,2025-09-09T13:40:44.911043+00:00,192,2,
Classic-McEliece-460896,KEM,2.0,2048,295.8048,0.3323,0.1426,156,32,124,296.2797,True,1666,2025-09-09T13:40:45.308623+00:00,192,2,
Classic-McEliece-460896,KEM,2.0,2048,429.1861,0.3057,0.1963,156,32,124,429.6881,True,1667,2025-09-09T13:40:45.840659+00:00,192,2,
Classic-McEliece-460896,KEM,2.0,2048,384.4318,0.3673,0.3341,156,32,124,385.1332,True,1668,2025-09-09T13:40:46.327669+00:00,192,2,
Classic-McEliece-460896,KEM,2.0,2048,329.3522,0.3714,0.1817,156,32,124,329.9052,True,1669,2025-09-09T13:40:46.759104+00:00,192,2,
Classic-McEliece-460896,KEM,2.0,2048,297.6242,0.3942,0.2008,156,32,124,298.2193,True,1670,2025-09-09T13:40:47.160430+00:00,192,2,
Classic-McEliece-460896,KEM,2.0,2048,350.2051,0.2481,0.1757,156,32,124,350.629,True,1671,2025-09-09T13:40:47.614733+00:00,192,2,
Classic-McEliece-460896,KEM,2.0,2048,219.9919,0.3399,0.1916,156,32,124,220.5234,True,1672,2025-09-09T13:40:47.936648+00:00,192,2,
Classic-McEliece-460896,KEM,2.0,2048,442.4772,0.3375,0.2162,156,32,124,443.0309,True,1673,2025-09-09T13:40:48.480982+00:00,192,2,
Classic-McEliece-460896,KEM,2.0,2048,398.7897,0.3409,0.2158,156,32,124,399.3464,True,1674,2025-09-09T13:40:48.982401+00:00,192,2,
Classic-McEliece-460896,KEM,2.0,2048,606.5051,0.3368,0.1901,156,32,124,607.0321,True,1675,2025-09-09T13:40:49.690963+00:00,192,2,
Classic-McEliece-460896,KEM,2.0,2048,306.6197,0.3119,0.1875,156,32,124,307.1191,True,1676,2025-09-09T13:40:50.099509+00:00,192,2,
Classic-McEliece-460896,KEM,2.0,2048,224.3202,0.3605,0.1479,156,32,124,224.8286,True,1677,2025-09-09T13:40:50.425688+00:00,192,2,
Classic-McEliece-460896,KEM,2.0,2048,216.4042,0.4012,0.2392,156,32,124,217.0446,True,1678,2025-09-09T13:40:50.744026+00:00,192,2,
Classic-McEliece-460896,KEM,2.0,2048,226.1289,0.3026,0.1425,156,32,124,226.574,True,1679,2025-09-09T13:40:51.071832+00:00,192,2,
Classic-McEliece-460896,KEM,2.0,2048,239.7747,0.3031,0.202,156,32,124,240.2799,True,1680,2025-09-09T13:40:51.413279+00:00,192,2,
Classic-McEliece-460896,KEM,2.0,2048,234.719,0.2909,0.2178,156,32,124,235.2278,True,1681,2025-09-09T13:40:51.749858+00:00,192,2,
Classic-McEliece-460896,KEM,2.0,2048,198.4378,0.2448,0.168,156,32,124,198.8506,True,1682,2025-09-09T13:40:52.049960+00:00,192,2,
Classic-McEliece-460896,KEM,2.0,2048,232.4849,0.2277,0.1588,156,32,124,232.8713,True,1683,2025-09-09T13:40:52.385143+00:00,192,2,
Classic-McEliece-460896,KEM,2.0,2048,218.7069,0.2996,0.1624,156,32,124,219.1689,True,1684,2025-09-09T13:40:52.705465+00:00,192,2,
Classic-McEliece-460896,KEM,2.0,2048,250.9069,0.3334,0.1812,156,32,124,251.4214,True,1685,2025-09-09T13:40:53.057954+00:00,192,2,
Classic-McEliece-460896,KEM,2.0,2048,258.2967,0.241,0.183,156,32,124,258.7207,True,1686,2025-09-09T13:40:53.418092+00:00,192,2,
Classic-McEliece-460896,KEM,2.0,2048,261.6964,0.3428,0.1423,156,32,124,262.1815,True,1687,2025-09-09T13:40:53.781627+00:00,192,2,
Classic-McEliece-460896,KEM,2.0,2048,260.8168,0.3432,0.18,156,32,124,261.3401,True,1688,2025-09-09T13:40:54.144309+00:00,192,2,
Classic-McEliece-460896,KEM,2.0,2048,299.8255,0.2861,0.1874,156,32,124,300.2991,True,1689,2025-09-09T13:40:54.546058+00:00,192,2,
Classic-McEliece-460896,KEM,2.0,2048,187.6522,0.3529,0.2136,156,32,124,188.2187,True,1690,2025-09-09T13:40:54.836240+00:00,192,2,
Classic-McEliece-460896,KEM,2.0,2048,214.4085,0.3105,0.23,156,32,124,214.949,True,1691,2025-09-09T13:40:55.152340+00:00,192,2,
Classic-McEliece-460896,KEM,2.0,2048,293.7032,0.2455,0.204,156,32,124,294.1527,True,1692,2025-09-09T13:40:55.548232+00:00,192,2,
Classic-McEliece-460896,KEM,2.0,2048,203.4079,0.4974,0.1915,156,32,124,204.0968,True,1693,2025-09-09T13:40:55.853981+00:00,192,2,
Classic-McEliece-460896,KEM,2.0,2048,200.4325,0.2856,0.1637,156,32,124,200.8819,True,1694,2025-09-09T13:40:56.156247+00:00,192,2,
Classic-McEliece-460896,KEM,2.0,2048,236.9564,0.2773,0.1986,156,32,124,237.4323,True,1695,2025-09-09T13:40:56.494779+00:00,192,2,
Classic-McEliece-460896,KEM,2.0,2048,394.4845,0.3899,0.1765,156,32,124,395.0509,True,1696,2025-09-09T13:40:56.991322+00:00,192,2,
Classic-McEliece-460896,KEM,2.0,2048,238.2212,0.3435,0.2806,156,32,124,238.8453,True,1697,2025-09-09T13:40:57.331588+00:00,192,2,
Classic-McEliece-460896,KEM,2.0,2048,317.732,0.2962,0.1731,156,32,124,318.2013,True,1698,2025-09-09T13:40:57.751159+00:00,192,2,
Classic-McEliece-460896,KEM,2.0,2048,351.8443,0.3249,0.2121,156,32,124,352.3814,True,1699,2025-09-09T13:40:58.204730+00:00,192,2,
Classic-McEliece-460896,KEM,2.0,2048,272.528,0.2991,0.1854,156,32,124,273.0125,True,1700,2025-09-09T13:40:58.579024+00:00,192,2,
Classic-McEliece-460896,KEM,5.0,5120,313.3767,0.2826,0.1465,156,32,124,313.8058,True,1701,2025-09-09T13:40:58.995155+00:00,192,2,
Classic-McEliece-460896,KEM,5.0,5120,280.7378,0.2674,0.2089,156,32,124,281.2141,True,1702,2025-09-09T13:40:59.381885+00:00,192,2,
Classic-McEliece-460896,KEM,5.0,5120,381.5645,0.252,0.2345,156,32,124,382.051,True,1703,2025-09-09T13:40:59.866170+00:00,192,2,
Classic-McEliece-460896,KEM,5.0,5120,259.7527,0.3636,0.2074,156,32,124,260.3237,True,1704,2025-09-09T13:41:00.229302+00:00,192,2,
Classic-McEliece-460896,KEM,5.0,5120,262.7851,0.3277,0.1992,156,32,124,263.3121,True,1705,2025-09-09T13:41:00.595298+00:00,192,2,
Classic-McEliece-460896,KEM,5.0,5120,305.5589,0.3681,0.1973,156,32,124,306.1243,True,1706,2025-09-09T13:41:01.003738+00:00,192,2,
Classic-McEliece-460896,KEM,5.0,5120,368.0513,0.3491,0.1875,156,32,124,368.5879,True,1707,2025-09-09T13:41:01.474233+00:00,192,2,
Classic-McEliece-460896,KEM,5.0,5120,314.4529,0.3353,0.4426,156,32,124,315.2308,True,1708,2025-09-09T13:41:01.891745+00:00,192,2,
Classic-McEliece-460896,KEM,5.0,5120,648.7508,0.3419,0.1963,156,32,124,649.2891,True,1709,2025-09-09T13:41:02.643411+00:00,192,2,
Classic-McEliece-460896,KEM,5.0,5120,291.2436,0.3261,0.1837,156,32,124,291.7535,True,1710,2025-09-09T13:41:03.037340+00:00,192,2,
Classic-McEliece-460896,KEM,5.0,5120,375.3613,0.3526,0.2157,156,32,124,375.9297,True,1711,2025-09-09T13:41:03.516014+00:00,192,2,
Classic-McEliece-460896,KEM,5.0,5120,362.1576,0.3366,0.1801,156,32,124,362.6743,True,1712,2025-09-09T13:41:03.981146+00:00,192,2,
Classic-McEliece-460896,KEM,5.0,5120,505.4162,0.2712,0.1722,156,32,124,505.8596,True,1713,2025-09-09T13:41:04.589216+00:00,192,2,
Classic-McEliece-460896,KEM,5.0,5120,253.7535,0.2417,0.2012,156,32,124,254.1964,True,1714,2025-09-09T13:41:04.945822+00:00,192,2,
Classic-McEliece-460896,KEM,5.0,5120,302.8602,0.2705,0.1877,156,32,124,303.3184,True,1715,2025-09-09T13:41:05.351396+00:00,192,2,
Classic-McEliece-460896,KEM,5.0,5120,246.9053,0.3495,0.1647,156,32,124,247.4195,True,1716,2025-09-09T13:41:05.701035+00:00,192,2,
Classic-McEliece-460896,KEM,5.0,5120,231.0875,0.2303,0.1666,156,32,124,231.4845,True,1717,2025-09-09T13:41:06.037082+00:00,192,2,
Classic-McEliece-460896,KEM,5.0,5120,205.3507,0.2838,0.1812,156,32,124,205.8157,True,1718,2025-09-09T13:41:06.345191+00:00,192,2,
Classic-McEliece-460896,KEM,5.0,5120,199.3263,0.2781,0.4497,156,32,124,200.0541,True,1719,2025-09-09T13:41:06.647783+00:00,192,2,
Classic-McEliece-460896,KEM,5.0,5120,224.6591,0.2868,0.181,156,32,124,225.1269,True,1720,2025-09-09T13:41:06.975421+00:00,192,2,
Classic-McEliece-460896,KEM,5.0,5120,322.7925,0.298,0.205,156,32,124,323.2954,True,1721,2025-09-09T13:41:07.400619+00:00,192,2,
Classic-McEliece-460896,KEM,5.0,5120,226.6354,0.2907,0.1948,156,32,124,227.1209,True,1722,2025-09-09T13:41:07.730020+00:00,192,2,
Classic-McEliece-460896,KEM,5.0,5120,219.2712,0.2715,0.2053,156,32,124,219.748,True,1723,2025-09-09T13:41:08.057357+00:00,192,2,
Classic-McEliece-460896,KEM,5.0,5120,414.8399,0.2691,0.1448,156,32,124,415.2538,True,1724,2025-09-09T13:41:08.574865+00:00,192,2,
Classic-McEliece-460896,KEM,5.0,5120,213.6989,0.3239,0.1793,156,32,124,214.2021,True,1725,2025-09-09T13:41:08.890941+00:00,192,2,
Classic-McEliece-460896,KEM,5.0,5120,253.4394,0.3366,0.216,156,32,124,253.992,True,1726,2025-09-09T13:41:09.247203+00:00,192,2,
Classic-McEliece-460896,KEM,5.0,5120,292.6614,0.3268,0.2135,156,32,124,293.2017,True,1727,2025-09-09T13:41:09.642774+00:00,192,2,
Classic-McEliece-460896,KEM,5.0,5120,252.6974,0.2502,0.1972,156,32,124,253.1448,True,1728,2025-09-09T13:41:09.997899+00:00,192,2,
Classic-McEliece-460896,KEM,5.0,5120,255.3388,0.3338,0.3425,156,32,124,256.0151,True,1729,2025-09-09T13:41:10.355712+00:00,192,2,
Classic-McEliece-460896,KEM,5.0,5120,230.1994,0.3248,0.1571,156,32,124,230.6813,True,1730,2025-09-09T13:41:10.688383+00:00,192,2,
Classic-McEliece-460896,KEM,5.0,5120,353.7096,0.313,0.1697,156,32,124,354.1923,True,1731,2025-09-09T13:41:11.144900+00:00,192,2,
Classic-McEliece-460896,KEM,5.0,5120,461.9743,0.3533,0.1998,156,32,124,462.5275,True,1732,2025-09-09T13:41:11.709665+00:00,192,2,
Classic-McEliece-460896,KEM,5.0,5120,440.9899,0.3399,0.2228,156,32,124,441.5526,True,1733,2025-09-09T13:41:12.253200+00:00,192,2,
Classic-McEliece-460896,KEM,5.0,5120,368.9906,0.3754,0.2024,156,32,124,369.5684,True,1734,2025-09-09T13:41:12.726572+00:00,192,2,
Classic-McEliece-460896,KEM,5.0,5120,220.1799,0.2651,0.2529,156,32,124,220.6979,True,1735,2025-09-09T13:41:13.049351+00:00,192,2,
Classic-McEliece-460896,KEM,5.0,5120,235.6717,0.497,0.1876,156,32,124,236.3563,True,1736,2025-09-09T13:41:13.387803+00:00,192,2,
Classic-McEliece-460896,KEM,5.0,5120,287.3496,0.2717,0.1868,156,32,124,287.808,True,1737,2025-09-09T13:41:13.793642+00:00,192,2,
Classic-McEliece-460896,KEM,5.0,5120,262.9568,0.3765,0.1938,156,32,124,263.5271,True,1738,2025-09-09T13:41:14.159427+00:00,192,2,
Classic-McEliece-460896,KEM,5.0,5120,350.8661,0.3101,0.215,156,32,124,351.3912,True,1739,2025-09-09T13:41:14.623148+00:00,192,2,
Classic-McEliece-460896,KEM,5.0,5120,355.806,0.269,0.2021,156,32,124,356.2771,True,1740,2025-09-09T13:41:15.081548+00:00,192,2,
Classic-McEliece-460896,KEM,5.0,5120,534.5177,0.3112,0.2159,156,32,124,535.0447,True,1741,2025-09-09T13:41:15.718865+00:00,192,2,
Classic-McEliece-460896,KEM,5.0,5120,300.1198,1.0593,1.691,156,32,124,302.8702,True,1742,2025-09-09T13:41:16.123867+00:00,192,2,
Classic-McEliece-460896,KEM,5.0,5120,348.7367,0.2637,0.2423,156,32,124,349.2427,True,1743,2025-09-09T13:41:16.575513+00:00,192,2,
Classic-McEliece-460896,KEM,5.0,5120,288.9894,0.2918,0.2439,156,32,124,289.5252,True,1744,2025-09-09T13:41:16.967230+00:00,192,2,
Classic-McEliece-460896,KEM,5.0,5120,434.6427,0.3859,0.1835,156,32,124,435.212,True,1745,2025-09-09T13:41:17.504792+00:00,192,2,
Classic-McEliece-460896,KEM,5.0,5120,348.3617,0.4743,0.1978,156,32,124,349.0338,True,1746,2025-09-09T13:41:17.955803+00:00,192,2,
Classic-McEliece-460896,KEM,5.0,5120,351.116,0.3068,0.1635,156,32,124,351.5863,True,1747,2025-09-09T13:41:18.409226+00:00,192,2,
Classic-McEliece-460896,KEM,5.0,5120,397.4172,0.3225,0.2031,156,32,124,397.9428,True,1748,2025-09-09T13:41:18.909140+00:00,192,2,
Classic-McEliece-460896,KEM,5.0,5120,349.9712,0.3067,0.1997,156,32,124,350.4776,True,1749,2025-09-09T13:41:19.361424+00:00,192,2,
Classic-McEliece-460896,KEM,5.0,5120,266.0611,0.2856,0.1578,156,32,124,266.5045,True,1750,2025-09-09T13:41:19.729986+00:00,192,2,
Classic-McEliece-460896,KEM,10.0,10240,225.0393,0.3206,0.1845,156,32,124,225.5443,True,1751,2025-09-09T13:41:20.059479+00:00,192,2,
Classic-McEliece-460896,KEM,10.0,10240,302.2828,0.3732,0.1964,156,32,124,302.8524,True,1752,2025-09-09T13:41:20.465400+00:00,192,2,
Classic-McEliece-460896,KEM,10.0,10240,242.9409,0.394,0.2026,156,32,124,243.5375,True,1753,2025-09-09T13:41:20.812020+00:00,192,2,
Classic-McEliece-460896,KEM,10.0,10240,223.9395,0.2405,0.1601,156,32,124,224.3402,True,1754,2025-09-09T13:41:21.144727+00:00,192,2,
Classic-McEliece-460896,KEM,10.0,10240,287.9219,0.3406,0.2198,156,32,124,288.4823,True,1755,2025-09-09T13:41:21.536180+00:00,192,2,
Classic-McEliece-460896,KEM,10.0,10240,294.8446,0.2347,0.2087,156,32,124,295.288,True,1756,2025-09-09T13:41:21.934961+00:00,192,2,
Classic-McEliece-460896,KEM,10.0,10240,236.9544,0.2761,0.2061,156,32,124,237.4366,True,1757,2025-09-09T13:41:22.276576+00:00,192,2,
Classic-McEliece-460896,KEM,10.0,10240,205.4798,0.4163,0.1924,156,32,124,206.0885,True,1758,2025-09-09T13:41:22.600837+00:00,192,2,
Classic-McEliece-460896,KEM,10.0,10240,255.281,0.5765,0.209,156,32,124,256.0665,True,1759,2025-09-09T13:41:22.962157+00:00,192,2,
Classic-McEliece-460896,KEM,10.0,10240,532.1365,0.3626,0.1891,156,32,124,532.6882,True,1760,2025-09-09T13:41:23.598815+00:00,192,2,
Classic-McEliece-460896,KEM,10.0,10240,525.6752,0.3285,0.1624,156,32,124,526.166,True,1761,2025-09-09T13:41:24.228477+00:00,192,2,
Classic-McEliece-460896,KEM,10.0,10240,318.2964,0.3354,0.1865,156,32,124,318.8184,True,1762,2025-09-09T13:41:24.656115+00:00,192,2,
Classic-McEliece-460896,KEM,10.0,10240,479.5976,0.3413,0.2658,156,32,124,480.2047,True,1763,2025-09-09T13:41:25.239670+00:00,192,2,
Classic-McEliece-460896,KEM,10.0,10240,375.1639,0.4293,0.1848,156,32,124,375.7781,True,1764,2025-09-09T13:41:25.723958+00:00,192,2,
Classic-McEliece-460896,KEM,10.0,10240,592.8917,0.2941,0.1731,156,32,124,593.3589,True,1765,2025-09-09T13:41:26.420559+00:00,192,2,
Classic-McEliece-460896,KEM,10.0,10240,351.6623,0.3308,0.1842,156,32,124,352.1773,True,1766,2025-09-09T13:41:26.876268+00:00,192,2,
Classic-McEliece-460896,KEM,10.0,10240,387.9214,0.4707,0.2191,156,32,124,388.6112,True,1767,2025-09-09T13:41:27.368336+00:00,192,2,
Classic-McEliece-460896,KEM,10.0,10240,438.0317,0.3058,0.2894,156,32,124,438.627,True,1768,2025-09-09T13:41:27.909911+00:00,192,2,
Classic-McEliece-460896,KEM,10.0,10240,490.5526,0.3288,0.1969,156,32,124,491.0782,True,1769,2025-09-09T13:41:28.505947+00:00,192,2,
Classic-McEliece-460896,KEM,10.0,10240,300.0528,0.7974,0.1892,156,32,124,301.0394,True,1770,2025-09-09T13:41:28.911119+00:00,192,2,
Classic-McEliece-460896,KEM,10.0,10240,451.937,0.5982,0.1769,156,32,124,452.7121,True,1771,2025-09-09T13:41:29.469498+00:00,192,2,
Classic-McEliece-460896,KEM,10.0,10240,260.9311,0.3085,0.1789,156,32,124,261.4184,True,1772,2025-09-09T13:41:29.835117+00:00,192,2,
Classic-McEliece-460896,KEM,10.0,10240,288.3175,0.4118,0.2307,156,32,124,288.96,True,1773,2025-09-09T13:41:30.235111+00:00,192,2,
Classic-McEliece-460896,KEM,10.0,10240,313.9054,0.4126,0.1877,156,32,124,314.5057,True,1774,2025-09-09T13:41:30.652560+00:00,192,2,
Classic-McEliece-460896,KEM,10.0,10240,379.7486,0.3012,0.1926,156,32,124,380.2424,True,1775,2025-09-09T13:41:31.137064+00:00,192,2,
Classic-McEliece-460896,KEM,10.0,10240,313.0916,0.3834,0.1926,156,32,124,313.6676,True,1776,2025-09-09T13:41:31.563847+00:00,192,2,
Classic-McEliece-460896,KEM,10.0,10240,525.1718,0.424,0.1997,156,32,124,525.7955,True,1777,2025-09-09T13:41:32.192752+00:00,192,2,
Classic-McEliece-460896,KEM,10.0,10240,235.6418,0.2512,0.1816,156,32,124,236.0746,True,1778,2025-09-09T13:41:32.533196+00:00,192,2,
Classic-McEliece-460896,KEM,10.0,10240,397.8204,0.4542,0.1933,156,32,124,398.4679,True,1779,2025-09-09T13:41:33.040018+00:00,192,2,
Classic-McEliece-460896,KEM,10.0,10240,471.7958,0.3083,0.1778,156,32,124,472.2819,True,1780,2025-09-09T13:41:33.617908+00:00,192,2,
Classic-McEliece-460896,KEM,10.0,10240,341.7719,0.2184,0.143,156,32,124,342.1333,True,1781,2025-09-09T13:41:34.064993+00:00,192,2,
Classic-McEliece-460896,KEM,10.0,10240,274.1919,0.3852,0.1893,156,32,124,274.7664,True,1782,2025-09-09T13:41:34.442775+00:00,192,2,
Classic-McEliece-460896,KEM,10.0,10240,357.3861,0.3656,0.1947,156,32,124,357.9464,True,1783,2025-09-09T13:41:34.904451+00:00,192,2,
Classic-McEliece-460896,KEM,10.0,10240,424.0959,0.3348,0.2025,156,32,124,424.6332,True,1784,2025-09-09T13:41:35.434199+00:00,192,2,
Classic-McEliece-460896,KEM,10.0,10240,296.1036,0.3435,0.2344,156,32,124,296.6815,True,1785,2025-09-09T13:41:35.833966+00:00,192,2,
Classic-McEliece-460896,KEM,10.0,10240,497.627,0.2848,0.2063,156,32,124,498.118,True,1786,2025-09-09T13:41:36.435413+00:00,192,2,
Classic-McEliece-460896,KEM,10.0,10240,324.5395,0.4595,0.1959,156,32,124,325.1949,True,1787,2025-09-09T13:41:36.864254+00:00,192,2,
Classic-McEliece-460896,KEM,10.0,10240,283.5121,0.2475,0.259,156,32,124,284.0187,True,1788,2025-09-09T13:41:37.251648+00:00,192,2,
Classic-McEliece-460896,KEM,10.0,10240,376.4976,0.449,0.2533,156,32,124,377.1999,True,1789,2025-09-09T13:41:37.731777+00:00,192,2,
Classic-McEliece-460896,KEM,10.0,10240,270.736,0.3014,0.1957,156,32,124,271.2331,True,1790,2025-09-09T13:41:38.105818+00:00,192,2,
Classic-McEliece-460896,KEM,10.0,10240,425.5319,0.3598,0.2336,156,32,124,426.1253,True,1791,2025-09-09T13:41:38.635018+00:00,192,2,
Classic-McEliece-460896,KEM,10.0,10240,470.2504,0.36,0.2163,156,32,124,470.8268,True,1792,2025-09-09T13:41:39.209342+00:00,192,2,
Classic-McEliece-460896,KEM,10.0,10240,334.8468,0.2848,0.1989,156,32,124,335.3306,True,1793,2025-09-09T13:41:39.649241+00:00,192,2,
Classic-McEliece-460896,KEM,10.0,10240,270.2571,0.3383,0.1734,156,32,124,270.7688,True,1794,2025-09-09T13:41:40.023980+00:00,192,2,
Classic-McEliece-460896,KEM,10.0,10240,271.8548,0.3117,0.1953,156,32,124,272.3618,True,1795,2025-09-09T13:41:40.400662+00:00,192,2,
Classic-McEliece-460896,KEM,10.0,10240,230.5383,0.3098,0.2091,156,32,124,231.0573,True,1796,2025-09-09T13:41:40.734854+00:00,192,2,
Classic-McEliece-460896,KEM,10.0,10240,205.8828,0.2796,0.1833,156,32,124,206.3457,True,1797,2025-09-09T13:41:41.049311+00:00,192,2,
Classic-McEliece-460896,KEM,10.0,10240,239.4267,0.276,0.1598,156,32,124,239.8625,True,1798,2025-09-09T13:41:41.392906+00:00,192,2,
Classic-McEliece-460896,KEM,10.0,10240,233.5798,0.2779,0.1533,156,32,124,234.011,True,1799,2025-09-09T13:41:41.730597+00:00,192,2,
Classic-McEliece-460896,KEM,10.0,10240,230.1232,0.2334,0.1426,156,32,124,230.4992,True,1800,2025-09-09T13:41:42.065007+00:00,192,2,
Classic-McEliece-460896f,KEM,0.1,102,191.4433,0.2799,0.1774,156,32,124,191.9006,True,1801,2025-09-09T13:41:42.362291+00:00,192,2,
Classic-McEliece-460896f,KEM,0.1,102,209.2115,0.2677,0.1554,156,32,124,209.6346,True,1802,2025-09-09T13:41:42.673304+00:00,192,2,
Classic-McEliece-460896f,KEM,0.1,102,195.6615,0.3747,0.179,156,32,124,196.2152,True,1803,2025-09-09T13:41:42.970453+00:00,192,2,
Classic-McEliece-460896f,KEM,0.1,102,213.4809,0.3766,0.1999,156,32,124,214.0574,True,1804,2025-09-09T13:41:43.285925+00:00,192,2,
Classic-McEliece-460896f,KEM,0.1,102,232.9945,0.4539,0.1674,156,32,124,233.6158,True,1805,2025-09-09T13:41:43.620576+00:00,192,2,
Classic-McEliece-460896f,KEM,0.1,102,240.8832,0.2775,0.1893,156,32,124,241.35,True,1806,2025-09-09T13:41:43.963072+00:00,192,2,
Classic-McEliece-460896f,KEM,0.1,102,192.7241,0.1982,0.1251,156,32,124,193.0474,True,1807,2025-09-09T13:41:44.256944+00:00,192,2,
Classic-McEliece-460896f,KEM,0.1,102,188.6416,0.2519,0.1832,156,32,124,189.0766,True,1808,2025-09-09T13:41:44.546807+00:00,192,2,
Classic-McEliece-460896f,KEM,0.1,102,205.3755,0.3427,0.18,156,32,124,205.8983,True,1809,2025-09-09T13:41:44.853604+00:00,192,2,
Classic-McEliece-460896f,KEM,0.1,102,209.438,0.3813,0.1851,156,32,124,210.0045,True,1810,2025-09-09T13:41:45.164448+00:00,192,2,
Classic-McEliece-460896f,KEM,0.1,102,209.3259,0.3055,0.2512,156,32,124,209.8825,True,1811,2025-09-09T13:41:45.475533+00:00,192,2,
Classic-McEliece-460896f,KEM,0.1,102,205.6285,0.2723,0.1767,156,32,124,206.0775,True,1812,2025-09-09T13:41:45.782620+00:00,192,2,
Classic-McEliece-460896f,KEM,0.1,102,208.3384,0.2696,0.1531,156,32,124,208.7611,True,1813,2025-09-09T13:41:46.092187+00:00,192,2,
Classic-McEliece-460896f,KEM,0.1,102,264.4113,0.3178,0.2164,156,32,124,264.9455,True,1814,2025-09-09T13:41:46.457907+00:00,192,2,
Classic-McEliece-460896f,KEM,0.1,102,206.2946,0.2339,0.1418,156,32,124,206.6702,True,1815,2025-09-09T13:41:46.765310+00:00,192,2,
Classic-McEliece-460896f,KEM,0.1,102,249.7231,0.2404,0.1538,156,32,124,250.1172,True,1816,2025-09-09T13:41:47.116076+00:00,192,2,
Classic-McEliece-460896f,KEM,0.1,102,199.6915,0.2935,0.1444,156,32,124,200.1294,True,1817,2025-09-09T13:41:47.416928+00:00,192,2,
Classic-McEliece-460896f,KEM,0.1,102,254.196,0.3408,0.183,156,32,124,254.7198,True,1818,2025-09-09T13:41:47.772420+00:00,192,2,
Classic-McEliece-460896f,KEM,0.1,102,396.5048,0.2752,0.1739,156,32,124,396.9539,True,1819,2025-09-09T13:41:48.270122+00:00,192,2,
Classic-McEliece-460896f,KEM,0.1,102,321.6557,0.2659,0.1851,156,32,124,322.1068,True,1820,2025-09-09T13:41:48.710680+00:00,192,2,
Classic-McEliece-460896f,KEM,0.1,102,252.7945,0.5666,0.201,156,32,124,253.5621,True,1821,2025-09-09T13:41:49.065695+00:00,192,2,
Classic-McEliece-460896f,KEM,0.1,102,343.9991,0.3325,0.245,156,32,124,344.5766,True,1822,2025-09-09T13:41:49.511551+00:00,192,2,
Classic-McEliece-460896f,KEM,0.1,102,225.6165,0.3134,0.1747,156,32,124,226.1046,True,1823,2025-09-09T13:41:49.838594+00:00,192,2,
Classic-McEliece-460896f,KEM,0.1,102,239.4397,0.3065,0.193,156,32,124,239.9392,True,1824,2025-09-09T13:41:50.179491+00:00,192,2,
Classic-McEliece-460896f,KEM,0.1,102,215.2603,0.4204,0.1686,156,32,124,215.8492,True,1825,2025-09-09T13:41:50.496110+00:00,192,2,
Classic-McEliece-460896f,KEM,0.1,102,242.9591,0.2975,0.1884,156,32,124,243.445,True,1826,2025-09-09T13:41:50.840329+00:00,192,2,
Classic-McEliece-460896f,KEM,0.1,102,204.8205,0.2654,0.1605,156,32,124,205.2464,True,1827,2025-09-09T13:41:51.146478+00:00,192,2,
Classic-McEliece-460896f,KEM,0.1,102,267.1173,0.3051,0.19,156,32,124,267.6124,True,1828,2025-09-09T13:41:51.515068+00:00,192,2,
Classic-McEliece-460896f,KEM,0.1,102,220.2612,0.3122,0.1917,156,32,124,220.7651,True,1829,2025-09-09T13:41:51.837422+00:00,192,2,
Classic-McEliece-460896f,KEM,0.1,102,197.5836,0.3176,0.1451,156,32,124,198.0464,True,1830,2025-09-09T13:41:52.136422+00:00,192,2,
Classic-McEliece-460896f,KEM,0.1,102,220.7985,0.3414,0.1853,156,32,124,221.3252,True,1831,2025-09-09T13:41:52.458655+00:00,192,2,
Classic-McEliece-460896f,KEM,0.1,102,216.7557,0.3171,0.3734,156,32,124,217.4462,True,1832,2025-09-09T13:41:52.777285+00:00,192,2,
Classic-McEliece-460896f,KEM,0.1,102,286.6189,0.3454,0.2048,156,32,124,287.1691,True,1833,2025-09-09T13:41:53.165396+00:00,192,2,
Classic-McEliece-460896f,KEM,0.1,102,236.8027,0.4547,0.1892,156,32,124,237.4466,True,1834,2025-09-09T13:41:53.503943+00:00,192,2,
Classic-McEliece-460896f,KEM,0.1,102,331.7294,2.1159,0.6062,156,32,124,334.4516,True,1835,2025-09-09T13:41:53.939508+00:00,192,2,
Classic-McEliece-460896f,KEM,0.1,102,302.2174,0.3118,0.2174,156,32,124,302.7466,True,1836,2025-09-09T13:41:54.345223+00:00,192,2,
Classic-McEliece-460896f,KEM,0.1,102,223.8372,0.4143,0.1968,156,32,124,224.4483,True,1837,2025-09-09T13:41:54.680053+00:00,192,2,
Classic-McEliece-460896f,KEM,0.1,102,252.0077,0.2975,0.1831,156,32,124,252.4883,True,1838,2025-09-09T13:41:55.033306+00:00,192,2,
Classic-McEliece-460896f,KEM,0.1,102,252.5338,0.3361,0.2157,156,32,124,253.0856,True,1839,2025-09-09T13:41:55.387143+00:00,192,2,
Classic-McEliece-460896f,KEM,0.1,102,256.9769,0.3994,0.2191,156,32,124,257.5954,True,1840,2025-09-09T13:41:55.745618+00:00,192,2,
Classic-McEliece-460896f,KEM,0.1,102,211.6121,0.329,0.1885,156,32,124,212.1295,True,1841,2025-09-09T13:41:56.059467+00:00,192,2,
Classic-McEliece-460896f,KEM,0.1,102,246.7932,0.3996,0.1944,156,32,124,247.3873,True,1842,2025-09-09T13:41:56.408562+00:00,192,2,
Classic-McEliece-460896f,KEM,0.1,102,314.6093,0.331,0.2048,156,32,124,315.1452,True,1843,2025-09-09T13:41:56.824593+00:00,192,2,
Classic-McEliece-460896f,KEM,0.1,102,288.3773,0.6104,0.1896,156,32,124,289.1773,True,1844,2025-09-09T13:41:57.220173+00:00,192,2,
Classic-McEliece-460896f,KEM,0.1,102,258.6952,0.3942,0.2321,156,32,124,259.3214,True,1845,2025-09-09T13:41:57.580460+00:00,192,2,
Classic-McEliece-460896f,KEM,0.1,102,247.1015,0.2671,0.2609,156,32,124,247.6295,True,1846,2025-09-09T13:41:57.928848+00:00,192,2,
Classic-McEliece-460896f,KEM,0.1,102,216.0411,0.3042,0.1906,156,32,124,216.5359,True,1847,2025-09-09T13:41:58.246108+00:00,192,2,
Classic-McEliece-460896f,KEM,0.1,102,259.8411,0.7263,0.1889,156,32,124,260.7563,True,1848,2025-09-09T13:41:58.607816+00:00,192,2,
Classic-McEliece-460896f,KEM,0.1,102,236.6073,0.2955,0.2115,156,32,124,237.1143,True,1849,2025-09-09T13:41:58.945750+00:00,192,2,
Classic-McEliece-460896f,KEM,0.1,102,264.0488,0.3463,0.1869,156,32,124,264.582,True,1850,2025-09-09T13:41:59.311234+00:00,192,2,
Classic-McEliece-460896f,KEM,0.5,512,248.0204,0.3496,0.1981,156,32,124,248.5681,True,1851,2025-09-09T13:41:59.660892+00:00,192,2,
Classic-McEliece-460896f,KEM,0.5,512,209.4035,0.3746,0.1797,156,32,124,209.9578,True,1852,2025-09-09T13:41:59.971771+00:00,192,2,
Classic-McEliece-460896f,KEM,0.5,512,254.7217,0.3952,0.237,156,32,124,255.3539,True,1853,2025-09-09T13:42:00.328015+00:00,192,2,
Classic-McEliece-460896f,KEM,0.5,512,242.2089,0.3102,0.1993,156,32,124,242.7184,True,1854,2025-09-09T13:42:00.672153+00:00,192,2,
Classic-McEliece-460896f,KEM,0.5,512,283.2623,0.4023,0.2234,156,32,124,283.888,True,1855,2025-09-09T13:42:01.056970+00:00,192,2,
Classic-McEliece-460896f,KEM,0.5,512,329.2273,0.8176,0.5332,156,32,124,330.5782,True,1856,2025-09-09T13:42:01.488371+00:00,192,2,
Classic-McEliece-460896f,KEM,0.5,512,346.2119,0.3939,0.259,156,32,124,346.8648,True,1857,2025-09-09T13:42:01.936458+00:00,192,2,
Classic-McEliece-460896f,KEM,0.5,512,370.0625,0.5726,0.5064,156,32,124,371.1415,True,1858,2025-09-09T13:42:02.408503+00:00,192,2,
Classic-McEliece-460896f,KEM,0.5,512,342.9287,0.3466,0.1488,156,32,124,343.424,True,1859,2025-09-09T13:42:02.853265+00:00,192,2,
Classic-McEliece-460896f,KEM,0.5,512,273.4042,0.418,0.2143,156,32,124,274.0365,True,1860,2025-09-09T13:42:03.228221+00:00,192,2,
Classic-McEliece-460896f,KEM,0.5,512,308.6829,0.2981,0.1992,156,32,124,309.1802,True,1861,2025-09-09T13:42:03.638333+00:00,192,2,
Classic-McEliece-460896f,KEM,0.5,512,306.7571,0.3004,0.2083,156,32,124,307.2658,True,1862,2025-09-09T13:42:04.050040+00:00,192,2,
Classic-McEliece-460896f,KEM,0.5,512,187.5532,0.257,0.1762,156,32,124,187.9864,True,1863,2025-09-09T13:42:04.339473+00:00,192,2,
Classic-McEliece-460896f,KEM,0.5,512,236.4104,0.3618,0.1875,156,32,124,236.9596,True,1864,2025-09-09T13:42:04.677552+00:00,192,2,
Classic-McEliece-460896f,KEM,0.5,512,316.1707,0.2253,0.1302,156,32,124,316.5262,True,1865,2025-09-09T13:42:05.101517+00:00,192,2,
Classic-McEliece-460896f,KEM,0.5,512,214.8723,0.2253,0.178,156,32,124,215.2755,True,1866,2025-09-09T13:42:05.418818+00:00,192,2,
Classic-McEliece-460896f,KEM,0.5,512,238.1036,0.205,0.142,156,32,124,238.4506,True,1867,2025-09-09T13:42:05.758307+00:00,192,2,
Classic-McEliece-460896f,KEM,0.5,512,239.3132,0.3621,0.2013,156,32,124,239.8766,True,1868,2025-09-09T13:42:06.099182+00:00,192,2,
Classic-McEliece-460896f,KEM,0.5,512,222.0241,0.2311,0.1924,156,32,124,222.4477,True,1869,2025-09-09T13:42:06.422738+00:00,192,2,
Classic-McEliece-460896f,KEM,0.5,512,203.1163,0.3655,0.2156,156,32,124,203.6974,True,1870,2025-09-09T13:42:06.727354+00:00,192,2,
Classic-McEliece-460896f,KEM,0.5,512,269.7803,0.2827,0.2135,156,32,124,270.2765,True,1871,2025-09-09T13:42:07.098510+00:00,192,2,
Classic-McEliece-460896f,KEM,0.5,512,223.5687,0.4271,0.2413,156,32,124,224.2371,True,1872,2025-09-09T13:42:07.423769+00:00,192,2,
Classic-McEliece-460896f,KEM,0.5,512,199.2696,0.5525,0.2183,156,32,124,200.0403,True,1873,2025-09-09T13:42:07.724615+00:00,192,2,
Classic-McEliece-460896f,KEM,0.5,512,215.8127,0.2679,0.1813,156,32,124,216.2619,True,1874,2025-09-09T13:42:08.041882+00:00,192,2,
Classic-McEliece-460896f,KEM,0.5,512,213.3779,0.3334,0.1819,156,32,124,213.8932,True,1875,2025-09-09T13:42:08.356573+00:00,192,2,
Classic-McEliece-460896f,KEM,0.5,512,284.64,0.2839,0.1838,156,32,124,285.1076,True,1876,2025-09-09T13:42:08.748470+00:00,192,2,
Classic-McEliece-460896f,KEM,0.5,512,243.6153,0.3203,0.1753,156,32,124,244.111,True,1877,2025-09-09T13:42:09.093349+00:00,192,2,
Classic-McEliece-460896f,KEM,0.5,512,269.7425,0.3108,0.2136,156,32,124,270.2669,True,1878,2025-09-09T13:42:09.464498+00:00,192,2,
Classic-McEliece-460896f,KEM,0.5,512,520.65,2.3676,0.1934,156,32,124,523.2111,True,1879,2025-09-09T13:42:10.088484+00:00,192,2,
Classic-McEliece-460896f,KEM,0.5,512,228.3915,0.2556,0.1926,156,32,124,228.8398,True,1880,2025-09-09T13:42:10.418372+00:00,192,2,
Classic-McEliece-460896f,KEM,0.5,512,233.4801,0.3645,0.1845,156,32,124,234.029,True,1881,2025-09-09T13:42:10.753284+00:00,192,2,
Classic-McEliece-460896f,KEM,0.5,512,420.0873,0.3333,0.2251,156,32,124,420.6456,True,1882,2025-09-09T13:42:11.274877+00:00,192,2,
Classic-McEliece-460896f,KEM,0.5,512,325.5116,0.2492,0.1426,156,32,124,325.9034,True,1883,2025-09-09T13:42:11.701652+00:00,192,2,
Classic-McEliece-460896f,KEM,0.5,512,371.1696,0.301,0.1839,156,32,124,371.6545,True,1884,2025-09-09T13:42:12.174363+00:00,192,2,
Classic-McEliece-460896f,KEM,0.5,512,295.49,0.4512,0.2018,156,32,124,296.143,True,1885,2025-09-09T13:42:12.571961+00:00,192,2,
Classic-McEliece-460896f,KEM,0.5,512,255.8009,0.3462,0.1872,156,32,124,256.3342,True,1886,2025-09-09T13:42:12.929132+00:00,192,2,
Classic-McEliece-460896f,KEM,0.5,512,199.5998,0.2158,0.1442,156,32,124,199.9598,True,1887,2025-09-09T13:42:13.229959+00:00,192,2,
Classic-McEliece-460896f,KEM,0.5,512,302.0913,0.296,0.1827,156,32,124,302.57,True,1888,2025-09-09T13:42:13.633277+00:00,192,2,
Classic-McEliece-460896f,KEM,0.5,512,239.473,0.3655,0.1926,156,32,124,240.0311,True,1889,2025-09-09T13:42:13.974102+00:00,192,2,
Classic-McEliece-460896f,KEM,0.5,512,251.1775,0.3113,0.1724,156,32,124,251.6613,True,1890,2025-09-09T13:42:14.326641+00:00,192,2,
Classic-McEliece-460896f,KEM,0.5,512,344.8857,0.3816,0.192,156,32,124,345.4592,True,1891,2025-09-09T13:42:14.773009+00:00,192,2,
Classic-McEliece-460896f,KEM,0.5,512,283.0218,0.3523,0.1968,156,32,124,283.571,True,1892,2025-09-09T13:42:15.157751+00:00,192,2,
Classic-McEliece-460896f,KEM,0.5,512,276.0306,0.3251,0.2074,156,32,124,276.5631,True,1893,2025-09-09T13:42:15.535526+00:00,192,2,
Classic-McEliece-460896f,KEM,0.5,512,212.6531,0.4117,0.1848,156,32,124,213.2496,True,1894,2025-09-09T13:42:15.850018+00:00,192,2,
Classic-McEliece-460896f,KEM,0.5,512,247.4073,0.25,0.2091,156,32,124,247.8663,True,1895,2025-09-09T13:42:16.198928+00:00,192,2,
Classic-McEliece-460896f,KEM,0.5,512,303.855,0.2881,0.1627,156,32,124,304.3057,True,1896,2025-09-09T13:42:16.604250+00:00,192,2,
Classic-McEliece-460896f,KEM,0.5,512,232.7815,0.366,0.1856,156,32,124,233.3331,True,1897,2025-09-09T13:42:16.938815+00:00,192,2,
Classic-McEliece-460896f,KEM,0.5,512,227.1506,0.2992,0.1661,156,32,124,227.6159,True,1898,2025-09-09T13:42:17.270653+00:00,192,2,
Classic-McEliece-460896f,KEM,0.5,512,215.3378,0.3217,0.2584,156,32,124,215.9179,True,1899,2025-09-09T13:42:17.587638+00:00,192,2,
Classic-McEliece-460896f,KEM,0.5,512,253.3614,0.2771,0.1957,156,32,124,253.8342,True,1900,2025-09-09T13:42:17.942594+00:00,192,2,
Classic-McEliece-460896f,KEM,1.0,1024,226.4575,0.4135,0.223,156,32,124,227.0939,True,1901,2025-09-09T13:42:18.271035+00:00,192,2,
Classic-McEliece-460896f,KEM,1.0,1024,283.6717,0.3169,0.1929,156,32,124,284.1815,True,1902,2025-09-09T13:42:18.656415+00:00,192,2,
Classic-McEliece-460896f,KEM,1.0,1024,223.5608,0.3326,0.2135,156,32,124,224.1069,True,1903,2025-09-09T13:42:18.981833+00:00,192,2,
Classic-McEliece-460896f,KEM,1.0,1024,201.7078,0.242,0.1535,156,32,124,202.1033,True,1904,2025-09-09T13:42:19.285240+00:00,192,2,
Classic-McEliece-460896f,KEM,1.0,1024,206.637,0.304,0.1496,156,32,124,207.0906,True,1905,2025-09-09T13:42:19.593347+00:00,192,2,
Classic-McEliece-460896f,KEM,1.0,1024,205.9253,0.3004,0.1755,156,32,124,206.4012,True,1906,2025-09-09T13:42:19.900848+00:00,192,2,
Classic-McEliece-460896f,KEM,1.0,1024,210.7269,0.3588,0.2155,156,32,124,211.3012,True,1907,2025-09-09T13:42:20.213193+00:00,192,2,
Classic-McEliece-460896f,KEM,1.0,1024,214.5102,0.3096,0.2098,156,32,124,215.0296,True,1908,2025-09-09T13:42:20.529232+00:00,192,2,
Classic-McEliece-460896f,KEM,1.0,1024,240.8257,0.3096,0.1718,156,32,124,241.3071,True,1909,2025-09-09T13:42:20.871524+00:00,192,2,
Classic-McEliece-460896f,KEM,1.0,1024,254.9376,0.4977,0.1616,156,32,124,255.5969,True,1910,2025-09-09T13:42:21.228450+00:00,192,2,
Classic-McEliece-460896f,KEM,1.0,1024,204.5779,0.4185,0.1768,156,32,124,205.1733,True,1911,2025-09-09T13:42:21.534932+00:00,192,2,
Classic-McEliece-460896f,KEM,1.0,1024,334.5929,0.2488,0.2043,156,32,124,335.046,True,1912,2025-09-09T13:42:21.971079+00:00,192,2,
Classic-McEliece-460896f,KEM,1.0,1024,260.8637,0.2606,0.1972,156,32,124,261.3216,True,1913,2025-09-09T13:42:22.333353+00:00,192,2,
Classic-McEliece-460896f,KEM,1.0,1024,187.0679,0.285,0.1722,156,32,124,187.5251,True,1914,2025-09-09T13:42:22.621774+00:00,192,2,
Classic-McEliece-460896f,KEM,1.0,1024,194.8949,0.2454,0.1564,156,32,124,195.2966,True,1915,2025-09-09T13:42:22.918356+00:00,192,2,
Classic-McEliece-460896f,KEM,1.0,1024,271.1019,0.4878,0.2282,156,32,124,271.8179,True,1916,2025-09-09T13:42:23.291112+00:00,192,2,
Classic-McEliece-460896f,KEM,1.0,1024,233.5488,0.352,0.1876,156,32,124,234.0884,True,1917,2025-09-09T13:42:23.626355+00:00,192,2,
Classic-McEliece-460896f,KEM,1.0,1024,195.8252,0.279,0.1899,156,32,124,196.2941,True,1918,2025-09-09T13:42:23.923754+00:00,192,2,
Classic-McEliece-460896f,KEM,1.0,1024,219.2087,0.2152,0.1422,156,32,124,219.5661,True,1919,2025-09-09T13:42:24.244289+00:00,192,2,
Classic-McEliece-460896f,KEM,1.0,1024,206.3463,0.2792,0.1782,156,32,124,206.8037,True,1920,2025-09-09T13:42:24.551965+00:00,192,2,
Classic-McEliece-460896f,KEM,1.0,1024,184.8324,0.2967,0.2126,156,32,124,185.3417,True,1921,2025-09-09T13:42:24.839162+00:00,192,2,
Classic-McEliece-460896f,KEM,1.0,1024,216.5801,0.3699,0.202,156,32,124,217.152,True,1922,2025-09-09T13:42:25.157353+00:00,192,2,
Classic-McEliece-460896f,KEM,1.0,1024,231.8483,0.258,0.1755,156,32,124,232.2818,True,1923,2025-09-09T13:42:25.490956+00:00,192,2,
Classic-McEliece-460896f,KEM,1.0,1024,253.5734,0.4374,0.2114,156,32,124,254.2222,True,1924,2025-09-09T13:42:25.846114+00:00,192,2,
Classic-McEliece-460896f,KEM,1.0,1024,186.3245,0.2609,0.2089,156,32,124,186.7943,True,1925,2025-09-09T13:42:26.134000+00:00,192,2,
Classic-McEliece-460896f,KEM,1.0,1024,241.1483,0.3518,0.1939,156,32,124,241.694,True,1926,2025-09-09T13:42:26.476622+00:00,192,2,
Classic-McEliece-460896f,KEM,1.0,1024,276.2764,0.2876,0.1556,156,32,124,276.7196,True,1927,2025-09-09T13:42:26.854331+00:00,192,2,
Classic-McEliece-460896f,KEM,1.0,1024,225.9985,0.3002,0.2278,156,32,124,226.5265,True,1928,2025-09-09T13:42:27.181836+00:00,192,2,
Classic-McEliece-460896f,KEM,1.0,1024,216.3339,0.3635,0.1489,156,32,124,216.8462,True,1929,2025-09-09T13:42:27.500322+00:00,192,2,
Classic-McEliece-460896f,KEM,1.0,1024,383.6076,0.3371,0.2267,156,32,124,384.1714,True,1930,2025-09-09T13:42:27.985609+00:00,192,2,
Classic-McEliece-460896f,KEM,1.0,1024,261.49,0.3173,0.186,156,32,124,261.9933,True,1931,2025-09-09T13:42:28.349685+00:00,192,2,
Classic-McEliece-460896f,KEM,1.0,1024,402.4173,0.3403,0.1854,156,32,124,402.943,True,1932,2025-09-09T13:42:28.853543+00:00,192,2,
Classic-McEliece-460896f,KEM,1.0,1024,240.3532,0.2627,0.1914,156,32,124,240.8074,True,1933,2025-09-09T13:42:29.195367+00:00,192,2,
Classic-McEliece-460896f,KEM,1.0,1024,247.3953,0.2879,0.2145,156,32,124,247.8977,True,1934,2025-09-09T13:42:29.544442+00:00,192,2,
Classic-McEliece-460896f,KEM,1.0,1024,253.6299,0.2697,0.18,156,32,124,254.0796,True,1935,2025-09-09T13:42:29.899723+00:00,192,2,
Classic-McEliece-460896f,KEM,1.0,1024,214.4431,0.2639,0.1739,156,32,124,214.881,True,1936,2025-09-09T13:42:30.219393+00:00,192,2,
Classic-McEliece-460896f,KEM,1.0,1024,198.7954,0.377,0.1993,156,32,124,199.3717,True,1937,2025-09-09T13:42:30.519764+00:00,192,2,
Classic-McEliece-460896f,KEM,1.0,1024,218.1655,0.2274,0.1738,156,32,124,218.5668,True,1938,2025-09-09T13:42:30.839271+00:00,192,2,
Classic-McEliece-460896f,KEM,1.0,1024,240.0566,0.2829,0.1459,156,32,124,240.4854,True,1939,2025-09-09T13:42:31.181046+00:00,192,2,
Classic-McEliece-460896f,KEM,1.0,1024,277.0974,0.2513,0.1699,156,32,124,277.5186,True,1940,2025-09-09T13:42:31.559517+00:00,192,2,
Classic-McEliece-460896f,KEM,1.0,1024,264.3432,0.2283,0.1447,156,32,124,264.7162,True,1941,2025-09-09T13:42:31.925372+00:00,192,2,
Classic-McEliece-460896f,KEM,1.0,1024,210.7626,0.2089,0.1418,156,32,124,211.1133,True,1942,2025-09-09T13:42:32.237420+00:00,192,2,
Classic-McEliece-460896f,KEM,1.0,1024,235.6569,0.3091,0.176,156,32,124,236.142,True,1943,2025-09-09T13:42:32.574831+00:00,192,2,
Classic-McEliece-460896f,KEM,1.0,1024,209.4044,0.3178,0.2117,156,32,124,209.9339,True,1944,2025-09-09T13:42:32.885842+00:00,192,2,
Classic-McEliece-460896f,KEM,1.0,1024,207.1207,0.3332,0.1982,156,32,124,207.6522,True,1945,2025-09-09T13:42:33.194650+00:00,192,2,
Classic-McEliece-460896f,KEM,1.0,1024,239.1042,0.3657,0.1692,156,32,124,239.639,True,1946,2025-09-09T13:42:33.535677+00:00,192,2,
Classic-McEliece-460896f,KEM,1.0,1024,277.7953,0.2234,0.1416,156,32,124,278.1604,True,1947,2025-09-09T13:42:33.915058+00:00,192,2,
Classic-McEliece-460896f,KEM,1.0,1024,224.5324,0.2563,0.1617,156,32,124,224.9503,True,1948,2025-09-09T13:42:34.241390+00:00,192,2,
Classic-McEliece-460896f,KEM,1.0,1024,210.3809,0.2384,0.1944,156,32,124,210.8137,True,1949,2025-09-09T13:42:34.553429+00:00,192,2,
Classic-McEliece-460896f,KEM,1.0,1024,300.1172,0.2355,0.2241,156,32,124,300.5769,True,1950,2025-09-09T13:42:34.955170+00:00,192,2,
Classic-McEliece-460896f,KEM,2.0,2048,208.2207,0.2678,0.1991,156,32,124,208.6875,True,1951,2025-09-09T13:42:35.265387+00:00,192,2,
Classic-McEliece-460896f,KEM,2.0,2048,250.7275,0.2619,0.2031,156,32,124,251.1925,True,1952,2025-09-09T13:42:35.617912+00:00,192,2,
Classic-McEliece-460896f,KEM,2.0,2048,236.1738,0.6055,0.1695,156,32,124,236.9489,True,1953,2025-09-09T13:42:35.956484+00:00,192,2,
Classic-McEliece-460896f,KEM,2.0,2048,235.3062,0.2189,0.1418,156,32,124,235.6669,True,1954,2025-09-09T13:42:36.295055+00:00,192,2,
Classic-McEliece-460896f,KEM,2.0,2048,204.8695,0.371,0.2141,156,32,124,205.4546,True,1955,2025-09-09T13:42:36.601716+00:00,192,2,
Classic-McEliece-460896f,KEM,2.0,2048,230.8457,0.2534,0.144,156,32,124,231.243,True,1956,2025-09-09T13:42:36.934306+00:00,192,2,
Classic-McEliece-460896f,KEM,2.0,2048,238.6103,0.3895,0.2193,156,32,124,239.2191,True,1957,2025-09-09T13:42:37.275187+00:00,192,2,
Classic-McEliece-460896f,KEM,2.0,2048,210.7909,0.2339,0.1441,156,32,124,211.1689,True,1958,2025-09-09T13:42:37.588096+00:00,192,2,
Classic-McEliece-460896f,KEM,2.0,2048,263.5604,0.3578,0.1911,156,32,124,264.1092,True,1959,2025-09-09T13:42:37.953831+00:00,192,2,
Classic-McEliece-460896f,KEM,2.0,2048,201.7327,0.3021,0.1755,156,32,124,202.2102,True,1960,2025-09-09T13:42:38.257587+00:00,192,2,
Classic-McEliece-460896f,KEM,2.0,2048,216.4455,0.3251,0.2221,156,32,124,216.9928,True,1961,2025-09-09T13:42:38.576340+00:00,192,2,
Classic-McEliece-460896f,KEM,2.0,2048,194.155,0.3386,0.2361,156,32,124,194.7297,True,1962,2025-09-09T13:42:38.872521+00:00,192,2,
Classic-McEliece-460896f,KEM,2.0,2048,235.8291,0.2285,0.1432,156,32,124,236.2008,True,1963,2025-09-09T13:42:39.210085+00:00,192,2,
Classic-McEliece-460896f,KEM,2.0,2048,195.9103,0.2935,0.2191,156,32,124,196.4229,True,1964,2025-09-09T13:42:39.507796+00:00,192,2,
Classic-McEliece-460896f,KEM,2.0,2048,283.6224,0.2771,0.1842,156,32,124,284.0838,True,1965,2025-09-09T13:42:39.893351+00:00,192,2,
Classic-McEliece-460896f,KEM,2.0,2048,224.862,0.385,0.1827,156,32,124,225.4298,True,1966,2025-09-09T13:42:40.220494+00:00,192,2,
Classic-McEliece-460896f,KEM,2.0,2048,240.0147,0.2803,0.2191,156,32,124,240.5141,True,1967,2025-09-09T13:42:40.562466+00:00,192,2,
Classic-McEliece-460896f,KEM,2.0,2048,241.3963,0.3098,0.2041,156,32,124,241.9102,True,1968,2025-09-09T13:42:40.906067+00:00,192,2,
Classic-McEliece-460896f,KEM,2.0,2048,227.8594,0.2358,0.2825,156,32,124,228.3776,True,1969,2025-09-09T13:42:41.235751+00:00,192,2,
Classic-McEliece-460896f,KEM,2.0,2048,197.4305,0.2324,0.1269,156,32,124,197.7899,True,1970,2025-09-09T13:42:41.534946+00:00,192,2,
Classic-McEliece-460896f,KEM,2.0,2048,253.0636,0.2941,0.1461,156,32,124,253.5038,True,1971,2025-09-09T13:42:41.889606+00:00,192,2,
Classic-McEliece-460896f,KEM,2.0,2048,204.4522,0.4251,0.1821,156,32,124,205.0595,True,1972,2025-09-09T13:42:42.195994+00:00,192,2,
Classic-McEliece-460896f,KEM,2.0,2048,187.0904,0.2438,0.1406,156,32,124,187.4747,True,1973,2025-09-09T13:42:42.484682+00:00,192,2,
Classic-McEliece-460896f,KEM,2.0,2048,198.8157,0.3072,0.1433,156,32,124,199.2661,True,1974,2025-09-09T13:42:42.785280+00:00,192,2,
Classic-McEliece-460896f,KEM,2.0,2048,208.7835,0.3302,0.2132,156,32,124,209.3269,True,1975,2025-09-09T13:42:43.095722+00:00,192,2,
Classic-McEliece-460896f,KEM,2.0,2048,188.9806,0.3588,0.1985,156,32,124,189.5379,True,1976,2025-09-09T13:42:43.386657+00:00,192,2,
Classic-McEliece-460896f,KEM,2.0,2048,206.0071,0.2378,0.1618,156,32,124,206.4067,True,1977,2025-09-09T13:42:43.706442+00:00,192,2,
Classic-McEliece-460896f,KEM,2.0,2048,265.6716,0.2847,0.7296,156,32,124,266.686,True,1978,2025-09-09T13:42:44.074517+00:00,192,2,
Classic-McEliece-460896f,KEM,2.0,2048,183.3344,0.3161,0.2318,156,32,124,183.8823,True,1979,2025-09-09T13:42:44.359690+00:00,192,2,
Classic-McEliece-460896f,KEM,2.0,2048,212.4171,0.2215,0.1742,156,32,124,212.8127,True,1980,2025-09-09T13:42:44.679426+00:00,192,2,
Classic-McEliece-460896f,KEM,2.0,2048,265.1656,0.3052,0.1503,156,32,124,265.6211,True,1981,2025-09-09T13:42:45.046418+00:00,192,2,
Classic-McEliece-460896f,KEM,2.0,2048,228.1038,0.2816,0.1726,156,32,124,228.5579,True,1982,2025-09-09T13:42:45.376382+00:00,192,2,
Classic-McEliece-460896f,KEM,2.0,2048,190.1194,0.2462,0.1956,156,32,124,190.5612,True,1983,2025-09-09T13:42:45.668937+00:00,192,2,
Classic-McEliece-460896f,KEM,2.0,2048,253.4338,0.3693,0.1835,156,32,124,253.9866,True,1984,2025-09-09T13:42:46.024212+00:00,192,2,
Classic-McEliece-460896f,KEM,2.0,2048,203.7284,0.3922,0.2054,156,32,124,204.3259,True,1985,2025-09-09T13:42:46.330140+00:00,192,2,
Classic-McEliece-460896f,KEM,2.0,2048,178.512,0.1849,0.1668,156,32,124,178.8637,True,1986,2025-09-09T13:42:46.610447+00:00,192,2,
Classic-McEliece-460896f,KEM,2.0,2048,190.2095,0.5206,0.1829,156,32,124,190.913,True,1987,2025-09-09T13:42:46.902928+00:00,192,2,
Classic-McEliece-460896f,KEM,2.0,2048,192.5437,0.296,0.2067,156,32,124,193.0464,True,1988,2025-09-09T13:42:47.197481+00:00,192,2,
Classic-McEliece-460896f,KEM,2.0,2048,204.0879,0.1999,0.1715,156,32,124,204.4593,True,1989,2025-09-09T13:42:47.503332+00:00,192,2,
Classic-McEliece-460896f,KEM,2.0,2048,183.0062,0.288,0.2585,156,32,124,183.5527,True,1990,2025-09-09T13:42:47.788392+00:00,192,2,
Classic-McEliece-460896f,KEM,2.0,2048,216.4921,0.1973,0.1447,156,32,124,216.8341,True,1991,2025-09-09T13:42:48.106730+00:00,192,2,
Classic-McEliece-460896f,KEM,2.0,2048,238.6586,0.3237,0.2639,156,32,124,239.2462,True,1992,2025-09-09T13:42:48.447587+00:00,192,2,
Classic-McEliece-460896f,KEM,2.0,2048,265.3002,0.319,0.1877,156,32,124,265.807,True,1993,2025-09-09T13:42:48.814632+00:00,192,2,
Classic-McEliece-460896f,KEM,2.0,2048,194.3189,0.2922,0.166,156,32,124,194.777,True,1994,2025-09-09T13:42:49.110633+00:00,192,2,
Classic-McEliece-460896f,KEM,2.0,2048,180.8797,0.2565,0.1791,156,32,124,181.3153,True,1995,2025-09-09T13:42:49.393397+00:00,192,2,
Classic-McEliece-460896f,KEM,2.0,2048,197.2845,0.2318,0.1527,156,32,124,197.6691,True,1996,2025-09-09T13:42:49.692347+00:00,192,2,
Classic-McEliece-460896f,KEM,2.0,2048,173.9413,0.3225,0.1566,156,32,124,174.4204,True,1997,2025-09-09T13:42:49.967917+00:00,192,2,
Classic-McEliece-460896f,KEM,2.0,2048,184.4845,0.2102,0.144,156,32,124,184.8386,True,1998,2025-09-09T13:42:50.254018+00:00,192,2,
Classic-McEliece-460896f,KEM,2.0,2048,185.6126,0.2187,0.1269,156,32,124,185.9582,True,1999,2025-09-09T13:42:50.541280+00:00,192,2,
Classic-McEliece-460896f,KEM,2.0,2048,188.951,0.2982,0.1644,156,32,124,189.4136,True,2000,2025-09-09T13:42:50.831994+00:00,192,2,
Classic-McEliece-460896f,KEM,5.0,5120,196.7706,0.2506,0.1531,156,32,124,197.1743,True,2001,2025-09-09T13:42:51.131307+00:00,192,2,
Classic-McEliece-460896f,KEM,5.0,5120,198.4884,0.2868,0.1713,156,32,124,198.9465,True,2002,2025-09-09T13:42:51.432950+00:00,192,2,
Classic-McEliece-460896f,KEM,5.0,5120,214.0236,0.2154,0.1575,156,32,124,214.3966,True,2003,2025-09-09T13:42:51.749560+00:00,192,2,
Classic-McEliece-460896f,KEM,5.0,5120,318.2919,0.275,0.1767,156,32,124,318.7436,True,2004,2025-09-09T13:42:52.171276+00:00,192,2,
Classic-McEliece-460896f,KEM,5.0,5120,248.1997,0.3008,0.1603,156,32,124,248.6608,True,2005,2025-09-09T13:42:52.522511+00:00,192,2,
Classic-McEliece-460896f,KEM,5.0,5120,184.0826,0.2613,0.1454,156,32,124,184.4893,True,2006,2025-09-09T13:42:52.809245+00:00,192,2,
Classic-McEliece-460896f,KEM,5.0,5120,205.7759,0.3455,0.1463,156,32,124,206.2676,True,2007,2025-09-09T13:42:53.117794+00:00,192,2,
Classic-McEliece-460896f,KEM,5.0,5120,265.1778,0.3688,0.1985,156,32,124,265.7452,True,2008,2025-09-09T13:42:53.485542+00:00,192,2,
Classic-McEliece-460896f,KEM,5.0,5120,187.2547,0.4784,0.1811,156,32,124,187.9141,True,2009,2025-09-09T13:42:53.775975+00:00,192,2,
Classic-McEliece-460896f,KEM,5.0,5120,189.1339,0.2725,0.1581,156,32,124,189.5645,True,2010,2025-09-09T13:42:54.068115+00:00,192,2,
Classic-McEliece-460896f,KEM,5.0,5120,202.601,0.3093,0.1789,156,32,124,203.0892,True,2011,2025-09-09T13:42:54.379382+00:00,192,2,
Classic-McEliece-460896f,KEM,5.0,5120,185.9565,0.3565,0.204,156,32,124,186.517,True,2012,2025-09-09T13:42:54.668382+00:00,192,2,
Classic-McEliece-460896f,KEM,5.0,5120,264.7761,0.3842,0.2149,156,32,124,265.3752,True,2013,2025-09-09T13:42:55.038170+00:00,192,2,
Classic-McEliece-460896f,KEM,5.0,5120,202.7866,0.2676,0.1592,156,32,124,203.2134,True,2014,2025-09-09T13:42:55.344029+00:00,192,2,
Classic-McEliece-460896f,KEM,5.0,5120,207.3345,0.8474,0.2433,156,32,124,208.4253,True,2015,2025-09-09T13:42:55.655120+00:00,192,2,
Classic-McEliece-460896f,KEM,5.0,5120,202.0895,0.2767,0.1934,156,32,124,202.5596,True,2016,2025-09-09T13:42:55.960260+00:00,192,2,
Classic-McEliece-460896f,KEM,5.0,5120,187.1706,0.2094,0.1416,156,32,124,187.5216,True,2017,2025-09-09T13:42:56.249528+00:00,192,2,
Classic-McEliece-460896f,KEM,5.0,5120,182.4227,0.2755,0.1666,156,32,124,182.8649,True,2018,2025-09-09T13:42:56.534889+00:00,192,2,
Classic-McEliece-460896f,KEM,5.0,5120,204.5444,0.272,0.1405,156,32,124,204.9569,True,2019,2025-09-09T13:42:56.842147+00:00,192,2,
Classic-McEliece-460896f,KEM,5.0,5120,189.9978,0.2513,0.2045,156,32,124,190.4536,True,2020,2025-09-09T13:42:57.134940+00:00,192,2,
Classic-McEliece-460896f,KEM,5.0,5120,257.5116,0.2636,0.2183,156,32,124,257.9935,True,2021,2025-09-09T13:42:57.494987+00:00,192,2,
Classic-McEliece-460896f,KEM,5.0,5120,209.4448,0.3301,0.2371,156,32,124,210.012,True,2022,2025-09-09T13:42:57.807258+00:00,192,2,
Classic-McEliece-460896f,KEM,5.0,5120,230.9234,0.2775,0.1962,156,32,124,231.3971,True,2023,2025-09-09T13:42:58.141160+00:00,192,2,
Classic-McEliece-460896f,KEM,5.0,5120,358.1485,0.328,0.1809,156,32,124,358.6574,True,2024,2025-09-09T13:42:58.601820+00:00,192,2,
Classic-McEliece-460896f,KEM,5.0,5120,250.9859,0.2516,0.1495,156,32,124,251.387,True,2025,2025-09-09T13:42:58.962006+00:00,192,2,
Classic-McEliece-460896f,KEM,5.0,5120,219.3418,0.3302,0.1939,156,32,124,219.8658,True,2026,2025-09-09T13:42:59.285016+00:00,192,2,
Classic-McEliece-460896f,KEM,5.0,5120,183.8187,0.3027,0.1506,156,32,124,184.272,True,2027,2025-09-09T13:42:59.570965+00:00,192,2,
Classic-McEliece-460896f,KEM,5.0,5120,207.3998,0.3049,0.1874,156,32,124,207.8922,True,2028,2025-09-09T13:42:59.880806+00:00,192,2,
Classic-McEliece-460896f,KEM,5.0,5120,224.4007,0.408,0.2029,156,32,124,225.0116,True,2029,2025-09-09T13:43:00.208025+00:00,192,2,
Classic-McEliece-460896f,KEM,5.0,5120,208.1791,0.2897,0.1425,156,32,124,208.6113,True,2030,2025-09-09T13:43:00.518380+00:00,192,2,
Classic-McEliece-460896f,KEM,5.0,5120,224.0019,0.3031,0.1757,156,32,124,224.4807,True,2031,2025-09-09T13:43:00.844714+00:00,192,2,
Classic-McEliece-460896f,KEM,5.0,5120,239.5609,0.3288,0.2461,156,32,124,240.1357,True,2032,2025-09-09T13:43:01.187712+00:00,192,2,
Classic-McEliece-460896f,KEM,5.0,5120,196.3947,0.2065,0.1634,156,32,124,196.7647,True,2033,2025-09-09T13:43:01.486603+00:00,192,2,
Classic-McEliece-460896f,KEM,5.0,5120,249.6428,0.3564,0.1871,156,32,124,250.1863,True,2034,2025-09-09T13:43:01.839000+00:00,192,2,
Classic-McEliece-460896f,KEM,5.0,5120,287.9898,0.287,0.2003,156,32,124,288.4771,True,2035,2025-09-09T13:43:02.229696+00:00,192,2,
Classic-McEliece-460896f,KEM,5.0,5120,278.8805,0.3647,0.1962,156,32,124,279.4414,True,2036,2025-09-09T13:43:02.611347+00:00,192,2,
Classic-McEliece-460896f,KEM,5.0,5120,272.5776,0.3953,0.1856,156,32,124,273.1585,True,2037,2025-09-09T13:43:02.987007+00:00,192,2,
Classic-McEliece-460896f,KEM,5.0,5120,281.72,0.4449,0.2049,156,32,124,282.3698,True,2038,2025-09-09T13:43:03.372108+00:00,192,2,
Classic-McEliece-460896f,KEM,5.0,5120,330.066,0.2569,0.1714,156,32,124,330.4943,True,2039,2025-09-09T13:43:03.806008+00:00,192,2,
Classic-McEliece-460896f,KEM,5.0,5120,442.4735,0.3334,0.2135,156,32,124,443.0204,True,2040,2025-09-09T13:43:04.354824+00:00,192,2,
Classic-McEliece-460896f,KEM,5.0,5120,409.6863,0.3957,0.2776,156,32,124,410.3596,True,2041,2025-09-09T13:43:04.879820+00:00,192,2,
Classic-McEliece-460896f,KEM,5.0,5120,266.8001,0.3204,0.1771,156,32,124,267.2977,True,2042,2025-09-09T13:43:05.249594+00:00,192,2,
Classic-McEliece-460896f,KEM,5.0,5120,282.4444,0.3617,0.2051,156,32,124,283.0112,True,2043,2025-09-09T13:43:05.634684+00:00,192,2,
Classic-McEliece-460896f,KEM,5.0,5120,314.0519,0.3074,0.2341,156,32,124,314.5934,True,2044,2025-09-09T13:43:06.051628+00:00,192,2,
Classic-McEliece-460896f,KEM,5.0,5120,381.8233,0.3777,0.2184,156,32,124,382.4195,True,2045,2025-09-09T13:43:06.536019+00:00,192,2,
Classic-McEliece-460896f,KEM,5.0,5120,238.0447,0.2575,0.1636,156,32,124,238.4658,True,2046,2025-09-09T13:43:06.877692+00:00,192,2,
Classic-McEliece-460896f,KEM,5.0,5120,200.2465,0.3009,0.1536,156,32,124,200.701,True,2047,2025-09-09T13:43:07.180873+00:00,192,2,
Classic-McEliece-460896f,KEM,5.0,5120,225.0235,0.4021,0.1944,156,32,124,225.62,True,2048,2025-09-09T13:43:07.508529+00:00,192,2,
Classic-McEliece-460896f,KEM,5.0,5120,286.985,0.3968,0.2736,156,32,124,287.6554,True,2049,2025-09-09T13:43:07.903636+00:00,192,2,
Classic-McEliece-460896f,KEM,5.0,5120,257.473,0.2769,0.1897,156,32,124,257.9395,True,2050,2025-09-09T13:43:08.266895+00:00,192,2,
Classic-McEliece-460896f,KEM,10.0,10240,338.3997,0.4831,0.3934,156,32,124,339.2762,True,2051,2025-09-09T13:43:08.709604+00:00,192,2,
Classic-McEliece-460896f,KEM,10.0,10240,214.9677,0.3038,0.2424,156,32,124,215.514,True,2052,2025-09-09T13:43:09.028232+00:00,192,2,
Classic-McEliece-460896f,KEM,10.0,10240,222.4616,0.3003,0.1561,156,32,124,222.9179,True,2053,2025-09-09T13:43:09.355042+00:00,192,2,
Classic-McEliece-460896f,KEM,10.0,10240,226.0031,0.3031,0.2108,156,32,124,226.517,True,2054,2025-09-09T13:43:09.685144+00:00,192,2,
Classic-McEliece-460896f,KEM,10.0,10240,404.8499,0.3629,0.2108,156,32,124,405.4237,True,2055,2025-09-09T13:43:10.199719+00:00,192,2,
Classic-McEliece-460896f,KEM,10.0,10240,223.4071,0.3532,0.1829,156,32,124,223.9433,True,2056,2025-09-09T13:43:10.528721+00:00,192,2,
Classic-McEliece-460896f,KEM,10.0,10240,217.6221,0.6195,0.1861,156,32,124,218.4277,True,2057,2025-09-09T13:43:10.852021+00:00,192,2,
Classic-McEliece-460896f,KEM,10.0,10240,300.1575,0.3509,0.2409,156,32,124,300.7493,True,2058,2025-09-09T13:43:11.256528+00:00,192,2,
Classic-McEliece-460896f,KEM,10.0,10240,258.3697,0.2583,0.2037,156,32,124,258.8317,True,2059,2025-09-09T13:43:11.619468+00:00,192,2,
Classic-McEliece-460896f,KEM,10.0,10240,248.9648,0.4803,0.1958,156,32,124,249.6408,True,2060,2025-09-09T13:43:11.971972+00:00,192,2,
Classic-McEliece-460896f,KEM,10.0,10240,227.3943,0.4289,0.1871,156,32,124,228.0103,True,2061,2025-09-09T13:43:12.304031+00:00,192,2,
Classic-McEliece-460896f,KEM,10.0,10240,252.052,0.3375,0.24,156,32,124,252.6295,True,2062,2025-09-09T13:43:12.659582+00:00,192,2,
Classic-McEliece-460896f,KEM,10.0,10240,271.4483,0.3869,0.1985,156,32,124,272.0337,True,2063,2025-09-09T13:43:13.035320+00:00,192,2,
Classic-McEliece-460896f,KEM,10.0,10240,236.1196,0.3609,0.2641,156,32,124,236.7446,True,2064,2025-09-09T13:43:13.375732+00:00,192,2,
Classic-McEliece-460896f,KEM,10.0,10240,219.414,0.3126,0.1746,156,32,124,219.9013,True,2065,2025-09-09T13:43:13.704155+00:00,192,2,
Classic-McEliece-460896f,KEM,10.0,10240,436.2698,0.3438,0.1853,156,32,124,436.7989,True,2066,2025-09-09T13:43:14.254179+00:00,192,2,
Classic-McEliece-460896f,KEM,10.0,10240,255.2766,0.336,0.1976,156,32,124,255.8102,True,2067,2025-09-09T13:43:14.613559+00:00,192,2,
Classic-McEliece-460896f,KEM,10.0,10240,243.2566,0.3178,0.2078,156,32,124,243.7822,True,2068,2025-09-09T13:43:14.960864+00:00,192,2,
Classic-McEliece-460896f,KEM,10.0,10240,216.2578,0.3102,0.1789,156,32,124,216.747,True,2069,2025-09-09T13:43:15.281909+00:00,192,2,
Classic-McEliece-460896f,KEM,10.0,10240,222.823,0.3803,0.1851,156,32,124,223.3885,True,2070,2025-09-09T13:43:15.608292+00:00,192,2,
Classic-McEliece-460896f,KEM,10.0,10240,257.162,0.2673,0.1758,156,32,124,257.6051,True,2071,2025-09-09T13:43:15.971404+00:00,192,2,
Classic-McEliece-460896f,KEM,10.0,10240,237.2452,0.3347,0.2078,156,32,124,237.7877,True,2072,2025-09-09T13:43:16.312897+00:00,192,2,
Classic-McEliece-460896f,KEM,10.0,10240,312.5337,0.807,0.3651,156,32,124,313.7058,True,2073,2025-09-09T13:43:16.735779+00:00,192,2,
Classic-McEliece-460896f,KEM,10.0,10240,243.3056,0.3582,0.1965,156,32,124,243.8603,True,2074,2025-09-09T13:43:17.085412+00:00,192,2,
Classic-McEliece-460896f,KEM,10.0,10240,236.722,0.5571,0.1914,156,32,124,237.4705,True,2075,2025-09-09T13:43:17.426334+00:00,192,2,
Classic-McEliece-460896f,KEM,10.0,10240,300.4582,0.3617,0.1622,156,32,124,300.982,True,2076,2025-09-09T13:43:17.834254+00:00,192,2,
Classic-McEliece-460896f,KEM,10.0,10240,298.7084,0.4606,0.2113,156,32,124,299.3803,True,2077,2025-09-09T13:43:18.236708+00:00,192,2,
Classic-McEliece-460896f,KEM,10.0,10240,265.4957,0.4018,0.1643,156,32,124,266.0619,True,2078,2025-09-09T13:43:18.606253+00:00,192,2,
Classic-McEliece-460896f,KEM,10.0,10240,325.6641,0.3927,0.1761,156,32,124,326.2329,True,2079,2025-09-09T13:43:19.036251+00:00,192,2,
Classic-McEliece-460896f,KEM,10.0,10240,325.392,0.3892,0.191,156,32,124,325.9722,True,2080,2025-09-09T13:43:19.465409+00:00,192,2,
Classic-McEliece-460896f,KEM,10.0,10240,249.6447,0.5021,0.3695,156,32,124,250.5162,True,2081,2025-09-09T13:43:19.819228+00:00,192,2,
Classic-McEliece-460896f,KEM,10.0,10240,220.8043,0.3307,0.1994,156,32,124,221.3344,True,2082,2025-09-09T13:43:20.144560+00:00,192,2,
Classic-McEliece-460896f,KEM,10.0,10240,287.6372,0.4721,0.1906,156,32,124,288.2999,True,2083,2025-09-09T13:43:20.536779+00:00,192,2,
Classic-McEliece-460896f,KEM,10.0,10240,208.9573,0.2462,0.1571,156,32,124,209.3606,True,2084,2025-09-09T13:43:20.849017+00:00,192,2,
Classic-McEliece-460896f,KEM,10.0,10240,188.0631,0.3223,0.1842,156,32,124,188.5696,True,2085,2025-09-09T13:43:21.141654+00:00,192,2,
Classic-McEliece-460896f,KEM,10.0,10240,210.8091,0.352,0.1936,156,32,124,211.3547,True,2086,2025-09-09T13:43:21.456443+00:00,192,2,
Classic-McEliece-460896f,KEM,10.0,10240,209.5834,0.3195,0.1788,156,32,124,210.0817,True,2087,2025-09-09T13:43:21.769902+00:00,192,2,
Classic-McEliece-460896f,KEM,10.0,10240,214.1037,0.4166,0.193,156,32,124,214.7133,True,2088,2025-09-09T13:43:22.087864+00:00,192,2,
Classic-McEliece-460896f,KEM,10.0,10240,217.8217,0.2889,0.1655,156,32,124,218.2761,True,2089,2025-09-09T13:43:22.409119+00:00,192,2,
Classic-McEliece-460896f,KEM,10.0,10240,233.5082,0.4026,0.2058,156,32,124,234.1166,True,2090,2025-09-09T13:43:22.746432+00:00,192,2,
Classic-McEliece-460896f,KEM,10.0,10240,255.5742,0.3733,0.1972,156,32,124,256.1447,True,2091,2025-09-09T13:43:23.106374+00:00,192,2,
Classic-McEliece-460896f,KEM,10.0,10240,193.3421,0.257,0.2851,156,32,124,193.8843,True,2092,2025-09-09T13:43:23.403902+00:00,192,2,
Classic-McEliece-460896f,KEM,10.0,10240,238.831,0.3453,0.1891,156,32,124,239.3654,True,2093,2025-09-09T13:43:23.746291+00:00,192,2,
Classic-McEliece-460896f,KEM,10.0,10240,225.791,0.5687,0.2094,156,32,124,226.5692,True,2094,2025-09-09T13:43:24.075907+00:00,192,2,
Classic-McEliece-460896f,KEM,10.0,10240,222.6512,0.3286,0.1967,156,32,124,223.1765,True,2095,2025-09-09T13:43:24.402953+00:00,192,2,
Classic-McEliece-460896f,KEM,10.0,10240,209.126,0.3517,0.193,156,32,124,209.6707,True,2096,2025-09-09T13:43:24.746661+00:00,192,2,
Classic-McEliece-460896f,KEM,10.0,10240,218.8912,0.2798,0.2039,156,32,124,219.3748,True,2097,2025-09-09T13:43:25.069193+00:00,192,2,
Classic-McEliece-460896f,KEM,10.0,10240,227.7256,0.3145,0.2007,156,32,124,228.2408,True,2098,2025-09-09T13:43:25.418171+00:00,192,2,
Classic-McEliece-460896f,KEM,10.0,10240,229.0935,0.4114,0.2332,156,32,124,229.7381,True,2099,2025-09-09T13:43:25.751740+00:00,192,2,
Classic-McEliece-460896f,KEM,10.0,10240,219.7563,0.3844,0.2173,156,32,124,220.3579,True,2100,2025-09-09T13:43:26.074988+00:00,192,2,
Classic-McEliece-6688128,KEM,0.1,102,827.7282,1.6684,0.6222,208,32,176,830.0188,True,2101,2025-09-09T13:43:27.011290+00:00,256,3,
Classic-McEliece-6688128,KEM,0.1,102,276.8791,0.7128,0.2122,208,32,176,277.8041,True,2102,2025-09-09T13:43:27.390588+00:00,256,3,
Classic-McEliece-6688128,KEM,0.1,102,395.6391,0.5705,0.1821,208,32,176,396.3917,True,2103,2025-09-09T13:43:27.887909+00:00,256,3,
Classic-McEliece-6688128,KEM,0.1,102,433.5257,0.7024,0.177,208,32,176,434.405,True,2104,2025-09-09T13:43:28.423095+00:00,256,3,
Classic-McEliece-6688128,KEM,0.1,102,431.3018,0.6022,0.2298,208,32,176,432.1338,True,2105,2025-09-09T13:43:28.956344+00:00,256,3,
Classic-McEliece-6688128,KEM,0.1,102,354.801,0.6352,0.2435,208,32,176,355.6797,True,2106,2025-09-09T13:43:29.412926+00:00,256,3,
Classic-McEliece-6688128,KEM,0.1,102,273.8179,0.6773,0.2289,208,32,176,274.7241,True,2107,2025-09-09T13:43:29.788566+00:00,256,3,
Classic-McEliece-6688128,KEM,0.1,102,337.8837,0.6921,0.2648,208,32,176,338.8407,True,2108,2025-09-09T13:43:30.229400+00:00,256,3,
Classic-McEliece-6688128,KEM,0.1,102,535.8194,0.686,0.2285,208,32,176,536.7338,True,2109,2025-09-09T13:43:30.867039+00:00,256,3,
Classic-McEliece-6688128,KEM,0.1,102,408.7117,1.069,0.2682,208,32,176,410.049,True,2110,2025-09-09T13:43:31.378001+00:00,256,3,
Classic-McEliece-6688128,KEM,0.1,102,1449.2966,2.7339,0.254,208,32,176,1452.2845,True,2111,2025-09-09T13:43:32.931390+00:00,256,3,
Classic-McEliece-6688128,KEM,0.1,102,1378.6221,3.1315,0.2581,208,32,176,1382.0117,True,2112,2025-09-09T13:43:34.433736+00:00,256,3,
Classic-McEliece-6688128,KEM,0.1,102,930.8574,3.1625,0.3505,208,32,176,934.3704,True,2113,2025-09-09T13:43:35.475735+00:00,256,3,
Classic-McEliece-6688128,KEM,0.1,102,1548.8666,3.1168,0.2844,208,32,176,1552.2678,True,2114,2025-09-09T13:43:37.131678+00:00,256,3,
Classic-McEliece-6688128,KEM,0.1,102,998.7011,4.6005,1.1748,208,32,176,1004.4764,True,2115,2025-09-09T13:43:38.242722+00:00,256,3,
Classic-McEliece-6688128,KEM,0.1,102,1572.7127,0.9591,0.1633,208,32,176,1573.8351,True,2116,2025-09-09T13:43:39.920954+00:00,256,3,
Classic-McEliece-6688128,KEM,0.1,102,1180.9525,1.1443,1.0592,208,32,176,1183.156,True,2117,2025-09-09T13:43:41.207292+00:00,256,3,
Classic-McEliece-6688128,KEM,0.1,102,1085.2708,13.3095,1.8942,208,32,176,1100.4745,True,2118,2025-09-09T13:43:42.409788+00:00,256,3,
Classic-McEliece-6688128,KEM,0.1,102,1173.8809,1.4152,0.3565,208,32,176,1175.6526,True,2119,2025-09-09T13:43:43.705770+00:00,256,3,
Classic-McEliece-6688128,KEM,0.1,102,340.6256,0.4182,0.1978,208,32,176,341.2416,True,2120,2025-09-09T13:43:44.148501+00:00,256,3,
Classic-McEliece-6688128,KEM,0.1,102,344.0556,0.4274,0.1785,208,32,176,344.6615,True,2121,2025-09-09T13:43:44.593902+00:00,256,3,
Classic-McEliece-6688128,KEM,0.1,102,268.4111,0.4133,0.1806,208,32,176,269.005,True,2122,2025-09-09T13:43:44.963691+00:00,256,3,
Classic-McEliece-6688128,KEM,0.1,102,311.2328,0.4967,0.1926,208,32,176,311.922,True,2123,2025-09-09T13:43:45.376268+00:00,256,3,
Classic-McEliece-6688128,KEM,0.1,102,485.8019,0.596,0.3037,208,32,176,486.7016,True,2124,2025-09-09T13:43:45.963720+00:00,256,3,
Classic-McEliece-6688128,KEM,0.1,102,299.5128,0.5322,0.2104,208,32,176,300.2554,True,2125,2025-09-09T13:43:46.364918+00:00,256,3,
Classic-McEliece-6688128,KEM,0.1,102,303.3496,0.5796,0.2505,208,32,176,304.1797,True,2126,2025-09-09T13:43:46.770018+00:00,256,3,
Classic-McEliece-6688128,KEM,0.1,102,287.0621,0.4569,0.1901,208,32,176,287.7091,True,2127,2025-09-09T13:43:47.158624+00:00,256,3,
Classic-McEliece-6688128,KEM,0.1,102,275.4377,0.4751,0.176,208,32,176,276.0888,True,2128,2025-09-09T13:43:47.536153+00:00,256,3,
Classic-McEliece-6688128,KEM,0.1,102,489.0602,0.3921,0.1986,208,32,176,489.6508,True,2129,2025-09-09T13:43:48.126505+00:00,256,3,
Classic-McEliece-6688128,KEM,0.1,102,399.7268,0.44,0.1982,208,32,176,400.365,True,2130,2025-09-09T13:43:48.627620+00:00,256,3,
Classic-McEliece-6688128,KEM,0.1,102,417.969,0.5504,0.212,208,32,176,418.7314,True,2131,2025-09-09T13:43:49.147006+00:00,256,3,
Classic-McEliece-6688128,KEM,0.1,102,261.6879,0.3559,0.1509,208,32,176,262.1947,True,2132,2025-09-09T13:43:49.509934+00:00,256,3,
Classic-McEliece-6688128,KEM,0.1,102,508.5994,0.73,0.2702,208,32,176,509.5996,True,2133,2025-09-09T13:43:50.120188+00:00,256,3,
Classic-McEliece-6688128,KEM,0.1,102,523.3402,0.5028,0.2091,208,32,176,524.052,True,2134,2025-09-09T13:43:50.745092+00:00,256,3,
Classic-McEliece-6688128,KEM,0.1,102,349.9368,0.6664,0.2145,208,32,176,350.8177,True,2135,2025-09-09T13:43:51.196615+00:00,256,3,
Classic-McEliece-6688128,KEM,0.1,102,561.1872,0.686,0.1771,208,32,176,562.0503,True,2136,2025-09-09T13:43:51.859398+00:00,256,3,
Classic-McEliece-6688128,KEM,0.1,102,288.0569,0.4514,0.1933,208,32,176,288.7015,True,2137,2025-09-09T13:43:52.248885+00:00,256,3,
Classic-McEliece-6688128,KEM,0.1,102,364.6313,0.4402,0.1849,208,32,176,365.2564,True,2138,2025-09-09T13:43:52.714874+00:00,256,3,
Classic-McEliece-6688128,KEM,0.1,102,592.2516,0.7081,0.2232,208,32,176,593.183,True,2139,2025-09-09T13:43:53.410538+00:00,256,3,
Classic-McEliece-6688128,KEM,0.1,102,445.2526,0.5908,0.4175,208,32,176,446.2609,True,2140,2025-09-09T13:43:53.957622+00:00,256,3,
Classic-McEliece-6688128,KEM,0.1,102,346.7119,0.9032,0.2989,208,32,176,347.914,True,2141,2025-09-09T13:43:54.406417+00:00,256,3,
Classic-McEliece-6688128,KEM,0.1,102,306.8134,0.4954,0.1966,208,32,176,307.5054,True,2142,2025-09-09T13:43:54.814685+00:00,256,3,
Classic-McEliece-6688128,KEM,0.1,102,297.367,0.5943,0.181,208,32,176,298.1423,True,2143,2025-09-09T13:43:55.213538+00:00,256,3,
Classic-McEliece-6688128,KEM,0.1,102,298.5736,0.5681,0.4207,208,32,176,299.5623,True,2144,2025-09-09T13:43:55.613954+00:00,256,3,
Classic-McEliece-6688128,KEM,0.1,102,245.2759,0.7062,0.1808,208,32,176,246.1629,True,2145,2025-09-09T13:43:55.960992+00:00,256,3,
Classic-McEliece-6688128,KEM,0.1,102,322.8637,0.5812,0.1919,208,32,176,323.6367,True,2146,2025-09-09T13:43:56.385569+00:00,256,3,
Classic-McEliece-6688128,KEM,0.1,102,375.8412,0.4698,0.2055,208,32,176,376.5164,True,2147,2025-09-09T13:43:56.863028+00:00,256,3,
Classic-McEliece-6688128,KEM,0.1,102,525.7848,0.5708,0.2237,208,32,176,526.5793,True,2148,2025-09-09T13:43:57.490608+00:00,256,3,
Classic-McEliece-6688128,KEM,0.1,102,513.0174,0.4252,0.1701,208,32,176,513.6127,True,2149,2025-09-09T13:43:58.105150+00:00,256,3,
Classic-McEliece-6688128,KEM,0.1,102,427.1602,0.5523,0.1799,208,32,176,427.8924,True,2150,2025-09-09T13:43:58.633892+00:00,256,3,
Classic-McEliece-6688128,KEM,0.5,512,675.4852,0.7441,0.2363,208,32,176,676.4656,True,2151,2025-09-09T13:43:59.411273+00:00,256,3,
Classic-McEliece-6688128,KEM,0.5,512,336.1629,0.6024,0.2363,208,32,176,337.0016,True,2152,2025-09-09T13:43:59.849210+00:00,256,3,
Classic-McEliece-6688128,KEM,0.5,512,444.9366,0.9033,0.1818,208,32,176,446.0217,True,2153,2025-09-09T13:44:00.396277+00:00,256,3,
Classic-McEliece-6688128,KEM,0.5,512,343.874,0.6701,0.2086,208,32,176,344.7527,True,2154,2025-09-09T13:44:00.842032+00:00,256,3,
Classic-McEliece-6688128,KEM,0.5,512,291.3678,0.4509,0.2396,208,32,176,292.0583,True,2155,2025-09-09T13:44:01.235835+00:00,256,3,
Classic-McEliece-6688128,KEM,0.5,512,353.052,0.6777,0.2439,208,32,176,353.9737,True,2156,2025-09-09T13:44:01.690635+00:00,256,3,
Classic-McEliece-6688128,KEM,0.5,512,618.6167,0.7325,0.2422,208,32,176,619.5914,True,2157,2025-09-09T13:44:02.411188+00:00,256,3,
Classic-McEliece-6688128,KEM,0.5,512,370.7456,0.551,0.2229,208,32,176,371.5194,True,2158,2025-09-09T13:44:02.883896+00:00,256,3,
Classic-McEliece-6688128,KEM,0.5,512,393.8861,0.5444,3.6676,208,32,176,398.0981,True,2159,2025-09-09T13:44:03.383013+00:00,256,3,
Classic-McEliece-6688128,KEM,0.5,512,285.7046,0.5013,0.2369,208,32,176,286.4428,True,2160,2025-09-09T13:44:03.770558+00:00,256,3,
Classic-McEliece-6688128,KEM,0.5,512,406.5221,0.4937,0.3244,208,32,176,407.3402,True,2161,2025-09-09T13:44:04.278955+00:00,256,3,
Classic-McEliece-6688128,KEM,0.5,512,260.5744,0.5803,0.1999,208,32,176,261.3545,True,2162,2025-09-09T13:44:04.641350+00:00,256,3,
Classic-McEliece-6688128,KEM,0.5,512,240.5886,0.5541,0.2333,208,32,176,241.376,True,2163,2025-09-09T13:44:04.983838+00:00,256,3,
Classic-McEliece-6688128,KEM,0.5,512,302.485,0.5047,0.1504,208,32,176,303.1401,True,2164,2025-09-09T13:44:05.387984+00:00,256,3,
Classic-McEliece-6688128,KEM,0.5,512,406.2434,0.5897,0.2381,208,32,176,407.0712,True,2165,2025-09-09T13:44:05.896120+00:00,256,3,
Classic-McEliece-6688128,KEM,0.5,512,313.3712,0.4661,0.2121,208,32,176,314.0494,True,2166,2025-09-09T13:44:06.311100+00:00,256,3,
Classic-McEliece-6688128,KEM,0.5,512,285.4087,0.5819,0.2119,208,32,176,286.2025,True,2167,2025-09-09T13:44:06.698395+00:00,256,3,
Classic-McEliece-6688128,KEM,0.5,512,254.6704,0.7452,0.2065,208,32,176,255.6221,True,2168,2025-09-09T13:44:07.055044+00:00,256,3,
Classic-McEliece-6688128,KEM,0.5,512,340.0574,0.7673,0.2156,208,32,176,341.0403,True,2169,2025-09-09T13:44:07.497318+00:00,256,3,
Classic-McEliece-6688128,KEM,0.5,512,308.654,0.7083,0.2376,208,32,176,309.5998,True,2170,2025-09-09T13:44:07.907945+00:00,256,3,
Classic-McEliece-6688128,KEM,0.5,512,766.6738,0.6611,0.2109,208,32,176,767.5457,True,2171,2025-09-09T13:44:08.776753+00:00,256,3,
Classic-McEliece-6688128,KEM,0.5,512,497.4346,0.7003,0.2011,208,32,176,498.336,True,2172,2025-09-09T13:44:09.376305+00:00,256,3,
Classic-McEliece-6688128,KEM,0.5,512,404.5337,0.5905,0.2218,208,32,176,405.346,True,2173,2025-09-09T13:44:09.883052+00:00,256,3,
Classic-McEliece-6688128,KEM,0.5,512,427.5515,0.8889,0.2271,208,32,176,428.6675,True,2174,2025-09-09T13:44:10.412988+00:00,256,3,
Classic-McEliece-6688128,KEM,0.5,512,467.8538,0.7663,0.2872,208,32,176,468.9073,True,2175,2025-09-09T13:44:10.982783+00:00,256,3,
Classic-McEliece-6688128,KEM,0.5,512,605.1477,0.7287,0.4069,208,32,176,606.2832,True,2176,2025-09-09T13:44:11.690367+00:00,256,3,
Classic-McEliece-6688128,KEM,0.5,512,404.8499,0.5763,0.2154,208,32,176,405.6417,True,2177,2025-09-09T13:44:12.197261+00:00,256,3,
Classic-McEliece-6688128,KEM,0.5,512,269.1799,0.6242,0.2257,208,32,176,270.0298,True,2178,2025-09-09T13:44:12.568417+00:00,256,3,
Classic-McEliece-6688128,KEM,0.5,512,306.3495,0.6806,0.2202,208,32,176,307.2503,True,2179,2025-09-09T13:44:12.977281+00:00,256,3,
Classic-McEliece-6688128,KEM,0.5,512,298.3173,0.49,0.2699,208,32,176,299.0772,True,2180,2025-09-09T13:44:13.377237+00:00,256,3,
Classic-McEliece-6688128,KEM,0.5,512,348.5036,0.5861,0.217,208,32,176,349.3066,True,2181,2025-09-09T13:44:13.827427+00:00,256,3,
Classic-McEliece-6688128,KEM,0.5,512,460.6158,0.5414,0.1791,208,32,176,461.3363,True,2182,2025-09-09T13:44:14.389688+00:00,256,3,
Classic-McEliece-6688128,KEM,0.5,512,357.8682,0.5715,0.215,208,32,176,358.6546,True,2183,2025-09-09T13:44:14.849168+00:00,256,3,
Classic-McEliece-6688128,KEM,0.5,512,510.6865,0.7414,0.2275,208,32,176,511.6553,True,2184,2025-09-09T13:44:15.461815+00:00,256,3,
Classic-McEliece-6688128,KEM,0.5,512,377.5185,0.6748,0.2954,208,32,176,378.4888,True,2185,2025-09-09T13:44:15.941396+00:00,256,3,
Classic-McEliece-6688128,KEM,0.5,512,387.2497,0.5753,0.2335,208,32,176,388.0585,True,2186,2025-09-09T13:44:16.430419+00:00,256,3,
Classic-McEliece-6688128,KEM,0.5,512,599.1135,0.5354,0.1873,208,32,176,599.8361,True,2187,2025-09-09T13:44:17.131158+00:00,256,3,
Classic-McEliece-6688128,KEM,0.5,512,338.614,0.6094,0.2756,208,32,176,339.4991,True,2188,2025-09-09T13:44:17.571693+00:00,256,3,
Classic-McEliece-6688128,KEM,0.5,512,414.0788,0.5405,0.2275,208,32,176,414.8468,True,2189,2025-09-09T13:44:18.087333+00:00,256,3,
Classic-McEliece-6688128,KEM,0.5,512,934.5507,0.8234,0.2718,208,32,176,935.6459,True,2190,2025-09-09T13:44:19.123869+00:00,256,3,
Classic-McEliece-6688128,KEM,0.5,512,339.7933,0.6433,0.2554,208,32,176,340.692,True,2191,2025-09-09T13:44:19.574039+00:00,256,3,
Classic-McEliece-6688128,KEM,0.5,512,426.3779,0.6739,0.2523,208,32,176,427.3042,True,2192,2025-09-09T13:44:20.102238+00:00,256,3,
Classic-McEliece-6688128,KEM,0.5,512,641.7735,0.7205,0.2177,208,32,176,642.7116,True,2193,2025-09-09T13:44:20.846257+00:00,256,3,
Classic-McEliece-6688128,KEM,0.5,512,447.1784,0.6514,0.2548,208,32,176,448.0847,True,2194,2025-09-09T13:44:21.397113+00:00,256,3,
Classic-McEliece-6688128,KEM,0.5,512,447.72,2.1978,0.1799,208,32,176,450.0977,True,2195,2025-09-09T13:44:21.948224+00:00,256,3,
Classic-McEliece-6688128,KEM,0.5,512,292.3887,0.5855,0.33,208,32,176,293.3042,True,2196,2025-09-09T13:44:22.342454+00:00,256,3,
Classic-McEliece-6688128,KEM,0.5,512,353.1264,0.6204,0.2096,208,32,176,353.9564,True,2197,2025-09-09T13:44:22.797335+00:00,256,3,
Classic-McEliece-6688128,KEM,0.5,512,359.804,0.6408,0.2041,208,32,176,360.6489,True,2198,2025-09-09T13:44:23.258862+00:00,256,3,
Classic-McEliece-6688128,KEM,0.5,512,254.72,0.4557,0.1782,208,32,176,255.3539,True,2199,2025-09-09T13:44:23.615130+00:00,256,3,
Classic-McEliece-6688128,KEM,0.5,512,324.443,0.5931,0.4348,208,32,176,325.471,True,2200,2025-09-09T13:44:24.041921+00:00,256,3,
Classic-McEliece-6688128,KEM,1.0,1024,419.521,0.8825,0.269,208,32,176,420.6725,True,2201,2025-09-09T13:44:24.563717+00:00,256,3,
Classic-McEliece-6688128,KEM,1.0,1024,263.7187,0.5431,0.1746,208,32,176,264.4365,True,2202,2025-09-09T13:44:24.929321+00:00,256,3,
Classic-McEliece-6688128,KEM,1.0,1024,347.7247,0.7414,0.2487,208,32,176,348.7147,True,2203,2025-09-09T13:44:25.379037+00:00,256,3,
Classic-McEliece-6688128,KEM,1.0,1024,301.6412,0.6499,0.2344,208,32,176,302.5255,True,2204,2025-09-09T13:44:25.782782+00:00,256,3,
Classic-McEliece-6688128,KEM,1.0,1024,338.2858,0.5298,0.2293,208,32,176,339.0449,True,2205,2025-09-09T13:44:26.222983+00:00,256,3,
Classic-McEliece-6688128,KEM,1.0,1024,456.9864,0.5611,0.2214,208,32,176,457.7689,True,2206,2025-09-09T13:44:26.781726+00:00,256,3,
Classic-McEliece-6688128,KEM,1.0,1024,482.7423,0.646,0.2126,208,32,176,483.6009,True,2207,2025-09-09T13:44:27.367106+00:00,256,3,
Classic-McEliece-6688128,KEM,1.0,1024,424.4835,0.723,0.2818,208,32,176,425.4883,True,2208,2025-09-09T13:44:27.893755+00:00,256,3,
Classic-McEliece-6688128,KEM,1.0,1024,406.8161,0.6201,0.2129,208,32,176,407.6491,True,2209,2025-09-09T13:44:28.402426+00:00,256,3,
Classic-McEliece-6688128,KEM,1.0,1024,991.3044,0.6644,0.2169,208,32,176,992.1857,True,2210,2025-09-09T13:44:29.500170+00:00,256,3,
Classic-McEliece-6688128,KEM,1.0,1024,281.1484,0.5096,0.2949,208,32,176,281.9528,True,2211,2025-09-09T13:44:29.883217+00:00,256,3,
Classic-McEliece-6688128,KEM,1.0,1024,374.1749,0.6451,0.3007,208,32,176,375.1208,True,2212,2025-09-09T13:44:30.359709+00:00,256,3,
Classic-McEliece-6688128,KEM,1.0,1024,330.3185,0.7533,0.1825,208,32,176,331.2543,True,2213,2025-09-09T13:44:30.791954+00:00,256,3,
Classic-McEliece-6688128,KEM,1.0,1024,382.7705,0.576,0.217,208,32,176,383.5635,True,2214,2025-09-09T13:44:31.276995+00:00,256,3,
Classic-McEliece-6688128,KEM,1.0,1024,353.5606,0.6935,0.2235,208,32,176,354.4776,True,2215,2025-09-09T13:44:31.732539+00:00,256,3,
Classic-McEliece-6688128,KEM,1.0,1024,313.0904,0.5382,0.2119,208,32,176,313.8406,True,2216,2025-09-09T13:44:32.148254+00:00,256,3,
Classic-McEliece-6688128,KEM,1.0,1024,360.8126,0.5591,0.301,208,32,176,361.6727,True,2217,2025-09-09T13:44:32.611662+00:00,256,3,
Classic-McEliece-6688128,KEM,1.0,1024,318.8524,0.6242,0.2791,208,32,176,319.7557,True,2218,2025-09-09T13:44:33.032472+00:00,256,3,
Classic-McEliece-6688128,KEM,1.0,1024,365.0294,0.5085,0.4434,208,32,176,365.9813,True,2219,2025-09-09T13:44:33.499837+00:00,256,3,
Classic-McEliece-6688128,KEM,1.0,1024,340.17,0.5596,0.1848,208,32,176,340.9145,True,2220,2025-09-09T13:44:33.942243+00:00,256,3,
Classic-McEliece-6688128,KEM,1.0,1024,363.5357,0.6275,0.2486,208,32,176,364.4118,True,2221,2025-09-09T13:44:34.407778+00:00,256,3,
Classic-McEliece-6688128,KEM,1.0,1024,391.1899,0.564,0.2126,208,32,176,391.9666,True,2222,2025-09-09T13:44:34.900753+00:00,256,3,
Classic-McEliece-6688128,KEM,1.0,1024,536.2548,0.5489,0.2461,208,32,176,537.0497,True,2223,2025-09-09T13:44:35.538804+00:00,256,3,
Classic-McEliece-6688128,KEM,1.0,1024,331.6779,0.4959,0.1939,208,32,176,332.3678,True,2224,2025-09-09T13:44:35.972240+00:00,256,3,
Classic-McEliece-6688128,KEM,1.0,1024,242.075,0.7075,0.2203,208,32,176,243.0028,True,2225,2025-09-09T13:44:36.316275+00:00,256,3,
Classic-McEliece-6688128,KEM,1.0,1024,430.159,0.6411,0.2106,208,32,176,431.0108,True,2226,2025-09-09T13:44:36.848231+00:00,256,3,
Classic-McEliece-6688128,KEM,1.0,1024,281.9174,0.6915,0.2146,208,32,176,282.8235,True,2227,2025-09-09T13:44:37.232101+00:00,256,3,
Classic-McEliece-6688128,KEM,1.0,1024,319.8929,0.6779,0.4445,208,32,176,321.0153,True,2228,2025-09-09T13:44:37.654194+00:00,256,3,
Classic-McEliece-6688128,KEM,1.0,1024,363.1364,0.5068,0.2164,208,32,176,363.8597,True,2229,2025-09-09T13:44:38.119028+00:00,256,3,
Classic-McEliece-6688128,KEM,1.0,1024,382.043,0.6902,0.1978,208,32,176,382.931,True,2230,2025-09-09T13:44:38.611209+00:00,256,3,
Classic-McEliece-6688128,KEM,1.0,1024,341.4498,0.6365,0.2173,208,32,176,342.3035,True,2231,2025-09-09T13:44:39.054751+00:00,256,3,
Classic-McEliece-6688128,KEM,1.0,1024,469.4868,0.5142,0.2458,208,32,176,470.2468,True,2232,2025-09-09T13:44:39.626240+00:00,256,3,
Classic-McEliece-6688128,KEM,1.0,1024,512.5235,0.5103,0.1725,208,32,176,513.2063,True,2233,2025-09-09T13:44:40.240530+00:00,256,3,
Classic-McEliece-6688128,KEM,1.0,1024,501.9427,0.6729,0.2847,208,32,176,502.9004,True,2234,2025-09-09T13:44:40.844306+00:00,256,3,
Classic-McEliece-6688128,KEM,1.0,1024,286.0889,0.4498,0.2054,208,32,176,286.7441,True,2235,2025-09-09T13:44:41.232364+00:00,256,3,
Classic-McEliece-6688128,KEM,1.0,1024,335.9901,0.6413,0.2035,208,32,176,336.8349,True,2236,2025-09-09T13:44:41.670253+00:00,256,3,
Classic-McEliece-6688128,KEM,1.0,1024,433.948,0.5817,0.2027,208,32,176,434.7324,True,2237,2025-09-09T13:44:42.206036+00:00,256,3,
Classic-McEliece-6688128,KEM,1.0,1024,358.946,0.5811,0.2385,208,32,176,359.7656,True,2238,2025-09-09T13:44:42.667013+00:00,256,3,
Classic-McEliece-6688128,KEM,1.0,1024,493.7796,0.5714,0.184,208,32,176,494.5349,True,2239,2025-09-09T13:44:43.262834+00:00,256,3,
Classic-McEliece-6688128,KEM,1.0,1024,468.9815,0.6642,0.2284,208,32,176,469.8741,True,2240,2025-09-09T13:44:43.833694+00:00,256,3,
Classic-McEliece-6688128,KEM,1.0,1024,660.1812,0.5249,0.2467,208,32,176,660.9528,True,2241,2025-09-09T13:44:44.595640+00:00,256,3,
Classic-McEliece-6688128,KEM,1.0,1024,322.1435,0.6565,0.2241,208,32,176,323.0241,True,2242,2025-09-09T13:44:45.019741+00:00,256,3,
Classic-McEliece-6688128,KEM,1.0,1024,430.3292,0.5941,0.1775,208,32,176,431.1008,True,2243,2025-09-09T13:44:45.551914+00:00,256,3,
Classic-McEliece-6688128,KEM,1.0,1024,294.454,0.6635,0.2103,208,32,176,295.3278,True,2244,2025-09-09T13:44:45.948261+00:00,256,3,
Classic-McEliece-6688128,KEM,1.0,1024,640.2217,0.5732,0.2558,208,32,176,641.0507,True,2245,2025-09-09T13:44:46.690338+00:00,256,3,
Classic-McEliece-6688128,KEM,1.0,1024,385.5017,0.4075,0.1725,208,32,176,386.0817,True,2246,2025-09-09T13:44:47.177772+00:00,256,3,
Classic-McEliece-6688128,KEM,1.0,1024,364.6061,0.7221,0.2092,208,32,176,365.5375,True,2247,2025-09-09T13:44:47.644310+00:00,256,3,
Classic-McEliece-6688128,KEM,1.0,1024,281.8036,0.6269,0.2316,208,32,176,282.6621,True,2248,2025-09-09T13:44:48.027998+00:00,256,3,
Classic-McEliece-6688128,KEM,1.0,1024,332.6059,0.6202,0.2162,208,32,176,333.4423,True,2249,2025-09-09T13:44:48.464092+00:00,256,3,
Classic-McEliece-6688128,KEM,1.0,1024,348.8744,0.4285,0.1859,208,32,176,349.4888,True,2250,2025-09-09T13:44:48.914709+00:00,256,3,
Classic-McEliece-6688128,KEM,2.0,2048,468.5792,0.6562,0.2374,208,32,176,469.4727,True,2251,2025-09-09T13:44:49.485463+00:00,256,3,
Classic-McEliece-6688128,KEM,2.0,2048,476.8807,0.4835,0.1874,208,32,176,477.5516,True,2252,2025-09-09T13:44:50.064444+00:00,256,3,
Classic-McEliece-6688128,KEM,2.0,2048,563.4082,0.5216,0.2247,208,32,176,564.1545,True,2253,2025-09-09T13:44:50.730097+00:00,256,3,
Classic-McEliece-6688128,KEM,2.0,2048,458.1684,0.7503,0.2504,208,32,176,459.1691,True,2254,2025-09-09T13:44:51.290861+00:00,256,3,
Classic-McEliece-6688128,KEM,2.0,2048,441.3236,0.6697,0.2233,208,32,176,442.2166,True,2255,2025-09-09T13:44:51.834489+00:00,256,3,
Classic-McEliece-6688128,KEM,2.0,2048,472.0969,0.5298,0.25,208,32,176,472.8767,True,2256,2025-09-09T13:44:52.408715+00:00,256,3,
Classic-McEliece-6688128,KEM,2.0,2048,579.9605,0.6037,0.221,208,32,176,580.7852,True,2257,2025-09-09T13:44:53.100841+00:00,256,3,
Classic-McEliece-6688128,KEM,2.0,2048,380.0879,0.566,0.2542,208,32,176,380.9081,True,2258,2025-09-09T13:44:53.583068+00:00,256,3,
Classic-McEliece-6688128,KEM,2.0,2048,273.9226,0.554,0.2949,208,32,176,274.7715,True,2259,2025-09-09T13:44:53.959266+00:00,256,3,
Classic-McEliece-6688128,KEM,2.0,2048,912.7507,0.5481,0.2785,208,32,176,913.5774,True,2260,2025-09-09T13:44:54.974309+00:00,256,3,
Classic-McEliece-6688128,KEM,2.0,2048,366.8076,0.4851,0.2132,208,32,176,367.5059,True,2261,2025-09-09T13:44:55.443111+00:00,256,3,
Classic-McEliece-6688128,KEM,2.0,2048,235.626,0.5677,0.2214,208,32,176,236.4151,True,2262,2025-09-09T13:44:55.781007+00:00,256,3,
Classic-McEliece-6688128,KEM,2.0,2048,268.0617,0.5433,0.2149,208,32,176,268.8199,True,2263,2025-09-09T13:44:56.150987+00:00,256,3,
Classic-McEliece-6688128,KEM,2.0,2048,283.6746,0.5189,0.2041,208,32,176,284.3977,True,2264,2025-09-09T13:44:56.536430+00:00,256,3,
Classic-McEliece-6688128,KEM,2.0,2048,305.4587,0.5975,0.2485,208,32,176,306.3047,True,2265,2025-09-09T13:44:56.944029+00:00,256,3,
Classic-McEliece-6688128,KEM,2.0,2048,500.2569,0.7146,0.249,208,32,176,501.2205,True,2266,2025-09-09T13:44:57.546517+00:00,256,3,
Classic-McEliece-6688128,KEM,2.0,2048,335.1432,0.5745,0.2487,208,32,176,335.9664,True,2267,2025-09-09T13:44:57.984375+00:00,256,3,
Classic-McEliece-6688128,KEM,2.0,2048,298.5042,0.7318,0.2407,208,32,176,299.4766,True,2268,2025-09-09T13:44:58.385034+00:00,256,3,
Classic-McEliece-6688128,KEM,2.0,2048,298.6825,0.3943,0.253,208,32,176,299.3298,True,2269,2025-09-09T13:44:58.787404+00:00,256,3,
Classic-McEliece-6688128,KEM,2.0,2048,274.9974,0.4366,0.2061,208,32,176,275.6401,True,2270,2025-09-09T13:44:59.164609+00:00,256,3,
Classic-McEliece-6688128,KEM,2.0,2048,259.928,0.4474,0.1736,208,32,176,260.5489,True,2271,2025-09-09T13:44:59.526667+00:00,256,3,
Classic-McEliece-6688128,KEM,2.0,2048,294.7483,0.9941,0.2463,208,32,176,295.9887,True,2272,2025-09-09T13:44:59.923938+00:00,256,3,
Classic-McEliece-6688128,KEM,2.0,2048,362.1788,1.1531,1.2118,208,32,176,364.5437,True,2273,2025-09-09T13:45:00.389739+00:00,256,3,
Classic-McEliece-6688128,KEM,2.0,2048,264.7421,0.6534,0.2254,208,32,176,265.6209,True,2274,2025-09-09T13:45:00.758808+00:00,256,3,
Classic-McEliece-6688128,KEM,2.0,2048,274.6092,0.5423,0.2327,208,32,176,275.3842,True,2275,2025-09-09T13:45:01.135625+00:00,256,3,
Classic-McEliece-6688128,KEM,2.0,2048,380.9902,0.606,0.2156,208,32,176,381.8118,True,2276,2025-09-09T13:45:01.618695+00:00,256,3,
Classic-McEliece-6688128,KEM,2.0,2048,489.1437,0.7274,0.2174,208,32,176,490.0885,True,2277,2025-09-09T13:45:02.211196+00:00,256,3,
Classic-McEliece-6688128,KEM,2.0,2048,303.6799,0.5621,0.2351,208,32,176,304.4771,True,2278,2025-09-09T13:45:02.617073+00:00,256,3,
Classic-McEliece-6688128,KEM,2.0,2048,367.4546,0.8957,0.2363,208,32,176,368.5866,True,2279,2025-09-09T13:45:03.086921+00:00,256,3,
Classic-McEliece-6688128,KEM,2.0,2048,449.54,0.5532,0.2291,208,32,176,450.3224,True,2280,2025-09-09T13:45:03.656611+00:00,256,3,
Classic-McEliece-6688128,KEM,2.0,2048,400.9952,0.6679,0.2353,208,32,176,401.8984,True,2281,2025-09-09T13:45:04.159857+00:00,256,3,
Classic-McEliece-6688128,KEM,2.0,2048,491.8357,0.5685,0.2371,208,32,176,492.6414,True,2282,2025-09-09T13:45:04.761015+00:00,256,3,
Classic-McEliece-6688128,KEM,2.0,2048,549.6389,0.6195,0.2547,208,32,176,550.5131,True,2283,2025-09-09T13:45:05.412754+00:00,256,3,
Classic-McEliece-6688128,KEM,2.0,2048,656.7323,0.8666,0.2234,208,32,176,657.8223,True,2284,2025-09-09T13:45:06.172067+00:00,256,3,
Classic-McEliece-6688128,KEM,2.0,2048,468.2714,0.5613,0.2395,208,32,176,469.0721,True,2285,2025-09-09T13:45:06.742733+00:00,256,3,
Classic-McEliece-6688128,KEM,2.0,2048,494.3265,0.5683,0.2227,208,32,176,495.1176,True,2286,2025-09-09T13:45:07.343817+00:00,256,3,
Classic-McEliece-6688128,KEM,2.0,2048,663.5924,0.7336,0.2209,208,32,176,664.5469,True,2287,2025-09-09T13:45:08.111403+00:00,256,3,
Classic-McEliece-6688128,KEM,2.0,2048,351.2719,0.5893,0.2596,208,32,176,352.1208,True,2288,2025-09-09T13:45:08.565232+00:00,256,3,
Classic-McEliece-6688128,KEM,2.0,2048,344.4219,0.6281,0.2419,208,32,176,345.2919,True,2289,2025-09-09T13:45:09.012769+00:00,256,3,
Classic-McEliece-6688128,KEM,2.0,2048,295.2511,0.677,0.2242,208,32,176,296.1524,True,2290,2025-09-09T13:45:09.410284+00:00,256,3,
Classic-McEliece-6688128,KEM,2.0,2048,332.2699,0.6707,0.2253,208,32,176,333.1659,True,2291,2025-09-09T13:45:09.845479+00:00,256,3,
Classic-McEliece-6688128,KEM,2.0,2048,322.6919,0.5996,0.2519,208,32,176,323.5434,True,2292,2025-09-09T13:45:10.270801+00:00,256,3,
Classic-McEliece-6688128,KEM,2.0,2048,364.9312,0.6441,0.2733,208,32,176,365.8485,True,2293,2025-09-09T13:45:10.738888+00:00,256,3,
Classic-McEliece-6688128,KEM,2.0,2048,365.4142,0.6173,0.2176,208,32,176,366.2491,True,2294,2025-09-09T13:45:11.206438+00:00,256,3,
Classic-McEliece-6688128,KEM,2.0,2048,285.4669,0.5746,0.2254,208,32,176,286.2669,True,2295,2025-09-09T13:45:11.594116+00:00,256,3,
Classic-McEliece-6688128,KEM,2.0,2048,339.5922,0.6102,0.2183,208,32,176,340.4207,True,2296,2025-09-09T13:45:12.036482+00:00,256,3,
Classic-McEliece-6688128,KEM,2.0,2048,268.9917,0.4716,0.1983,208,32,176,269.6617,True,2297,2025-09-09T13:45:12.407514+00:00,256,3,
Classic-McEliece-6688128,KEM,2.0,2048,422.5444,0.6252,0.2565,208,32,176,423.426,True,2298,2025-09-09T13:45:12.932160+00:00,256,3,
Classic-McEliece-6688128,KEM,2.0,2048,509.2339,0.636,0.2588,208,32,176,510.1287,True,2299,2025-09-09T13:45:13.543592+00:00,256,3,
Classic-McEliece-6688128,KEM,2.0,2048,486.4856,0.7494,0.204,208,32,176,487.439,True,2300,2025-09-09T13:45:14.132188+00:00,256,3,
Classic-McEliece-6688128,KEM,5.0,5120,310.6724,0.6122,0.2129,208,32,176,311.4976,True,2301,2025-09-09T13:45:14.545877+00:00,256,3,
Classic-McEliece-6688128,KEM,5.0,5120,328.6006,0.7034,0.2408,208,32,176,329.5448,True,2302,2025-09-09T13:45:14.977774+00:00,256,3,
Classic-McEliece-6688128,KEM,5.0,5120,330.6208,0.7298,0.2658,208,32,176,331.6164,True,2303,2025-09-09T13:45:15.412236+00:00,256,3,
Classic-McEliece-6688128,KEM,5.0,5120,465.9389,0.567,0.2202,208,32,176,466.726,True,2304,2025-09-09T13:45:15.983363+00:00,256,3,
Classic-McEliece-6688128,KEM,5.0,5120,556.2352,0.5864,0.2088,208,32,176,557.0304,True,2305,2025-09-09T13:45:16.643876+00:00,256,3,
Classic-McEliece-6688128,KEM,5.0,5120,408.502,0.4972,0.4486,208,32,176,409.4479,True,2306,2025-09-09T13:45:17.155427+00:00,256,3,
Classic-McEliece-6688128,KEM,5.0,5120,454.6824,0.612,0.284,208,32,176,455.5784,True,2307,2025-09-09T13:45:17.712841+00:00,256,3,
Classic-McEliece-6688128,KEM,5.0,5120,456.7701,0.5264,0.2108,208,32,176,457.5072,True,2308,2025-09-09T13:45:18.272465+00:00,256,3,
Classic-McEliece-6688128,KEM,5.0,5120,828.1711,0.6347,0.2246,208,32,176,829.0303,True,2309,2025-09-09T13:45:19.204211+00:00,256,3,
Classic-McEliece-6688128,KEM,5.0,5120,594.8683,0.4386,0.2349,208,32,176,595.5418,True,2310,2025-09-09T13:45:19.901307+00:00,256,3,
Classic-McEliece-6688128,KEM,5.0,5120,432.1204,0.7503,0.2315,208,32,176,433.1022,True,2311,2025-09-09T13:45:20.435965+00:00,256,3,
Classic-McEliece-6688128,KEM,5.0,5120,348.5187,0.9951,0.228,208,32,176,349.7419,True,2312,2025-09-09T13:45:20.888317+00:00,256,3,
Classic-McEliece-6688128,KEM,5.0,5120,361.5097,0.591,0.2351,208,32,176,362.3358,True,2313,2025-09-09T13:45:21.353272+00:00,256,3,
Classic-McEliece-6688128,KEM,5.0,5120,569.6591,0.48,0.2488,208,32,176,570.3879,True,2314,2025-09-09T13:45:22.025628+00:00,256,3,
Classic-McEliece-6688128,KEM,5.0,5120,493.9271,0.5484,0.2392,208,32,176,494.7147,True,2315,2025-09-09T13:45:22.622632+00:00,256,3,
Classic-McEliece-6688128,KEM,5.0,5120,652.6278,0.5144,0.2067,208,32,176,653.3489,True,2316,2025-09-09T13:45:23.377859+00:00,256,3,
Classic-McEliece-6688128,KEM,5.0,5120,627.0308,0.8738,0.216,208,32,176,628.1205,True,2317,2025-09-09T13:45:24.108534+00:00,256,3,
Classic-McEliece-6688128,KEM,5.0,5120,403.2237,0.5225,0.172,208,32,176,403.9182,True,2318,2025-09-09T13:45:24.614469+00:00,256,3,
Classic-McEliece-6688128,KEM,5.0,5120,352.1011,0.4581,0.1866,208,32,176,352.7458,True,2319,2025-09-09T13:45:25.069640+00:00,256,3,
Classic-McEliece-6688128,KEM,5.0,5120,324.7451,0.5451,0.2896,208,32,176,325.5797,True,2320,2025-09-09T13:45:25.508903+00:00,256,3,
Classic-McEliece-6688128,KEM,5.0,5120,317.1918,0.6088,0.2015,208,32,176,318.002,True,2321,2025-09-09T13:45:25.928531+00:00,256,3,
Classic-McEliece-6688128,KEM,5.0,5120,337.1883,0.6462,0.2338,208,32,176,338.0683,True,2322,2025-09-09T13:45:26.368117+00:00,256,3,
Classic-McEliece-6688128,KEM,5.0,5120,500.0699,0.6197,0.2362,208,32,176,500.9258,True,2323,2025-09-09T13:45:26.971755+00:00,256,3,
Classic-McEliece-6688128,KEM,5.0,5120,533.6322,0.6427,0.1952,208,32,176,534.4701,True,2324,2025-09-09T13:45:27.613454+00:00,256,3,
Classic-McEliece-6688128,KEM,5.0,5120,402.6858,0.8612,0.3239,208,32,176,403.871,True,2325,2025-09-09T13:45:28.122517+00:00,256,3,
Classic-McEliece-6688128,KEM,5.0,5120,574.2259,0.7301,1.6017,208,32,176,576.5577,True,2326,2025-09-09T13:45:28.801365+00:00,256,3,
Classic-McEliece-6688128,KEM,5.0,5120,380.2076,1.2891,0.2195,208,32,176,381.7162,True,2327,2025-09-09T13:45:29.284765+00:00,256,3,
Classic-McEliece-6688128,KEM,5.0,5120,490.5808,0.6447,0.2255,208,32,176,491.451,True,2328,2025-09-09T13:45:29.884671+00:00,256,3,
Classic-McEliece-6688128,KEM,5.0,5120,529.1389,0.6078,0.233,208,32,176,529.9798,True,2329,2025-09-09T13:45:30.516254+00:00,256,3,
Classic-McEliece-6688128,KEM,5.0,5120,437.3264,0.6469,0.2231,208,32,176,438.1964,True,2330,2025-09-09T13:45:31.056524+00:00,256,3,
Classic-McEliece-6688128,KEM,5.0,5120,389.365,0.6205,0.2229,208,32,176,390.2084,True,2331,2025-09-09T13:45:31.548314+00:00,256,3,
Classic-McEliece-6688128,KEM,5.0,5120,303.7663,0.6114,0.2248,208,32,176,304.6024,True,2332,2025-09-09T13:45:31.955127+00:00,256,3,
Classic-McEliece-6688128,KEM,5.0,5120,388.0175,0.4967,0.1983,208,32,176,388.7125,True,2333,2025-09-09T13:45:32.446057+00:00,256,3,
Classic-McEliece-6688128,KEM,5.0,5120,389.7667,0.5727,0.2538,208,32,176,390.5931,True,2334,2025-09-09T13:45:32.939069+00:00,256,3,
Classic-McEliece-6688128,KEM,5.0,5120,282.321,0.4744,0.2233,208,32,176,283.0187,True,2335,2025-09-09T13:45:33.324877+00:00,256,3,
Classic-McEliece-6688128,KEM,5.0,5120,324.2503,0.9313,0.3395,208,32,176,325.5212,True,2336,2025-09-09T13:45:33.752450+00:00,256,3,
Classic-McEliece-6688128,KEM,5.0,5120,316.7068,0.8491,0.2814,208,32,176,317.8373,True,2337,2025-09-09T13:45:34.172114+00:00,256,3,
Classic-McEliece-6688128,KEM,5.0,5120,293.9816,0.5727,0.2198,208,32,176,294.7741,True,2338,2025-09-09T13:45:34.569492+00:00,256,3,
Classic-McEliece-6688128,KEM,5.0,5120,346.1959,0.6149,0.2334,208,32,176,347.0442,True,2339,2025-09-09T13:45:35.020100+00:00,256,3,
Classic-McEliece-6688128,KEM,5.0,5120,433.836,0.7908,0.2312,208,32,176,434.858,True,2340,2025-09-09T13:45:35.557024+00:00,256,3,
Classic-McEliece-6688128,KEM,5.0,5120,471.1549,0.5196,0.2582,208,32,176,471.9327,True,2341,2025-09-09T13:45:36.130879+00:00,256,3,
Classic-McEliece-6688128,KEM,5.0,5120,564.1457,0.462,0.1731,208,32,176,564.7807,True,2342,2025-09-09T13:45:36.797288+00:00,256,3,
Classic-McEliece-6688128,KEM,5.0,5120,292.9916,0.483,0.206,208,32,176,293.6806,True,2343,2025-09-09T13:45:37.192562+00:00,256,3,
Classic-McEliece-6688128,KEM,5.0,5120,394.4616,0.8843,0.4694,208,32,176,395.8153,True,2344,2025-09-09T13:45:37.690904+00:00,256,3,
Classic-McEliece-6688128,KEM,5.0,5120,290.0483,0.505,0.3351,208,32,176,290.8884,True,2345,2025-09-09T13:45:38.083683+00:00,256,3,
Classic-McEliece-6688128,KEM,5.0,5120,474.9522,0.4578,0.2239,208,32,176,475.6339,True,2346,2025-09-09T13:45:38.661399+00:00,256,3,
Classic-McEliece-6688128,KEM,5.0,5120,270.8541,0.4865,0.2346,208,32,176,271.5752,True,2347,2025-09-09T13:45:39.034928+00:00,256,3,
Classic-McEliece-6688128,KEM,5.0,5120,333.0651,0.5021,0.1916,208,32,176,333.7588,True,2348,2025-09-09T13:45:39.470542+00:00,256,3,
Classic-McEliece-6688128,KEM,5.0,5120,287.7741,0.4912,0.1758,208,32,176,288.4411,True,2349,2025-09-09T13:45:39.860793+00:00,256,3,
Classic-McEliece-6688128,KEM,5.0,5120,336.7708,0.5051,0.2231,208,32,176,337.499,True,2350,2025-09-09T13:45:40.299886+00:00,256,3,
Classic-McEliece-6688128,KEM,10.0,10240,637.5875,0.5495,0.2644,208,32,176,638.4014,True,2351,2025-09-09T13:45:41.041487+00:00,256,3,
Classic-McEliece-6688128,KEM,10.0,10240,820.7471,0.6282,0.2447,208,32,176,821.6199,True,2352,2025-09-09T13:45:41.988807+00:00,256,3,
Classic-McEliece-6688128,KEM,10.0,10240,416.2168,0.8388,0.2852,208,32,176,417.3408,True,2353,2025-09-09T13:45:42.509866+00:00,256,3,
Classic-McEliece-6688128,KEM,10.0,10240,404.0025,0.6512,0.2456,208,32,176,404.8993,True,2354,2025-09-09T13:45:43.018453+00:00,256,3,
Classic-McEliece-6688128,KEM,10.0,10240,385.512,0.6611,0.2149,208,32,176,386.388,True,2355,2025-09-09T13:45:43.507840+00:00,256,3,
Classic-McEliece-6688128,KEM,10.0,10240,380.744,0.59,0.5564,208,32,176,381.8904,True,2356,2025-09-09T13:45:43.992197+00:00,256,3,
Classic-McEliece-6688128,KEM,10.0,10240,326.73,0.457,0.2292,208,32,176,327.4162,True,2357,2025-09-09T13:45:44.423256+00:00,256,3,
Classic-McEliece-6688128,KEM,10.0,10240,307.2231,0.4868,0.1994,208,32,176,307.9093,True,2358,2025-09-09T13:45:44.834581+00:00,256,3,
Classic-McEliece-6688128,KEM,10.0,10240,556.2552,0.5372,0.2093,208,32,176,557.0016,True,2359,2025-09-09T13:45:45.494520+00:00,256,3,
Classic-McEliece-6688128,KEM,10.0,10240,471.0045,0.5296,0.2518,208,32,176,471.7858,True,2360,2025-09-09T13:45:46.069292+00:00,256,3,
Classic-McEliece-6688128,KEM,10.0,10240,322.4605,0.6033,0.2284,208,32,176,323.2922,True,2361,2025-09-09T13:45:46.495956+00:00,256,3,
Classic-McEliece-6688128,KEM,10.0,10240,333.8071,0.6324,0.2292,208,32,176,334.6687,True,2362,2025-09-09T13:45:46.934401+00:00,256,3,
Classic-McEliece-6688128,KEM,10.0,10240,333.9836,0.6777,0.2169,208,32,176,334.8782,True,2363,2025-09-09T13:45:47.372727+00:00,256,3,
Classic-McEliece-6688128,KEM,10.0,10240,311.6179,0.8108,0.2519,208,32,176,312.6806,True,2364,2025-09-09T13:45:47.788318+00:00,256,3,
Classic-McEliece-6688128,KEM,10.0,10240,336.3558,0.4739,0.2228,208,32,176,337.0525,True,2365,2025-09-09T13:45:48.228507+00:00,256,3,
Classic-McEliece-6688128,KEM,10.0,10240,475.3885,0.4906,0.2831,208,32,176,476.1622,True,2366,2025-09-09T13:45:48.807547+00:00,256,3,
Classic-McEliece-6688128,KEM,10.0,10240,310.0947,0.5213,0.2443,208,32,176,310.8602,True,2367,2025-09-09T13:45:49.221328+00:00,256,3,
Classic-McEliece-6688128,KEM,10.0,10240,356.5594,0.6036,0.2356,208,32,176,357.3987,True,2368,2025-09-09T13:45:49.681724+00:00,256,3,
Classic-McEliece-6688128,KEM,10.0,10240,249.7502,0.6334,0.2383,208,32,176,250.6218,True,2369,2025-09-09T13:45:50.036392+00:00,256,3,
Classic-McEliece-6688128,KEM,10.0,10240,466.2435,0.4573,0.2496,208,32,176,466.9504,True,2370,2025-09-09T13:45:50.606287+00:00,256,3,
Classic-McEliece-6688128,KEM,10.0,10240,425.3212,0.6387,0.2135,208,32,176,426.1735,True,2371,2025-09-09T13:45:51.136053+00:00,256,3,
Classic-McEliece-6688128,KEM,10.0,10240,429.4107,0.5087,0.241,208,32,176,430.1604,True,2372,2025-09-09T13:45:51.669112+00:00,256,3,
Classic-McEliece-6688128,KEM,10.0,10240,397.6518,0.4842,0.2721,208,32,176,398.4082,True,2373,2025-09-09T13:45:52.171241+00:00,256,3,
Classic-McEliece-6688128,KEM,10.0,10240,333.2455,0.4957,0.2523,208,32,176,333.9935,True,2374,2025-09-09T13:45:52.609065+00:00,256,3,
Classic-McEliece-6688128,KEM,10.0,10240,467.9472,0.4235,0.1751,208,32,176,468.5458,True,2375,2025-09-09T13:45:53.180256+00:00,256,3,
Classic-McEliece-6688128,KEM,10.0,10240,332.3485,0.6351,0.2263,208,32,176,333.2099,True,2376,2025-09-09T13:45:53.617164+00:00,256,3,
Classic-McEliece-6688128,KEM,10.0,10240,339.0193,0.6252,0.1996,208,32,176,339.8442,True,2377,2025-09-09T13:45:54.060459+00:00,256,3,
Classic-McEliece-6688128,KEM,10.0,10240,640.2718,0.5923,0.259,208,32,176,641.1231,True,2378,2025-09-09T13:45:54.805757+00:00,256,3,
Classic-McEliece-6688128,KEM,10.0,10240,411.5777,0.6576,0.9053,208,32,176,413.1407,True,2379,2025-09-09T13:45:55.322083+00:00,256,3,
Classic-McEliece-6688128,KEM,10.0,10240,300.1324,0.664,0.3197,208,32,176,301.116,True,2380,2025-09-09T13:45:55.727565+00:00,256,3,
Classic-McEliece-6688128,KEM,10.0,10240,320.9493,0.6875,0.229,208,32,176,321.8658,True,2381,2025-09-09T13:45:56.152820+00:00,256,3,
Classic-McEliece-6688128,KEM,10.0,10240,269.8122,0.6177,0.1839,208,32,176,270.6138,True,2382,2025-09-09T13:45:56.530227+00:00,256,3,
Classic-McEliece-6688128,KEM,10.0,10240,331.2013,0.6103,0.2874,208,32,176,332.0989,True,2383,2025-09-09T13:45:56.967567+00:00,256,3,
Classic-McEliece-6688128,KEM,10.0,10240,479.4681,0.5557,0.3323,208,32,176,480.3561,True,2384,2025-09-09T13:45:57.551621+00:00,256,3,
Classic-McEliece-6688128,KEM,10.0,10240,697.6933,0.5691,0.2329,208,32,176,698.4952,True,2385,2025-09-09T13:45:58.355146+00:00,256,3,
Classic-McEliece-6688128,KEM,10.0,10240,327.8281,0.553,0.2308,208,32,176,328.612,True,2386,2025-09-09T13:45:58.786717+00:00,256,3,
Classic-McEliece-6688128,KEM,10.0,10240,345.9477,0.7326,0.2736,208,32,176,346.9539,True,2387,2025-09-09T13:45:59.236813+00:00,256,3,
Classic-McEliece-6688128,KEM,10.0,10240,293.31,0.5194,0.2026,208,32,176,294.0319,True,2388,2025-09-09T13:45:59.634071+00:00,256,3,
Classic-McEliece-6688128,KEM,10.0,10240,314.3234,0.5286,0.2179,208,32,176,315.07,True,2389,2025-09-09T13:46:00.052351+00:00,256,3,
Classic-McEliece-6688128,KEM,10.0,10240,423.4538,0.4621,0.2125,208,32,176,424.1284,True,2390,2025-09-09T13:46:00.579351+00:00,256,3,
Classic-McEliece-6688128,KEM,10.0,10240,298.1099,0.5413,0.238,208,32,176,298.8893,True,2391,2025-09-09T13:46:00.981096+00:00,256,3,
Classic-McEliece-6688128,KEM,10.0,10240,298.4219,0.5494,0.1898,208,32,176,299.1611,True,2392,2025-09-09T13:46:01.384613+00:00,256,3,
Classic-McEliece-6688128,KEM,10.0,10240,320.4118,0.5371,0.2825,208,32,176,321.2314,True,2393,2025-09-09T13:46:01.809874+00:00,256,3,
Classic-McEliece-6688128,KEM,10.0,10240,436.5804,0.4727,0.2376,208,32,176,437.2907,True,2394,2025-09-09T13:46:02.351344+00:00,256,3,
Classic-McEliece-6688128,KEM,10.0,10240,402.6158,0.5809,0.2211,208,32,176,403.4178,True,2395,2025-09-09T13:46:02.857536+00:00,256,3,
Classic-McEliece-6688128,KEM,10.0,10240,866.7565,0.5824,0.2185,208,32,176,867.5574,True,2396,2025-09-09T13:46:03.829051+00:00,256,3,
Classic-McEliece-6688128,KEM,10.0,10240,452.4015,0.4365,0.2326,208,32,176,453.0706,True,2397,2025-09-09T13:46:04.386409+00:00,256,3,
Classic-McEliece-6688128,KEM,10.0,10240,334.2758,0.6135,0.2223,208,32,176,335.1116,True,2398,2025-09-09T13:46:04.824109+00:00,256,3,
Classic-McEliece-6688128,KEM,10.0,10240,347.9947,0.6424,0.2621,208,32,176,348.8991,True,2399,2025-09-09T13:46:05.276341+00:00,256,3,
Classic-McEliece-6688128,KEM,10.0,10240,1374.8764,0.611,0.2649,208,32,176,1375.7523,True,2400,2025-09-09T13:46:06.754637+00:00,256,3,
Classic-McEliece-6688128f,KEM,0.1,102,536.6974,0.6369,0.2559,208,32,176,537.5902,True,2401,2025-09-09T13:46:07.396783+00:00,256,3,
Classic-McEliece-6688128f,KEM,0.1,102,314.8811,0.5822,0.2138,208,32,176,315.6771,True,2402,2025-09-09T13:46:07.814219+00:00,256,3,
Classic-McEliece-6688128f,KEM,0.1,102,307.6571,0.5085,0.2102,208,32,176,308.3758,True,2403,2025-09-09T13:46:08.223207+00:00,256,3,
Classic-McEliece-6688128f,KEM,0.1,102,335.3249,0.5647,0.2123,208,32,176,336.1018,True,2404,2025-09-09T13:46:08.659885+00:00,256,3,
Classic-McEliece-6688128f,KEM,0.1,102,304.5942,0.5362,0.2433,208,32,176,305.3738,True,2405,2025-09-09T13:46:09.065855+00:00,256,3,
Classic-McEliece-6688128f,KEM,0.1,102,315.6777,0.4587,0.2011,208,32,176,316.3374,True,2406,2025-09-09T13:46:09.482942+00:00,256,3,
Classic-McEliece-6688128f,KEM,0.1,102,280.8266,0.5087,0.2038,208,32,176,281.5391,True,2407,2025-09-09T13:46:09.865143+00:00,256,3,
Classic-McEliece-6688128f,KEM,0.1,102,328.7558,0.5348,0.2432,208,32,176,329.5338,True,2408,2025-09-09T13:46:10.295266+00:00,256,3,
Classic-McEliece-6688128f,KEM,0.1,102,289.9656,0.5357,0.2361,208,32,176,290.7374,True,2409,2025-09-09T13:46:10.686682+00:00,256,3,
Classic-McEliece-6688128f,KEM,0.1,102,277.2117,0.4819,0.2006,208,32,176,277.8941,True,2410,2025-09-09T13:46:11.065199+00:00,256,3,
Classic-McEliece-6688128f,KEM,0.1,102,287.979,0.5642,0.2408,208,32,176,288.7841,True,2411,2025-09-09T13:46:11.454520+00:00,256,3,
Classic-McEliece-6688128f,KEM,0.1,102,377.7169,0.4949,0.2085,208,32,176,378.4204,True,2412,2025-09-09T13:46:11.933479+00:00,256,3,
Classic-McEliece-6688128f,KEM,0.1,102,339.4753,0.4771,0.2305,208,32,176,340.1829,True,2413,2025-09-09T13:46:12.374280+00:00,256,3,
Classic-McEliece-6688128f,KEM,0.1,102,401.7662,0.407,0.2403,208,32,176,402.4135,True,2414,2025-09-09T13:46:12.877324+00:00,256,3,
Classic-McEliece-6688128f,KEM,0.1,102,295.5918,0.533,0.2159,208,32,176,296.3407,True,2415,2025-09-09T13:46:13.274221+00:00,256,3,
Classic-McEliece-6688128f,KEM,0.1,102,296.5487,0.6252,0.2131,208,32,176,297.387,True,2416,2025-09-09T13:46:13.672200+00:00,256,3,
Classic-McEliece-6688128f,KEM,0.1,102,296.5885,0.6206,0.2158,208,32,176,297.4249,True,2417,2025-09-09T13:46:14.070205+00:00,256,3,
Classic-McEliece-6688128f,KEM,0.1,102,311.6273,0.5201,0.2219,208,32,176,312.3694,True,2418,2025-09-09T13:46:14.483192+00:00,256,3,
Classic-McEliece-6688128f,KEM,0.1,102,266.1883,0.5447,0.2721,208,32,176,267.0052,True,2419,2025-09-09T13:46:14.851074+00:00,256,3,
Classic-McEliece-6688128f,KEM,0.1,102,300.5845,0.5662,0.2011,208,32,176,301.3518,True,2420,2025-09-09T13:46:15.253005+00:00,256,3,
Classic-McEliece-6688128f,KEM,0.1,102,306.8826,0.5302,0.2099,208,32,176,307.6227,True,2421,2025-09-09T13:46:15.663099+00:00,256,3,
Classic-McEliece-6688128f,KEM,0.1,102,298.5903,0.6358,0.2453,208,32,176,299.4713,True,2422,2025-09-09T13:46:16.063170+00:00,256,3,
Classic-McEliece-6688128f,KEM,0.1,102,312.7069,0.563,0.2005,208,32,176,313.4704,True,2423,2025-09-09T13:46:16.477534+00:00,256,3,
Classic-McEliece-6688128f,KEM,0.1,102,343.3242,0.9272,0.2499,208,32,176,344.5013,True,2424,2025-09-09T13:46:16.922944+00:00,256,3,
Classic-McEliece-6688128f,KEM,0.1,102,332.6991,0.6518,0.1735,208,32,176,333.5244,True,2425,2025-09-09T13:46:17.357309+00:00,256,3,
Classic-McEliece-6688128f,KEM,0.1,102,311.9033,0.5706,0.4021,208,32,176,312.8759,True,2426,2025-09-09T13:46:17.771024+00:00,256,3,
Classic-McEliece-6688128f,KEM,0.1,102,273.694,0.4479,0.2548,208,32,176,274.3967,True,2427,2025-09-09T13:46:18.147065+00:00,256,3,
Classic-McEliece-6688128f,KEM,0.1,102,318.685,0.5603,0.2365,208,32,176,319.4818,True,2428,2025-09-09T13:46:18.567349+00:00,256,3,
Classic-McEliece-6688128f,KEM,0.1,102,277.657,0.5268,0.1943,208,32,176,278.3781,True,2429,2025-09-09T13:46:18.946592+00:00,256,3,
Classic-McEliece-6688128f,KEM,0.1,102,322.2636,0.6129,0.384,208,32,176,323.2605,True,2430,2025-09-09T13:46:19.370731+00:00,256,3,
Classic-McEliece-6688128f,KEM,0.1,102,371.8664,0.6361,0.254,208,32,176,372.7566,True,2431,2025-09-09T13:46:19.844366+00:00,256,3,
Classic-McEliece-6688128f,KEM,0.1,102,360.0694,0.6389,0.2668,208,32,176,360.9751,True,2432,2025-09-09T13:46:20.306149+00:00,256,3,
Classic-McEliece-6688128f,KEM,0.1,102,414.4233,0.5464,0.1521,208,32,176,415.1219,True,2433,2025-09-09T13:46:20.822132+00:00,256,3,
Classic-McEliece-6688128f,KEM,0.1,102,342.5427,0.5854,0.184,208,32,176,343.3121,True,2434,2025-09-09T13:46:21.267069+00:00,256,3,
Classic-McEliece-6688128f,KEM,0.1,102,361.2878,0.5151,0.2535,208,32,176,362.0563,True,2435,2025-09-09T13:46:21.730291+00:00,256,3,
Classic-McEliece-6688128f,KEM,0.1,102,328.0015,0.6341,0.1848,208,32,176,328.8204,True,2436,2025-09-09T13:46:22.159906+00:00,256,3,
Classic-McEliece-6688128f,KEM,0.1,102,332.0968,0.5943,0.4584,208,32,176,333.1495,True,2437,2025-09-09T13:46:22.593756+00:00,256,3,
Classic-McEliece-6688128f,KEM,0.1,102,295.6342,0.7043,0.2258,208,32,176,296.5644,True,2438,2025-09-09T13:46:22.991070+00:00,256,3,
Classic-McEliece-6688128f,KEM,0.1,102,310.5552,0.5411,0.2364,208,32,176,311.3327,True,2439,2025-09-09T13:46:23.403267+00:00,256,3,
Classic-McEliece-6688128f,KEM,0.1,102,362.159,0.4772,0.1774,208,32,176,362.8136,True,2440,2025-09-09T13:46:23.866925+00:00,256,3,
Classic-McEliece-6688128f,KEM,0.1,102,275.1377,0.7131,0.2568,208,32,176,276.1075,True,2441,2025-09-09T13:46:24.243835+00:00,256,3,
Classic-McEliece-6688128f,KEM,0.1,102,302.2741,0.8478,0.2155,208,32,176,303.3374,True,2442,2025-09-09T13:46:24.648177+00:00,256,3,
Classic-McEliece-6688128f,KEM,0.1,102,346.2384,0.49,0.2155,208,32,176,346.9438,True,2443,2025-09-09T13:46:25.096313+00:00,256,3,
Classic-McEliece-6688128f,KEM,0.1,102,260.3702,0.4737,0.2094,208,32,176,261.0533,True,2444,2025-09-09T13:46:25.458332+00:00,256,3,
Classic-McEliece-6688128f,KEM,0.1,102,255.6996,0.4925,0.1721,208,32,176,256.3642,True,2445,2025-09-09T13:46:25.815692+00:00,256,3,
Classic-McEliece-6688128f,KEM,0.1,102,301.5495,0.4259,0.2121,208,32,176,302.1875,True,2446,2025-09-09T13:46:26.222067+00:00,256,3,
Classic-McEliece-6688128f,KEM,0.1,102,259.4352,0.6537,0.2803,208,32,176,260.3692,True,2447,2025-09-09T13:46:26.583334+00:00,256,3,
Classic-McEliece-6688128f,KEM,0.1,102,282.9419,0.5552,0.2065,208,32,176,283.7036,True,2448,2025-09-09T13:46:26.967943+00:00,256,3,
Classic-McEliece-6688128f,KEM,0.1,102,269.4323,0.6341,0.3989,208,32,176,270.4653,True,2449,2025-09-09T13:46:27.339410+00:00,256,3,
Classic-McEliece-6688128f,KEM,0.1,102,317.6774,0.5687,0.256,208,32,176,318.5021,True,2450,2025-09-09T13:46:27.759015+00:00,256,3,
Classic-McEliece-6688128f,KEM,0.5,512,292.6677,0.4901,0.2524,208,32,176,293.4103,True,2451,2025-09-09T13:46:28.153573+00:00,256,3,
Classic-McEliece-6688128f,KEM,0.5,512,312.6387,0.5621,0.2087,208,32,176,313.4095,True,2452,2025-09-09T13:46:28.567960+00:00,256,3,
Classic-McEliece-6688128f,KEM,0.5,512,281.852,0.4543,0.2192,208,32,176,282.5255,True,2453,2025-09-09T13:46:28.951588+00:00,256,3,
Classic-McEliece-6688128f,KEM,0.5,512,273.0186,0.4799,0.1815,208,32,176,273.68,True,2454,2025-09-09T13:46:29.326265+00:00,256,3,
Classic-McEliece-6688128f,KEM,0.5,512,271.3315,0.6059,0.2907,208,32,176,272.2282,True,2455,2025-09-09T13:46:29.699525+00:00,256,3,
Classic-McEliece-6688128f,KEM,0.5,512,284.2591,0.6652,0.2105,208,32,176,285.1348,True,2456,2025-09-09T13:46:30.085801+00:00,256,3,
Classic-McEliece-6688128f,KEM,0.5,512,270.1506,0.4242,0.17,208,32,176,270.7448,True,2457,2025-09-09T13:46:30.457499+00:00,256,3,
Classic-McEliece-6688128f,KEM,0.5,512,317.5664,0.6465,0.2208,208,32,176,318.4337,True,2458,2025-09-09T13:46:30.876988+00:00,256,3,
Classic-McEliece-6688128f,KEM,0.5,512,249.6679,1.8362,1.0868,208,32,176,252.5909,True,2459,2025-09-09T13:46:31.230916+00:00,256,3,
Classic-McEliece-6688128f,KEM,0.5,512,286.0901,0.6034,0.191,208,32,176,286.8844,True,2460,2025-09-09T13:46:31.620027+00:00,256,3,
Classic-McEliece-6688128f,KEM,0.5,512,367.5244,0.4638,0.1891,208,32,176,368.1774,True,2461,2025-09-09T13:46:32.089115+00:00,256,3,
Classic-McEliece-6688128f,KEM,0.5,512,259.3677,0.5186,0.1712,208,32,176,260.0575,True,2462,2025-09-09T13:46:32.450003+00:00,256,3,
Classic-McEliece-6688128f,KEM,0.5,512,275.4717,0.4825,0.2172,208,32,176,276.1713,True,2463,2025-09-09T13:46:32.827184+00:00,256,3,
Classic-McEliece-6688128f,KEM,0.5,512,331.2571,0.5153,0.2327,208,32,176,332.005,True,2464,2025-09-09T13:46:33.260091+00:00,256,3,
Classic-McEliece-6688128f,KEM,0.5,512,320.7066,0.5498,0.2357,208,32,176,321.4922,True,2465,2025-09-09T13:46:33.682430+00:00,256,3,
Classic-McEliece-6688128f,KEM,0.5,512,245.0321,0.4599,0.2011,208,32,176,245.693,True,2466,2025-09-09T13:46:34.029266+00:00,256,3,
Classic-McEliece-6688128f,KEM,0.5,512,258.78,0.4083,0.2086,208,32,176,259.3968,True,2467,2025-09-09T13:46:34.389624+00:00,256,3,
Classic-McEliece-6688128f,KEM,0.5,512,244.9288,0.5211,0.2152,208,32,176,245.6651,True,2468,2025-09-09T13:46:34.736252+00:00,256,3,
Classic-McEliece-6688128f,KEM,0.5,512,239.1424,0.5712,0.205,208,32,176,239.9186,True,2469,2025-09-09T13:46:35.077168+00:00,256,3,
Classic-McEliece-6688128f,KEM,0.5,512,339.6892,0.4739,0.2424,208,32,176,340.4055,True,2470,2025-09-09T13:46:35.518395+00:00,256,3,
Classic-McEliece-6688128f,KEM,0.5,512,246.688,0.4281,0.1941,208,32,176,247.3102,True,2471,2025-09-09T13:46:35.866848+00:00,256,3,
Classic-McEliece-6688128f,KEM,0.5,512,243.6644,0.5151,0.2302,208,32,176,244.4097,True,2472,2025-09-09T13:46:36.212425+00:00,256,3,
Classic-McEliece-6688128f,KEM,0.5,512,256.4262,0.4155,0.2085,208,32,176,257.0502,True,2473,2025-09-09T13:46:36.570453+00:00,256,3,
Classic-McEliece-6688128f,KEM,0.5,512,256.1248,0.5278,0.2035,208,32,176,256.8561,True,2474,2025-09-09T13:46:36.928309+00:00,256,3,
Classic-McEliece-6688128f,KEM,0.5,512,335.0199,0.5202,0.2131,208,32,176,335.7532,True,2475,2025-09-09T13:46:37.365100+00:00,256,3,
Classic-McEliece-6688128f,KEM,0.5,512,388.0416,0.4844,0.2776,208,32,176,388.8036,True,2476,2025-09-09T13:46:37.854974+00:00,256,3,
Classic-McEliece-6688128f,KEM,0.5,512,243.6607,0.6158,0.1813,208,32,176,244.4578,True,2477,2025-09-09T13:46:38.200612+00:00,256,3,
Classic-McEliece-6688128f,KEM,0.5,512,316.6948,0.4617,0.174,208,32,176,317.3305,True,2478,2025-09-09T13:46:38.618930+00:00,256,3,
Classic-McEliece-6688128f,KEM,0.5,512,438.3994,0.5474,0.2746,208,32,176,439.2213,True,2479,2025-09-09T13:46:39.159213+00:00,256,3,
Classic-McEliece-6688128f,KEM,0.5,512,235.1742,0.3466,0.1784,208,32,176,235.6993,True,2480,2025-09-09T13:46:39.496168+00:00,256,3,
Classic-McEliece-6688128f,KEM,0.5,512,404.3609,0.6553,0.3023,208,32,176,405.3186,True,2481,2025-09-09T13:46:40.002431+00:00,256,3,
Classic-McEliece-6688128f,KEM,0.5,512,308.7682,0.4627,0.1765,208,32,176,309.4074,True,2482,2025-09-09T13:46:40.413044+00:00,256,3,
Classic-McEliece-6688128f,KEM,0.5,512,255.5645,0.5697,0.2173,208,32,176,256.3515,True,2483,2025-09-09T13:46:40.770272+00:00,256,3,
Classic-McEliece-6688128f,KEM,0.5,512,277.4344,0.4698,0.2078,208,32,176,278.1119,True,2484,2025-09-09T13:46:41.149251+00:00,256,3,
Classic-McEliece-6688128f,KEM,0.5,512,261.9455,0.4297,0.1956,208,32,176,262.5708,True,2485,2025-09-09T13:46:41.512749+00:00,256,3,
Classic-McEliece-6688128f,KEM,0.5,512,256.918,0.4734,0.2083,208,32,176,257.5996,True,2486,2025-09-09T13:46:41.871146+00:00,256,3,
Classic-McEliece-6688128f,KEM,0.5,512,270.7634,0.4877,0.2319,208,32,176,271.483,True,2487,2025-09-09T13:46:42.243533+00:00,256,3,
Classic-McEliece-6688128f,KEM,0.5,512,274.3624,0.4294,0.2513,208,32,176,275.0431,True,2488,2025-09-09T13:46:42.619493+00:00,256,3,
Classic-McEliece-6688128f,KEM,0.5,512,260.0871,0.3928,0.1809,208,32,176,260.6608,True,2489,2025-09-09T13:46:42.980986+00:00,256,3,
Classic-McEliece-6688128f,KEM,0.5,512,348.5702,0.5884,0.2198,208,32,176,349.3784,True,2490,2025-09-09T13:46:43.431140+00:00,256,3,
Classic-McEliece-6688128f,KEM,0.5,512,283.0726,0.6745,0.2314,208,32,176,283.9784,True,2491,2025-09-09T13:46:43.817258+00:00,256,3,
Classic-McEliece-6688128f,KEM,0.5,512,287.0761,0.5874,0.2547,208,32,176,287.9182,True,2492,2025-09-09T13:46:44.206111+00:00,256,3,
Classic-McEliece-6688128f,KEM,0.5,512,415.1695,0.52,0.2746,208,32,176,415.9642,True,2493,2025-09-09T13:46:44.723045+00:00,256,3,
Classic-McEliece-6688128f,KEM,0.5,512,509.0565,0.6034,0.2318,208,32,176,509.8917,True,2494,2025-09-09T13:46:45.333941+00:00,256,3,
Classic-McEliece-6688128f,KEM,0.5,512,313.5425,0.5406,0.2349,208,32,176,314.3181,True,2495,2025-09-09T13:46:45.749290+00:00,256,3,
Classic-McEliece-6688128f,KEM,0.5,512,305.902,0.4514,0.1925,208,32,176,306.5459,True,2496,2025-09-09T13:46:46.156916+00:00,256,3,
Classic-McEliece-6688128f,KEM,0.5,512,273.282,0.5443,0.2032,208,32,176,274.0295,True,2497,2025-09-09T13:46:46.531929+00:00,256,3,
Classic-McEliece-6688128f,KEM,0.5,512,281.0427,0.5889,0.2059,208,32,176,281.8375,True,2498,2025-09-09T13:46:46.914880+00:00,256,3,
Classic-McEliece-6688128f,KEM,0.5,512,254.1532,0.3731,0.2506,208,32,176,254.7769,True,2499,2025-09-09T13:46:47.270845+00:00,256,3,
Classic-McEliece-6688128f,KEM,0.5,512,273.2932,0.5141,0.2138,208,32,176,274.0211,True,2500,2025-09-09T13:46:47.645815+00:00,256,3,
Classic-McEliece-6688128f,KEM,1.0,1024,286.5659,0.4931,0.1714,208,32,176,287.2304,True,2501,2025-09-09T13:46:48.034212+00:00,256,3,
Classic-McEliece-6688128f,KEM,1.0,1024,294.3363,0.6077,0.3014,208,32,176,295.2454,True,2502,2025-09-09T13:46:48.430695+00:00,256,3,
Classic-McEliece-6688128f,KEM,1.0,1024,262.2378,0.3677,0.2028,208,32,176,262.8083,True,2503,2025-09-09T13:46:48.794700+00:00,256,3,
Classic-McEliece-6688128f,KEM,1.0,1024,295.6205,0.5063,0.2109,208,32,176,296.3377,True,2504,2025-09-09T13:46:49.192327+00:00,256,3,
Classic-McEliece-6688128f,KEM,1.0,1024,269.3424,0.5649,0.1905,208,32,176,270.0978,True,2505,2025-09-09T13:46:49.563713+00:00,256,3,
Classic-McEliece-6688128f,KEM,1.0,1024,257.3913,0.3857,0.1713,208,32,176,257.9482,True,2506,2025-09-09T13:46:49.922805+00:00,256,3,
Classic-McEliece-6688128f,KEM,1.0,1024,261.42,0.565,0.2485,208,32,176,262.2334,True,2507,2025-09-09T13:46:50.286195+00:00,256,3,
Classic-McEliece-6688128f,KEM,1.0,1024,259.6466,0.5854,0.2479,208,32,176,260.4798,True,2508,2025-09-09T13:46:50.648075+00:00,256,3,
Classic-McEliece-6688128f,KEM,1.0,1024,264.0501,0.5724,0.1752,208,32,176,264.7977,True,2509,2025-09-09T13:46:51.014051+00:00,256,3,
Classic-McEliece-6688128f,KEM,1.0,1024,266.969,0.5134,0.2355,208,32,176,267.7179,True,2510,2025-09-09T13:46:51.382882+00:00,256,3,
Classic-McEliece-6688128f,KEM,1.0,1024,245.9961,0.366,0.1866,208,32,176,246.5487,True,2511,2025-09-09T13:46:51.730724+00:00,256,3,
Classic-McEliece-6688128f,KEM,1.0,1024,252.8429,0.4855,0.2026,208,32,176,253.531,True,2512,2025-09-09T13:46:52.085453+00:00,256,3,
Classic-McEliece-6688128f,KEM,1.0,1024,319.1241,0.4971,0.2003,208,32,176,319.8215,True,2513,2025-09-09T13:46:52.506297+00:00,256,3,
Classic-McEliece-6688128f,KEM,1.0,1024,263.289,0.4492,0.1826,208,32,176,263.9207,True,2514,2025-09-09T13:46:52.871358+00:00,256,3,
Classic-McEliece-6688128f,KEM,1.0,1024,285.0979,0.4704,0.2068,208,32,176,285.775,True,2515,2025-09-09T13:46:53.258397+00:00,256,3,
Classic-McEliece-6688128f,KEM,1.0,1024,254.6488,0.4273,0.2049,208,32,176,255.281,True,2516,2025-09-09T13:46:53.614817+00:00,256,3,
Classic-McEliece-6688128f,KEM,1.0,1024,388.9565,0.5629,0.2659,208,32,176,389.7853,True,2517,2025-09-09T13:46:54.105866+00:00,256,3,
Classic-McEliece-6688128f,KEM,1.0,1024,283.4988,0.551,0.2894,208,32,176,284.3392,True,2518,2025-09-09T13:46:54.491581+00:00,256,3,
Classic-McEliece-6688128f,KEM,1.0,1024,285.014,0.6018,0.2318,208,32,176,285.8475,True,2519,2025-09-09T13:46:54.878379+00:00,256,3,
Classic-McEliece-6688128f,KEM,1.0,1024,289.8145,0.6876,0.2229,208,32,176,290.725,True,2520,2025-09-09T13:46:55.270127+00:00,256,3,
Classic-McEliece-6688128f,KEM,1.0,1024,356.4048,0.5818,0.1805,208,32,176,357.1671,True,2521,2025-09-09T13:46:55.729152+00:00,256,3,
Classic-McEliece-6688128f,KEM,1.0,1024,336.4579,0.5356,0.2378,208,32,176,337.2313,True,2522,2025-09-09T13:46:56.167490+00:00,256,3,
Classic-McEliece-6688128f,KEM,1.0,1024,301.2266,0.5785,0.217,208,32,176,302.0221,True,2523,2025-09-09T13:46:56.570498+00:00,256,3,
Classic-McEliece-6688128f,KEM,1.0,1024,519.3058,0.5698,0.2198,208,32,176,520.0953,True,2524,2025-09-09T13:46:57.194845+00:00,256,3,
Classic-McEliece-6688128f,KEM,1.0,1024,313.8781,0.6226,0.2325,208,32,176,314.7333,True,2525,2025-09-09T13:46:57.618307+00:00,256,3,
Classic-McEliece-6688128f,KEM,1.0,1024,360.0931,0.5699,0.2215,208,32,176,360.8845,True,2526,2025-09-09T13:46:58.084547+00:00,256,3,
Classic-McEliece-6688128f,KEM,1.0,1024,352.2202,0.6034,0.2024,208,32,176,353.026,True,2527,2025-09-09T13:46:58.538973+00:00,256,3,
Classic-McEliece-6688128f,KEM,1.0,1024,321.464,0.5669,0.256,208,32,176,322.2869,True,2528,2025-09-09T13:46:58.962253+00:00,256,3,
Classic-McEliece-6688128f,KEM,1.0,1024,299.56,0.5417,0.2815,208,32,176,300.3832,True,2529,2025-09-09T13:46:59.363629+00:00,256,3,
Classic-McEliece-6688128f,KEM,1.0,1024,317.1451,0.5996,0.1747,208,32,176,317.9194,True,2530,2025-09-09T13:46:59.782529+00:00,256,3,
Classic-McEliece-6688128f,KEM,1.0,1024,338.8516,0.6875,0.2206,208,32,176,339.7597,True,2531,2025-09-09T13:47:00.223305+00:00,256,3,
Classic-McEliece-6688128f,KEM,1.0,1024,279.8106,0.6506,0.2183,208,32,176,280.6795,True,2532,2025-09-09T13:47:00.605774+00:00,256,3,
Classic-McEliece-6688128f,KEM,1.0,1024,279.4468,0.6556,0.2785,208,32,176,280.381,True,2533,2025-09-09T13:47:00.987177+00:00,256,3,
Classic-McEliece-6688128f,KEM,1.0,1024,277.1032,0.4311,0.1693,208,32,176,277.7036,True,2534,2025-09-09T13:47:01.366338+00:00,256,3,
Classic-McEliece-6688128f,KEM,1.0,1024,367.5581,0.5567,0.3116,208,32,176,368.4264,True,2535,2025-09-09T13:47:01.835763+00:00,256,3,
Classic-McEliece-6688128f,KEM,1.0,1024,285.7899,0.5628,0.28,208,32,176,286.6328,True,2536,2025-09-09T13:47:02.223523+00:00,256,3,
Classic-McEliece-6688128f,KEM,1.0,1024,360.2848,0.5348,0.2434,208,32,176,361.063,True,2537,2025-09-09T13:47:02.685553+00:00,256,3,
Classic-McEliece-6688128f,KEM,1.0,1024,359.1291,0.5744,0.204,208,32,176,359.9075,True,2538,2025-09-09T13:47:03.147309+00:00,256,3,
Classic-McEliece-6688128f,KEM,1.0,1024,381.8673,0.7348,0.2873,208,32,176,382.8894,True,2539,2025-09-09T13:47:03.631209+00:00,256,3,
Classic-McEliece-6688128f,KEM,1.0,1024,434.0594,0.4921,0.2496,208,32,176,434.8011,True,2540,2025-09-09T13:47:04.167265+00:00,256,3,
Classic-McEliece-6688128f,KEM,1.0,1024,371.0405,0.6556,0.2291,208,32,176,371.9252,True,2541,2025-09-09T13:47:04.640167+00:00,256,3,
Classic-McEliece-6688128f,KEM,1.0,1024,496.7534,0.5682,0.2238,208,32,176,497.5453,True,2542,2025-09-09T13:47:05.248475+00:00,256,3,
Classic-McEliece-6688128f,KEM,1.0,1024,407.3721,0.5936,0.2516,208,32,176,408.2173,True,2543,2025-09-09T13:47:05.757593+00:00,256,3,
Classic-McEliece-6688128f,KEM,1.0,1024,462.2939,0.7764,0.2365,208,32,176,463.3067,True,2544,2025-09-09T13:47:06.325255+00:00,256,3,
Classic-McEliece-6688128f,KEM,1.0,1024,396.1854,0.6781,0.3263,208,32,176,397.1898,True,2545,2025-09-09T13:47:06.823794+00:00,256,3,
Classic-McEliece-6688128f,KEM,1.0,1024,442.9238,2.5417,0.2619,208,32,176,445.7274,True,2546,2025-09-09T13:47:07.370585+00:00,256,3,
Classic-McEliece-6688128f,KEM,1.0,1024,425.0581,0.5805,0.2456,208,32,176,425.8842,True,2547,2025-09-09T13:47:07.897856+00:00,256,3,
Classic-McEliece-6688128f,KEM,1.0,1024,325.0927,0.649,0.2416,208,32,176,325.9834,True,2548,2025-09-09T13:47:08.324859+00:00,256,3,
Classic-McEliece-6688128f,KEM,1.0,1024,321.5374,0.5137,0.2375,208,32,176,322.2885,True,2549,2025-09-09T13:47:08.748267+00:00,256,3,
Classic-McEliece-6688128f,KEM,1.0,1024,448.7865,0.5682,0.2954,208,32,176,449.6502,True,2550,2025-09-09T13:47:09.298949+00:00,256,3,
Classic-McEliece-6688128f,KEM,2.0,2048,274.0904,0.5433,0.5609,208,32,176,275.1945,True,2551,2025-09-09T13:47:09.675574+00:00,256,3,
Classic-McEliece-6688128f,KEM,2.0,2048,299.7864,0.6671,0.2217,208,32,176,300.6752,True,2552,2025-09-09T13:47:10.077635+00:00,256,3,
Classic-McEliece-6688128f,KEM,2.0,2048,299.2365,0.616,0.22,208,32,176,300.0724,True,2553,2025-09-09T13:47:10.478862+00:00,256,3,
Classic-McEliece-6688128f,KEM,2.0,2048,326.7413,0.8034,0.2801,208,32,176,327.8247,True,2554,2025-09-09T13:47:10.908002+00:00,256,3,
Classic-McEliece-6688128f,KEM,2.0,2048,349.9783,0.7146,0.2113,208,32,176,350.9042,True,2555,2025-09-09T13:47:11.360198+00:00,256,3,
Classic-McEliece-6688128f,KEM,2.0,2048,286.8465,0.5755,0.2183,208,32,176,287.6404,True,2556,2025-09-09T13:47:11.748918+00:00,256,3,
Classic-McEliece-6688128f,KEM,2.0,2048,408.1697,0.6516,0.2861,208,32,176,409.1073,True,2557,2025-09-09T13:47:12.259663+00:00,256,3,
Classic-McEliece-6688128f,KEM,2.0,2048,377.6974,0.4673,0.2434,208,32,176,378.4081,True,2558,2025-09-09T13:47:12.740248+00:00,256,3,
Classic-McEliece-6688128f,KEM,2.0,2048,391.6272,0.5999,0.2798,208,32,176,392.5069,True,2559,2025-09-09T13:47:13.233993+00:00,256,3,
Classic-McEliece-6688128f,KEM,2.0,2048,274.9937,0.456,0.2084,208,32,176,275.6582,True,2560,2025-09-09T13:47:13.611203+00:00,256,3,
Classic-McEliece-6688128f,KEM,2.0,2048,294.1708,0.5276,0.2435,208,32,176,294.9419,True,2561,2025-09-09T13:47:14.007595+00:00,256,3,
Classic-McEliece-6688128f,KEM,2.0,2048,268.8305,0.7846,0.2284,208,32,176,269.8435,True,2562,2025-09-09T13:47:14.378941+00:00,256,3,
Classic-McEliece-6688128f,KEM,2.0,2048,252.954,0.5984,0.2133,208,32,176,253.7656,True,2563,2025-09-09T13:47:14.734231+00:00,256,3,
Classic-McEliece-6688128f,KEM,2.0,2048,275.1929,0.5709,0.2741,208,32,176,276.0379,True,2564,2025-09-09T13:47:15.111803+00:00,256,3,
Classic-McEliece-6688128f,KEM,2.0,2048,285.1937,0.5086,0.2458,208,32,176,285.9482,True,2565,2025-09-09T13:47:15.499031+00:00,256,3,
Classic-McEliece-6688128f,KEM,2.0,2048,343.0457,0.7308,0.2154,208,32,176,343.992,True,2566,2025-09-09T13:47:15.944341+00:00,256,3,
Classic-McEliece-6688128f,KEM,2.0,2048,254.7208,0.6092,0.2113,208,32,176,255.5413,True,2567,2025-09-09T13:47:16.301094+00:00,256,3,
Classic-McEliece-6688128f,KEM,2.0,2048,390.5381,0.5301,0.2411,208,32,176,391.3093,True,2568,2025-09-09T13:47:16.793722+00:00,256,3,
Classic-McEliece-6688128f,KEM,2.0,2048,350.8554,0.7396,0.4855,208,32,176,352.0804,True,2569,2025-09-09T13:47:17.246994+00:00,256,3,
Classic-McEliece-6688128f,KEM,2.0,2048,337.8698,0.6794,0.2641,208,32,176,338.8133,True,2570,2025-09-09T13:47:17.692267+00:00,256,3,
Classic-McEliece-6688128f,KEM,2.0,2048,348.0685,0.6826,0.2338,208,32,176,348.985,True,2571,2025-09-09T13:47:18.145299+00:00,256,3,
Classic-McEliece-6688128f,KEM,2.0,2048,293.1025,0.5762,0.2096,208,32,176,293.8883,True,2572,2025-09-09T13:47:18.545869+00:00,256,3,
Classic-McEliece-6688128f,KEM,2.0,2048,274.5303,0.4624,0.1848,208,32,176,275.1775,True,2573,2025-09-09T13:47:18.922378+00:00,256,3,
Classic-McEliece-6688128f,KEM,2.0,2048,395.9431,0.533,0.1862,208,32,176,396.6622,True,2574,2025-09-09T13:47:19.420746+00:00,256,3,
Classic-McEliece-6688128f,KEM,2.0,2048,309.6734,0.5577,0.2319,208,32,176,310.4631,True,2575,2025-09-09T13:47:19.833092+00:00,256,3,
Classic-McEliece-6688128f,KEM,2.0,2048,376.5333,1.9902,0.2598,208,32,176,378.7833,True,2576,2025-09-09T13:47:20.319549+00:00,256,3,
Classic-McEliece-6688128f,KEM,2.0,2048,360.4929,0.6514,0.2635,208,32,176,361.4078,True,2577,2025-09-09T13:47:20.782343+00:00,256,3,
Classic-McEliece-6688128f,KEM,2.0,2048,372.0425,0.5909,0.2362,208,32,176,372.8697,True,2578,2025-09-09T13:47:21.256606+00:00,256,3,
Classic-McEliece-6688128f,KEM,2.0,2048,392.2054,0.4088,0.1805,208,32,176,392.7947,True,2579,2025-09-09T13:47:21.750543+00:00,256,3,
Classic-McEliece-6688128f,KEM,2.0,2048,279.4699,0.5868,0.2294,208,32,176,280.2862,True,2580,2025-09-09T13:47:22.132063+00:00,256,3,
Classic-McEliece-6688128f,KEM,2.0,2048,277.8918,0.6147,0.218,208,32,176,278.7245,True,2581,2025-09-09T13:47:22.512049+00:00,256,3,
Classic-McEliece-6688128f,KEM,2.0,2048,247.8146,0.772,0.2209,208,32,176,248.8076,True,2582,2025-09-09T13:47:22.862311+00:00,256,3,
Classic-McEliece-6688128f,KEM,2.0,2048,262.7049,0.5041,0.2216,208,32,176,263.4306,True,2583,2025-09-09T13:47:23.227084+00:00,256,3,
Classic-McEliece-6688128f,KEM,2.0,2048,257.4519,0.3487,0.1692,208,32,176,257.9697,True,2584,2025-09-09T13:47:23.586297+00:00,256,3,
Classic-McEliece-6688128f,KEM,2.0,2048,245.1921,0.4359,0.1702,208,32,176,245.7982,True,2585,2025-09-09T13:47:23.933738+00:00,256,3,
Classic-McEliece-6688128f,KEM,2.0,2048,341.554,0.4938,0.2467,208,32,176,342.2945,True,2586,2025-09-09T13:47:24.377224+00:00,256,3,
Classic-McEliece-6688128f,KEM,2.0,2048,258.3032,0.4942,0.2194,208,32,176,259.0168,True,2587,2025-09-09T13:47:24.737729+00:00,256,3,
Classic-McEliece-6688128f,KEM,2.0,2048,464.5728,0.5743,0.275,208,32,176,465.4221,True,2588,2025-09-09T13:47:25.308049+00:00,256,3,
Classic-McEliece-6688128f,KEM,2.0,2048,325.9025,0.5163,0.2035,208,32,176,326.6223,True,2589,2025-09-09T13:47:25.736047+00:00,256,3,
Classic-McEliece-6688128f,KEM,2.0,2048,285.5638,0.6254,0.2159,208,32,176,286.4051,True,2590,2025-09-09T13:47:26.123954+00:00,256,3,
Classic-McEliece-6688128f,KEM,2.0,2048,261.5942,0.6858,0.2222,208,32,176,262.5022,True,2591,2025-09-09T13:47:26.487828+00:00,256,3,
Classic-McEliece-6688128f,KEM,2.0,2048,265.4333,0.5034,0.2624,208,32,176,266.1991,True,2592,2025-09-09T13:47:26.855475+00:00,256,3,
Classic-McEliece-6688128f,KEM,2.0,2048,340.4128,0.5292,0.2514,208,32,176,341.1935,True,2593,2025-09-09T13:47:27.297964+00:00,256,3,
Classic-McEliece-6688128f,KEM,2.0,2048,265.8168,0.564,0.2213,208,32,176,266.6021,True,2594,2025-09-09T13:47:27.665995+00:00,256,3,
Classic-McEliece-6688128f,KEM,2.0,2048,294.6387,0.5676,0.1922,208,32,176,295.3985,True,2595,2025-09-09T13:47:28.062486+00:00,256,3,
Classic-McEliece-6688128f,KEM,2.0,2048,279.7441,0.8416,0.243,208,32,176,280.8288,True,2596,2025-09-09T13:47:28.444893+00:00,256,3,
Classic-McEliece-6688128f,KEM,2.0,2048,259.7978,0.4463,0.1836,208,32,176,260.4277,True,2597,2025-09-09T13:47:28.806483+00:00,256,3,
Classic-McEliece-6688128f,KEM,2.0,2048,515.8227,0.5353,0.2746,208,32,176,516.6327,True,2598,2025-09-09T13:47:29.424455+00:00,256,3,
Classic-McEliece-6688128f,KEM,2.0,2048,385.2828,0.6881,0.316,208,32,176,386.2869,True,2599,2025-09-09T13:47:29.912123+00:00,256,3,
Classic-McEliece-6688128f,KEM,2.0,2048,295.0351,0.5891,0.2331,208,32,176,295.8572,True,2600,2025-09-09T13:47:30.310053+00:00,256,3,
Classic-McEliece-6688128f,KEM,5.0,5120,243.7132,0.6628,0.1721,208,32,176,244.5481,True,2601,2025-09-09T13:47:30.656916+00:00,256,3,
Classic-McEliece-6688128f,KEM,5.0,5120,272.5211,0.4776,0.1947,208,32,176,273.1934,True,2602,2025-09-09T13:47:31.032410+00:00,256,3,
Classic-McEliece-6688128f,KEM,5.0,5120,240.5826,0.4814,0.2107,208,32,176,241.2747,True,2603,2025-09-09T13:47:31.375552+00:00,256,3,
Classic-McEliece-6688128f,KEM,5.0,5120,266.3752,0.5209,0.2077,208,32,176,267.1038,True,2604,2025-09-09T13:47:31.744524+00:00,256,3,
Classic-McEliece-6688128f,KEM,5.0,5120,266.0313,0.6226,0.2063,208,32,176,266.8602,True,2605,2025-09-09T13:47:32.113875+00:00,256,3,
Classic-McEliece-6688128f,KEM,5.0,5120,287.283,0.5535,0.1785,208,32,176,288.015,True,2606,2025-09-09T13:47:32.503832+00:00,256,3,
Classic-McEliece-6688128f,KEM,5.0,5120,310.4493,0.5347,0.2119,208,32,176,311.196,True,2607,2025-09-09T13:47:32.917062+00:00,256,3,
Classic-McEliece-6688128f,KEM,5.0,5120,252.5758,0.6497,0.1657,208,32,176,253.3912,True,2608,2025-09-09T13:47:33.272199+00:00,256,3,
Classic-McEliece-6688128f,KEM,5.0,5120,272.5803,0.5506,0.1844,208,32,176,273.3152,True,2609,2025-09-09T13:47:33.647537+00:00,256,3,
Classic-McEliece-6688128f,KEM,5.0,5120,308.7513,0.6443,0.2852,208,32,176,309.6808,True,2610,2025-09-09T13:47:34.059501+00:00,256,3,
Classic-McEliece-6688128f,KEM,5.0,5120,268.4493,0.4532,0.207,208,32,176,269.1096,True,2611,2025-09-09T13:47:34.430720+00:00,256,3,
Classic-McEliece-6688128f,KEM,5.0,5120,338.4808,0.6166,0.2423,208,32,176,339.3398,True,2612,2025-09-09T13:47:34.872124+00:00,256,3,
Classic-McEliece-6688128f,KEM,5.0,5120,238.0666,0.4866,0.1941,208,32,176,238.7473,True,2613,2025-09-09T13:47:35.213614+00:00,256,3,
Classic-McEliece-6688128f,KEM,5.0,5120,340.9282,0.6124,0.2591,208,32,176,341.7996,True,2614,2025-09-09T13:47:35.657590+00:00,256,3,
Classic-McEliece-6688128f,KEM,5.0,5120,321.1297,0.861,0.3979,208,32,176,322.3886,True,2615,2025-09-09T13:47:36.082438+00:00,256,3,
Classic-McEliece-6688128f,KEM,5.0,5120,310.4992,0.4788,0.1815,208,32,176,311.1595,True,2616,2025-09-09T13:47:36.496343+00:00,256,3,
Classic-McEliece-6688128f,KEM,5.0,5120,313.6522,0.4394,0.2091,208,32,176,314.3006,True,2617,2025-09-09T13:47:36.912601+00:00,256,3,
Classic-McEliece-6688128f,KEM,5.0,5120,334.7382,0.4136,0.1524,208,32,176,335.3042,True,2618,2025-09-09T13:47:37.350023+00:00,256,3,
Classic-McEliece-6688128f,KEM,5.0,5120,281.9369,0.5209,0.2116,208,32,176,282.6694,True,2619,2025-09-09T13:47:37.734593+00:00,256,3,
Classic-McEliece-6688128f,KEM,5.0,5120,260.9736,0.4549,0.2129,208,32,176,261.6414,True,2620,2025-09-09T13:47:38.098510+00:00,256,3,
Classic-McEliece-6688128f,KEM,5.0,5120,334.2442,0.549,0.1971,208,32,176,334.9904,True,2621,2025-09-09T13:47:38.535873+00:00,256,3,
Classic-McEliece-6688128f,KEM,5.0,5120,268.47,0.5507,0.2465,208,32,176,269.2673,True,2622,2025-09-09T13:47:38.906936+00:00,256,3,
Classic-McEliece-6688128f,KEM,5.0,5120,253.2796,0.4428,0.2089,208,32,176,253.9314,True,2623,2025-09-09T13:47:39.262857+00:00,256,3,
Classic-McEliece-6688128f,KEM,5.0,5120,342.9976,0.5278,0.2406,208,32,176,343.7661,True,2624,2025-09-09T13:47:39.709213+00:00,256,3,
Classic-McEliece-6688128f,KEM,5.0,5120,261.7437,0.525,0.2102,208,32,176,262.4788,True,2625,2025-09-09T13:47:40.074245+00:00,256,3,
Classic-McEliece-6688128f,KEM,5.0,5120,258.8754,0.5562,0.2296,208,32,176,259.6612,True,2626,2025-09-09T13:47:40.436477+00:00,256,3,
Classic-McEliece-6688128f,KEM,5.0,5120,290.816,0.5124,0.1885,208,32,176,291.5169,True,2627,2025-09-09T13:47:40.830713+00:00,256,3,
Classic-McEliece-6688128f,KEM,5.0,5120,305.8539,0.5667,0.2064,208,32,176,306.627,True,2628,2025-09-09T13:47:41.239976+00:00,256,3,
Classic-McEliece-6688128f,KEM,5.0,5120,244.1153,0.5384,0.2003,208,32,176,244.854,True,2629,2025-09-09T13:47:41.588305+00:00,256,3,
Classic-McEliece-6688128f,KEM,5.0,5120,258.3068,0.6217,0.1727,208,32,176,259.1012,True,2630,2025-09-09T13:47:41.949485+00:00,256,3,
Classic-McEliece-6688128f,KEM,5.0,5120,312.3096,0.9525,0.2694,208,32,176,313.5315,True,2631,2025-09-09T13:47:42.365610+00:00,256,3,
Classic-McEliece-6688128f,KEM,5.0,5120,257.9153,0.3577,0.2023,208,32,176,258.4753,True,2632,2025-09-09T13:47:42.726702+00:00,256,3,
Classic-McEliece-6688128f,KEM,5.0,5120,358.7482,0.5495,0.2444,208,32,176,359.542,True,2633,2025-09-09T13:47:43.188550+00:00,256,3,
Classic-McEliece-6688128f,KEM,5.0,5120,275.9471,0.6555,0.2505,208,32,176,276.853,True,2634,2025-09-09T13:47:43.567493+00:00,256,3,
Classic-McEliece-6688128f,KEM,5.0,5120,283.0648,0.4386,0.2442,208,32,176,283.7476,True,2635,2025-09-09T13:47:43.953484+00:00,256,3,
Classic-McEliece-6688128f,KEM,5.0,5120,327.7785,0.5922,0.2225,208,32,176,328.5932,True,2636,2025-09-09T13:47:44.384053+00:00,256,3,
Classic-McEliece-6688128f,KEM,5.0,5120,318.2513,0.5052,0.2011,208,32,176,318.9576,True,2637,2025-09-09T13:47:44.805199+00:00,256,3,
Classic-McEliece-6688128f,KEM,5.0,5120,343.3114,0.6925,0.2882,208,32,176,344.2921,True,2638,2025-09-09T13:47:45.251694+00:00,256,3,
Classic-McEliece-6688128f,KEM,5.0,5120,366.1726,0.6385,0.222,208,32,176,367.0332,True,2639,2025-09-09T13:47:45.721187+00:00,256,3,
Classic-McEliece-6688128f,KEM,5.0,5120,306.1108,0.451,0.176,208,32,176,306.7379,True,2640,2025-09-09T13:47:46.129964+00:00,256,3,
Classic-McEliece-6688128f,KEM,5.0,5120,248.2402,0.3814,0.169,208,32,176,248.7906,True,2641,2025-09-09T13:47:46.480614+00:00,256,3,
Classic-McEliece-6688128f,KEM,5.0,5120,255.682,0.6323,0.3436,208,32,176,256.6579,True,2642,2025-09-09T13:47:46.839088+00:00,256,3,
Classic-McEliece-6688128f,KEM,5.0,5120,327.5757,0.563,0.2129,208,32,176,328.3516,True,2643,2025-09-09T13:47:47.269511+00:00,256,3,
Classic-McEliece-6688128f,KEM,5.0,5120,297.8354,0.4965,0.2288,208,32,176,298.5607,True,2644,2025-09-09T13:47:47.670259+00:00,256,3,
Classic-McEliece-6688128f,KEM,5.0,5120,338.2422,0.5541,0.5257,208,32,176,339.322,True,2645,2025-09-09T13:47:48.111671+00:00,256,3,
Classic-McEliece-6688128f,KEM,5.0,5120,317.5099,0.6203,0.2316,208,32,176,318.3617,True,2646,2025-09-09T13:47:48.531877+00:00,256,3,
Classic-McEliece-6688128f,KEM,5.0,5120,357.0767,0.6457,0.2411,208,32,176,357.9635,True,2647,2025-09-09T13:47:48.991929+00:00,256,3,
Classic-McEliece-6688128f,KEM,5.0,5120,255.2526,0.5616,0.3553,208,32,176,256.1695,True,2648,2025-09-09T13:47:49.350094+00:00,256,3,
Classic-McEliece-6688128f,KEM,5.0,5120,255.938,0.5247,0.2408,208,32,176,256.7035,True,2649,2025-09-09T13:47:49.709189+00:00,256,3,
Classic-McEliece-6688128f,KEM,5.0,5120,282.1156,0.5325,0.2684,208,32,176,282.9166,True,2650,2025-09-09T13:47:50.094103+00:00,256,3,
Classic-McEliece-6688128f,KEM,10.0,10240,267.1022,0.5278,0.2045,208,32,176,267.8345,True,2651,2025-09-09T13:47:50.466269+00:00,256,3,
Classic-McEliece-6688128f,KEM,10.0,10240,293.6669,0.5364,0.1961,208,32,176,294.3994,True,2652,2025-09-09T13:47:50.865418+00:00,256,3,
Classic-McEliece-6688128f,KEM,10.0,10240,353.8604,0.6556,0.306,208,32,176,354.8221,True,2653,2025-09-09T13:47:51.324070+00:00,256,3,
Classic-McEliece-6688128f,KEM,10.0,10240,252.7447,0.5382,0.1863,208,32,176,253.4692,True,2654,2025-09-09T13:47:51.681163+00:00,256,3,
Classic-McEliece-6688128f,KEM,10.0,10240,300.8042,0.515,0.2138,208,32,176,301.533,True,2655,2025-09-09T13:47:52.086221+00:00,256,3,
Classic-McEliece-6688128f,KEM,10.0,10240,343.4378,0.5616,0.2257,208,32,176,344.2251,True,2656,2025-09-09T13:47:52.534374+00:00,256,3,
Classic-McEliece-6688128f,KEM,10.0,10240,272.9148,0.4529,0.1972,208,32,176,273.565,True,2657,2025-09-09T13:47:52.911003+00:00,256,3,
Classic-McEliece-6688128f,KEM,10.0,10240,299.9585,0.5569,0.2254,208,32,176,300.7407,True,2658,2025-09-09T13:47:53.314773+00:00,256,3,
Classic-McEliece-6688128f,KEM,10.0,10240,323.7624,0.4382,0.2472,208,32,176,324.4477,True,2659,2025-09-09T13:47:53.742833+00:00,256,3,
Classic-McEliece-6688128f,KEM,10.0,10240,353.3389,0.6403,0.2286,208,32,176,354.2078,True,2660,2025-09-09T13:47:54.200201+00:00,256,3,
Classic-McEliece-6688128f,KEM,10.0,10240,336.171,0.5714,0.2525,208,32,176,336.9949,True,2661,2025-09-09T13:47:54.640943+00:00,256,3,
Classic-McEliece-6688128f,KEM,10.0,10240,274.9726,0.6137,0.2657,208,32,176,275.8519,True,2662,2025-09-09T13:47:55.020468+00:00,256,3,
Classic-McEliece-6688128f,KEM,10.0,10240,319.5079,0.5835,0.2097,208,32,176,320.301,True,2663,2025-09-09T13:47:55.444355+00:00,256,3,
Classic-McEliece-6688128f,KEM,10.0,10240,273.9957,0.5559,0.2186,208,32,176,274.7702,True,2664,2025-09-09T13:47:55.822776+00:00,256,3,
Classic-McEliece-6688128f,KEM,10.0,10240,279.0517,0.4944,0.2125,208,32,176,279.7586,True,2665,2025-09-09T13:47:56.206240+00:00,256,3,
Classic-McEliece-6688128f,KEM,10.0,10240,297.7053,0.5998,0.2009,208,32,176,298.5059,True,2666,2025-09-09T13:47:56.608346+00:00,256,3,
Classic-McEliece-6688128f,KEM,10.0,10240,353.253,0.5582,0.2308,208,32,176,354.042,True,2667,2025-09-09T13:47:57.066160+00:00,256,3,
Classic-McEliece-6688128f,KEM,10.0,10240,375.255,0.447,0.1767,208,32,176,375.8787,True,2668,2025-09-09T13:47:57.546455+00:00,256,3,
Classic-McEliece-6688128f,KEM,10.0,10240,314.1954,0.8159,0.2117,208,32,176,315.223,True,2669,2025-09-09T13:47:57.965302+00:00,256,3,
Classic-McEliece-6688128f,KEM,10.0,10240,268.1357,0.5956,0.2018,208,32,176,268.9331,True,2670,2025-09-09T13:47:58.337303+00:00,256,3,
Classic-McEliece-6688128f,KEM,10.0,10240,328.8779,0.6623,0.2711,208,32,176,329.8113,True,2671,2025-09-09T13:47:58.771278+00:00,256,3,
Classic-McEliece-6688128f,KEM,10.0,10240,328.4266,0.6969,0.2531,208,32,176,329.3766,True,2672,2025-09-09T13:47:59.203713+00:00,256,3,
Classic-McEliece-6688128f,KEM,10.0,10240,331.3777,0.572,0.2369,208,32,176,332.1865,True,2673,2025-09-09T13:47:59.639026+00:00,256,3,
Classic-McEliece-6688128f,KEM,10.0,10240,389.5755,0.6677,0.271,208,32,176,390.5142,True,2674,2025-09-09T13:48:00.132442+00:00,256,3,
Classic-McEliece-6688128f,KEM,10.0,10240,413.4551,0.6474,0.243,208,32,176,414.3455,True,2675,2025-09-09T13:48:00.650332+00:00,256,3,
Classic-McEliece-6688128f,KEM,10.0,10240,343.1328,0.5764,0.23,208,32,176,343.9391,True,2676,2025-09-09T13:48:01.097371+00:00,256,3,
Classic-McEliece-6688128f,KEM,10.0,10240,318.2789,0.6554,0.2194,208,32,176,319.1537,True,2677,2025-09-09T13:48:01.521020+00:00,256,3,
Classic-McEliece-6688128f,KEM,10.0,10240,343.4556,0.6302,0.2158,208,32,176,344.3016,True,2678,2025-09-09T13:48:01.968662+00:00,256,3,
Classic-McEliece-6688128f,KEM,10.0,10240,301.1053,0.6163,0.2627,208,32,176,301.9843,True,2679,2025-09-09T13:48:02.374780+00:00,256,3,
Classic-McEliece-6688128f,KEM,10.0,10240,297.7237,0.6146,0.2133,208,32,176,298.5517,True,2680,2025-09-09T13:48:02.777741+00:00,256,3,
Classic-McEliece-6688128f,KEM,10.0,10240,349.659,0.6446,0.3178,208,32,176,350.6213,True,2681,2025-09-09T13:48:03.231642+00:00,256,3,
Classic-McEliece-6688128f,KEM,10.0,10240,314.643,0.7223,0.2441,208,32,176,315.6094,True,2682,2025-09-09T13:48:03.664386+00:00,256,3,
Classic-McEliece-6688128f,KEM,10.0,10240,326.743,0.589,0.2417,208,32,176,327.5738,True,2683,2025-09-09T13:48:04.095480+00:00,256,3,
Classic-McEliece-6688128f,KEM,10.0,10240,317.534,0.624,0.2367,208,32,176,318.3947,True,2684,2025-09-09T13:48:04.521213+00:00,256,3,
Classic-McEliece-6688128f,KEM,10.0,10240,306.8889,0.6162,0.2289,208,32,176,307.734,True,2685,2025-09-09T13:48:04.932195+00:00,256,3,
Classic-McEliece-6688128f,KEM,10.0,10240,352.634,0.5854,0.2808,208,32,176,353.5002,True,2686,2025-09-09T13:48:05.388684+00:00,256,3,
Classic-McEliece-6688128f,KEM,10.0,10240,302.0205,0.8065,0.2394,208,32,176,303.0663,True,2687,2025-09-09T13:48:05.795884+00:00,256,3,
Classic-McEliece-6688128f,KEM,10.0,10240,317.7347,0.6097,0.2705,208,32,176,318.6148,True,2688,2025-09-09T13:48:06.219693+00:00,256,3,
Classic-McEliece-6688128f,KEM,10.0,10240,310.5944,0.7071,0.2144,208,32,176,311.5159,True,2689,2025-09-09T13:48:06.635252+00:00,256,3,
Classic-McEliece-6688128f,KEM,10.0,10240,318.1216,0.5513,0.2706,208,32,176,318.9435,True,2690,2025-09-09T13:48:07.058137+00:00,256,3,
Classic-McEliece-6688128f,KEM,10.0,10240,339.5077,0.5348,0.2087,208,32,176,340.2512,True,2691,2025-09-09T13:48:07.502124+00:00,256,3,
Classic-McEliece-6688128f,KEM,10.0,10240,336.5273,0.6077,0.2406,208,32,176,337.3757,True,2692,2025-09-09T13:48:07.943402+00:00,256,3,
Classic-McEliece-6688128f,KEM,10.0,10240,352.3961,0.5908,0.2484,208,32,176,353.2353,True,2693,2025-09-09T13:48:08.403310+00:00,256,3,
Classic-McEliece-6688128f,KEM,10.0,10240,552.3742,1.6883,0.303,208,32,176,554.3654,True,2694,2025-09-09T13:48:09.062447+00:00,256,3,
Classic-McEliece-6688128f,KEM,10.0,10240,463.4422,1.6935,0.3611,208,32,176,465.4968,True,2695,2025-09-09T13:48:09.632290+00:00,256,3,
Classic-McEliece-6688128f,KEM,10.0,10240,574.3628,0.4595,0.2298,208,32,176,575.0521,True,2696,2025-09-09T13:48:10.311361+00:00,256,3,
Classic-McEliece-6688128f,KEM,10.0,10240,488.9025,0.6769,0.2489,208,32,176,489.8283,True,2697,2025-09-09T13:48:10.906106+00:00,256,3,
Classic-McEliece-6688128f,KEM,10.0,10240,403.4429,0.6652,0.2267,208,32,176,404.3347,True,2698,2025-09-09T13:48:11.413881+00:00,256,3,
Classic-McEliece-6688128f,KEM,10.0,10240,391.1274,0.6807,0.268,208,32,176,392.0761,True,2699,2025-09-09T13:48:11.910990+00:00,256,3,
Classic-McEliece-6688128f,KEM,10.0,10240,398.4484,0.5161,0.17,208,32,176,399.1345,True,2700,2025-09-09T13:48:12.413241+00:00,256,3,
Classic-McEliece-6960119,KEM,0.1,102,347.9904,0.9464,0.3185,194,32,162,349.2553,True,2701,2025-09-09T13:48:12.872264+00:00,256,3,
Classic-McEliece-6960119,KEM,0.1,102,296.0873,0.6231,0.2261,194,32,162,296.9365,True,2702,2025-09-09T13:48:13.271285+00:00,256,3,
Classic-McEliece-6960119,KEM,0.1,102,249.6582,0.3771,0.1604,194,32,162,250.1957,True,2703,2025-09-09T13:48:13.626436+00:00,256,3,
Classic-McEliece-6960119,KEM,0.1,102,307.5904,0.6246,0.2111,194,32,162,308.4261,True,2704,2025-09-09T13:48:14.035800+00:00,256,3,
Classic-McEliece-6960119,KEM,0.1,102,417.9657,0.5615,0.2625,194,32,162,418.7897,True,2705,2025-09-09T13:48:14.555520+00:00,256,3,
Classic-McEliece-6960119,KEM,0.1,102,311.147,0.7629,0.2853,194,32,162,312.1952,True,2706,2025-09-09T13:48:14.968743+00:00,256,3,
Classic-McEliece-6960119,KEM,0.1,102,395.3599,0.437,0.2001,194,32,162,395.9969,True,2707,2025-09-09T13:48:15.465526+00:00,256,3,
Classic-McEliece-6960119,KEM,0.1,102,284.8254,0.5643,0.1949,194,32,162,285.5847,True,2708,2025-09-09T13:48:15.852114+00:00,256,3,
Classic-McEliece-6960119,KEM,0.1,102,397.5752,0.5046,0.1992,194,32,162,398.279,True,2709,2025-09-09T13:48:16.353889+00:00,256,3,
Classic-McEliece-6960119,KEM,0.1,102,269.2347,0.553,0.1902,194,32,162,269.9779,True,2710,2025-09-09T13:48:16.724887+00:00,256,3,
Classic-McEliece-6960119,KEM,0.1,102,491.195,0.601,0.1735,194,32,162,491.9694,True,2711,2025-09-09T13:48:17.324064+00:00,256,3,
Classic-McEliece-6960119,KEM,0.1,102,250.9773,0.5931,0.2517,194,32,162,251.8221,True,2712,2025-09-09T13:48:17.676898+00:00,256,3,
Classic-McEliece-6960119,KEM,0.1,102,436.3893,0.6284,0.1922,194,32,162,437.2099,True,2713,2025-09-09T13:48:18.215049+00:00,256,3,
Classic-McEliece-6960119,KEM,0.1,102,365.9587,0.685,0.2357,194,32,162,366.8794,True,2714,2025-09-09T13:48:18.683616+00:00,256,3,
Classic-McEliece-6960119,KEM,0.1,102,363.9968,0.519,0.1764,194,32,162,364.6921,True,2715,2025-09-09T13:48:19.149057+00:00,256,3,
Classic-McEliece-6960119,KEM,0.1,102,382.9775,0.9778,0.2941,194,32,162,384.2494,True,2716,2025-09-09T13:48:19.634167+00:00,256,3,
Classic-McEliece-6960119,KEM,0.1,102,342.3924,0.4368,0.2282,194,32,162,343.0574,True,2717,2025-09-09T13:48:20.079097+00:00,256,3,
Classic-McEliece-6960119,KEM,0.1,102,287.3371,0.6265,0.2139,194,32,162,288.1776,True,2718,2025-09-09T13:48:20.468360+00:00,256,3,
Classic-McEliece-6960119,KEM,0.1,102,390.9436,0.5874,0.197,194,32,162,391.728,True,2719,2025-09-09T13:48:20.969736+00:00,256,3,
Classic-McEliece-6960119,KEM,0.1,102,356.232,0.5937,0.249,194,32,162,357.0746,True,2720,2025-09-09T13:48:21.427686+00:00,256,3,
Classic-McEliece-6960119,KEM,0.1,102,330.2019,0.5806,0.252,194,32,162,331.0345,True,2721,2025-09-09T13:48:21.859539+00:00,256,3,
Classic-McEliece-6960119,KEM,0.1,102,327.7801,0.6186,0.2119,194,32,162,328.6106,True,2722,2025-09-09T13:48:22.288845+00:00,256,3,
Classic-McEliece-6960119,KEM,0.1,102,304.1176,0.4145,0.2175,194,32,162,304.7496,True,2723,2025-09-09T13:48:22.694428+00:00,256,3,
Classic-McEliece-6960119,KEM,0.1,102,472.8291,0.6313,0.2276,194,32,162,473.6879,True,2724,2025-09-09T13:48:23.268820+00:00,256,3,
Classic-McEliece-6960119,KEM,0.1,102,458.5216,0.577,0.2088,194,32,162,459.3073,True,2725,2025-09-09T13:48:23.828931+00:00,256,3,
Classic-McEliece-6960119,KEM,0.1,102,322.7398,0.5222,0.1916,194,32,162,323.4536,True,2726,2025-09-09T13:48:24.253214+00:00,256,3,
Classic-McEliece-6960119,KEM,0.1,102,390.0269,0.5754,0.2248,194,32,162,390.8272,True,2727,2025-09-09T13:48:24.744850+00:00,256,3,
Classic-McEliece-6960119,KEM,0.1,102,376.1735,0.6563,0.2031,194,32,162,377.0329,True,2728,2025-09-09T13:48:25.222736+00:00,256,3,
Classic-McEliece-6960119,KEM,0.1,102,381.9471,2.0937,0.2637,194,32,162,384.3045,True,2729,2025-09-09T13:48:25.708427+00:00,256,3,
Classic-McEliece-6960119,KEM,0.1,102,1064.6502,0.8678,0.2491,194,32,162,1065.767,True,2730,2025-09-09T13:48:26.875385+00:00,256,3,
Classic-McEliece-6960119,KEM,0.1,102,404.4513,0.5394,0.2304,194,32,162,405.221,True,2731,2025-09-09T13:48:27.382810+00:00,256,3,
Classic-McEliece-6960119,KEM,0.1,102,337.8355,0.6107,0.238,194,32,162,338.6842,True,2732,2025-09-09T13:48:27.822344+00:00,256,3,
Classic-McEliece-6960119,KEM,0.1,102,677.5757,0.5684,0.2537,194,32,162,678.3977,True,2733,2025-09-09T13:48:28.607049+00:00,256,3,
Classic-McEliece-6960119,KEM,0.1,102,658.6092,0.6698,0.2146,194,32,162,659.4936,True,2734,2025-09-09T13:48:29.369207+00:00,256,3,
Classic-McEliece-6960119,KEM,0.1,102,274.684,0.5319,0.2037,194,32,162,275.4196,True,2735,2025-09-09T13:48:29.745980+00:00,256,3,
Classic-McEliece-6960119,KEM,0.1,102,371.4524,0.7773,0.2028,194,32,162,372.4325,True,2736,2025-09-09T13:48:30.219758+00:00,256,3,
Classic-McEliece-6960119,KEM,0.1,102,422.7089,0.6337,0.1939,194,32,162,423.5366,True,2737,2025-09-09T13:48:30.745985+00:00,256,3,
Classic-McEliece-6960119,KEM,0.1,102,361.639,1.5242,0.2375,194,32,162,363.4006,True,2738,2025-09-09T13:48:31.210183+00:00,256,3,
Classic-McEliece-6960119,KEM,0.1,102,484.8234,0.7878,0.5793,194,32,162,486.1905,True,2739,2025-09-09T13:48:31.797320+00:00,256,3,
Classic-McEliece-6960119,KEM,0.1,102,482.0238,0.6121,0.2035,194,32,162,482.8395,True,2740,2025-09-09T13:48:32.381074+00:00,256,3,
Classic-McEliece-6960119,KEM,0.1,102,352.8891,0.6366,0.2313,194,32,162,353.7571,True,2741,2025-09-09T13:48:32.835961+00:00,256,3,
Classic-McEliece-6960119,KEM,0.1,102,345.0259,0.444,0.191,194,32,162,345.6609,True,2742,2025-09-09T13:48:33.282856+00:00,256,3,
Classic-McEliece-6960119,KEM,0.1,102,278.8012,0.9071,0.2211,194,32,162,279.9295,True,2743,2025-09-09T13:48:33.664086+00:00,256,3,
Classic-McEliece-6960119,KEM,0.1,102,281.1276,0.5715,0.203,194,32,162,281.9021,True,2744,2025-09-09T13:48:34.047072+00:00,256,3,
Classic-McEliece-6960119,KEM,0.1,102,247.0092,0.7,0.199,194,32,162,247.9082,True,2745,2025-09-09T13:48:34.396079+00:00,256,3,
Classic-McEliece-6960119,KEM,0.1,102,587.9407,1.2012,0.2093,194,32,162,589.3513,True,2746,2025-09-09T13:48:35.086473+00:00,256,3,
Classic-McEliece-6960119,KEM,0.1,102,445.1175,0.6856,0.2079,194,32,162,446.011,True,2747,2025-09-09T13:48:35.635059+00:00,256,3,
Classic-McEliece-6960119,KEM,0.1,102,387.8026,0.5334,0.2355,194,32,162,388.5716,True,2748,2025-09-09T13:48:36.124474+00:00,256,3,
Classic-McEliece-6960119,KEM,0.1,102,856.8724,0.833,0.2672,194,32,162,857.9726,True,2749,2025-09-09T13:48:37.088851+00:00,256,3,
Classic-McEliece-6960119,KEM,0.1,102,428.8849,0.6307,0.2112,194,32,162,429.7268,True,2750,2025-09-09T13:48:37.621529+00:00,256,3,
Classic-McEliece-6960119,KEM,0.5,512,572.3085,0.6931,0.2028,194,32,162,573.2044,True,2751,2025-09-09T13:48:38.295768+00:00,256,3,
Classic-McEliece-6960119,KEM,0.5,512,306.0814,0.6387,0.2378,194,32,162,306.9578,True,2752,2025-09-09T13:48:38.712529+00:00,256,3,
Classic-McEliece-6960119,KEM,0.5,512,548.2542,0.5763,0.2062,194,32,162,549.0367,True,2753,2025-09-09T13:48:39.362569+00:00,256,3,
Classic-McEliece-6960119,KEM,0.5,512,300.0185,0.6304,0.1993,194,32,162,300.8482,True,2754,2025-09-09T13:48:39.765050+00:00,256,3,
Classic-McEliece-6960119,KEM,0.5,512,493.4801,0.6141,0.2399,194,32,162,494.334,True,2755,2025-09-09T13:48:40.360952+00:00,256,3,
Classic-McEliece-6960119,KEM,0.5,512,336.7523,0.6219,0.2204,194,32,162,337.5946,True,2756,2025-09-09T13:48:40.813847+00:00,256,3,
Classic-McEliece-6960119,KEM,0.5,512,371.0154,0.6392,0.2356,194,32,162,371.8902,True,2757,2025-09-09T13:48:41.286959+00:00,256,3,
Classic-McEliece-6960119,KEM,0.5,512,534.8166,0.9719,0.1902,194,32,162,535.9788,True,2758,2025-09-09T13:48:41.924242+00:00,256,3,
Classic-McEliece-6960119,KEM,0.5,512,445.9095,0.6225,0.2238,194,32,162,446.7558,True,2759,2025-09-09T13:48:42.472139+00:00,256,3,
Classic-McEliece-6960119,KEM,0.5,512,465.4006,0.6778,0.2202,194,32,162,466.2986,True,2760,2025-09-09T13:48:43.039337+00:00,256,3,
Classic-McEliece-6960119,KEM,0.5,512,260.7694,0.6236,0.1935,194,32,162,261.5864,True,2761,2025-09-09T13:48:43.401860+00:00,256,3,
Classic-McEliece-6960119,KEM,0.5,512,242.3153,0.3873,0.159,194,32,162,242.8615,True,2762,2025-09-09T13:48:43.745721+00:00,256,3,
Classic-McEliece-6960119,KEM,0.5,512,319.991,0.4961,0.2235,194,32,162,320.7105,True,2763,2025-09-09T13:48:44.167342+00:00,256,3,
Classic-McEliece-6960119,KEM,0.5,512,311.1874,0.8384,0.3594,194,32,162,312.3853,True,2764,2025-09-09T13:48:44.580549+00:00,256,3,
Classic-McEliece-6960119,KEM,0.5,512,438.9921,0.6403,0.2116,194,32,162,439.8441,True,2765,2025-09-09T13:48:45.121333+00:00,256,3,
Classic-McEliece-6960119,KEM,0.5,512,303.6135,0.6471,0.2551,194,32,162,304.5157,True,2766,2025-09-09T13:48:45.526748+00:00,256,3,
Classic-McEliece-6960119,KEM,0.5,512,429.4678,0.5494,0.2036,194,32,162,430.2208,True,2767,2025-09-09T13:48:46.057888+00:00,256,3,
Classic-McEliece-6960119,KEM,0.5,512,328.9996,0.6565,0.2354,194,32,162,329.8915,True,2768,2025-09-09T13:48:46.488651+00:00,256,3,
Classic-McEliece-6960119,KEM,0.5,512,849.012,0.6337,0.1817,194,32,162,849.8275,True,2769,2025-09-09T13:48:47.439408+00:00,256,3,
Classic-McEliece-6960119,KEM,0.5,512,324.3624,0.5829,1.0991,194,32,162,326.0444,True,2770,2025-09-09T13:48:47.866386+00:00,256,3,
Classic-McEliece-6960119,KEM,0.5,512,390.6744,0.6858,0.2703,194,32,162,391.6305,True,2771,2025-09-09T13:48:48.364876+00:00,256,3,
Classic-McEliece-6960119,KEM,0.5,512,323.294,0.4615,0.1972,194,32,162,323.9526,True,2772,2025-09-09T13:48:48.789844+00:00,256,3,
Classic-McEliece-6960119,KEM,0.5,512,325.5904,0.529,0.1584,194,32,162,326.2778,True,2773,2025-09-09T13:48:49.216974+00:00,256,3,
Classic-McEliece-6960119,KEM,0.5,512,446.6412,0.9489,0.2101,194,32,162,447.8002,True,2774,2025-09-09T13:48:49.765617+00:00,256,3,
Classic-McEliece-6960119,KEM,0.5,512,422.7801,0.366,0.1576,194,32,162,423.3037,True,2775,2025-09-09T13:48:50.289771+00:00,256,3,
Classic-McEliece-6960119,KEM,0.5,512,419.9465,0.5843,0.2102,194,32,162,420.741,True,2776,2025-09-09T13:48:50.811409+00:00,256,3,
Classic-McEliece-6960119,KEM,0.5,512,258.315,0.4615,0.183,194,32,162,258.9594,True,2777,2025-09-09T13:48:51.171186+00:00,256,3,
Classic-McEliece-6960119,KEM,0.5,512,273.5172,0.4432,0.1903,194,32,162,274.1507,True,2778,2025-09-09T13:48:51.546163+00:00,256,3,
Classic-McEliece-6960119,KEM,0.5,512,413.7987,0.5653,0.1982,194,32,162,414.5622,True,2779,2025-09-09T13:48:52.061536+00:00,256,3,
Classic-McEliece-6960119,KEM,0.5,512,329.2778,0.4195,0.1741,194,32,162,329.8714,True,2780,2025-09-09T13:48:52.492318+00:00,256,3,
Classic-McEliece-6960119,KEM,0.5,512,326.2996,0.8329,0.2069,194,32,162,327.3395,True,2781,2025-09-09T13:48:52.920492+00:00,256,3,
Classic-McEliece-6960119,KEM,0.5,512,357.4454,0.6077,0.2692,194,32,162,358.3223,True,2782,2025-09-09T13:48:53.379660+00:00,256,3,
Classic-McEliece-6960119,KEM,0.5,512,233.3072,0.4733,0.1933,194,32,162,233.9738,True,2783,2025-09-09T13:48:53.714513+00:00,256,3,
Classic-McEliece-6960119,KEM,0.5,512,298.2,0.5333,0.235,194,32,162,298.9683,True,2784,2025-09-09T13:48:54.114405+00:00,256,3,
Classic-McEliece-6960119,KEM,0.5,512,418.6841,0.4171,0.1839,194,32,162,419.2851,True,2785,2025-09-09T13:48:54.634708+00:00,256,3,
Classic-McEliece-6960119,KEM,0.5,512,470.9254,0.4602,0.1885,194,32,162,471.5742,True,2786,2025-09-09T13:48:55.207336+00:00,256,3,
Classic-McEliece-6960119,KEM,0.5,512,314.9683,4.7966,0.1996,194,32,162,319.9645,True,2787,2025-09-09T13:48:55.628135+00:00,256,3,
Classic-McEliece-6960119,KEM,0.5,512,227.5775,0.3369,0.1379,194,32,162,228.0522,True,2788,2025-09-09T13:48:55.957239+00:00,256,3,
Classic-McEliece-6960119,KEM,0.5,512,366.2423,0.4252,0.1795,194,32,162,366.847,True,2789,2025-09-09T13:48:56.424792+00:00,256,3,
Classic-McEliece-6960119,KEM,0.5,512,374.8656,0.4872,0.2774,194,32,162,375.6302,True,2790,2025-09-09T13:48:56.901203+00:00,256,3,
Classic-McEliece-6960119,KEM,0.5,512,280.0005,0.3477,0.1883,194,32,162,280.5366,True,2791,2025-09-09T13:48:57.282420+00:00,256,3,
Classic-McEliece-6960119,KEM,0.5,512,219.6177,0.5082,0.2768,194,32,162,220.4026,True,2792,2025-09-09T13:48:57.603655+00:00,256,3,
Classic-McEliece-6960119,KEM,0.5,512,233.8344,0.4983,0.1851,194,32,162,234.5178,True,2793,2025-09-09T13:48:57.939164+00:00,256,3,
Classic-McEliece-6960119,KEM,0.5,512,262.4374,0.6459,0.2243,194,32,162,263.3076,True,2794,2025-09-09T13:48:58.303332+00:00,256,3,
Classic-McEliece-6960119,KEM,0.5,512,267.8474,0.4601,0.2132,194,32,162,268.5208,True,2795,2025-09-09T13:48:58.672997+00:00,256,3,
Classic-McEliece-6960119,KEM,0.5,512,373.0843,0.6625,0.1625,194,32,162,373.9093,True,2796,2025-09-09T13:48:59.147706+00:00,256,3,
Classic-McEliece-6960119,KEM,0.5,512,534.8683,0.5353,0.2216,194,32,162,535.6252,True,2797,2025-09-09T13:48:59.784176+00:00,256,3,
Classic-McEliece-6960119,KEM,0.5,512,566.9896,0.3834,0.1806,194,32,162,567.5536,True,2798,2025-09-09T13:49:00.452622+00:00,256,3,
Classic-McEliece-6960119,KEM,0.5,512,524.9645,0.6219,0.2703,194,32,162,525.8567,True,2799,2025-09-09T13:49:01.080607+00:00,256,3,
Classic-McEliece-6960119,KEM,0.5,512,546.6172,0.622,0.2574,194,32,162,547.4966,True,2800,2025-09-09T13:49:01.729053+00:00,256,3,
Classic-McEliece-6960119,KEM,1.0,1024,375.6248,0.5737,0.2532,194,32,162,376.4517,True,2801,2025-09-09T13:49:02.206639+00:00,256,3,
Classic-McEliece-6960119,KEM,1.0,1024,348.5821,0.4934,0.2107,194,32,162,349.2862,True,2802,2025-09-09T13:49:02.656916+00:00,256,3,
Classic-McEliece-6960119,KEM,1.0,1024,232.0221,0.4122,0.2079,194,32,162,232.6422,True,2803,2025-09-09T13:49:02.990571+00:00,256,3,
Classic-McEliece-6960119,KEM,1.0,1024,465.1607,0.3707,0.1608,194,32,162,465.6922,True,2804,2025-09-09T13:49:03.557284+00:00,256,3,
Classic-McEliece-6960119,KEM,1.0,1024,272.9038,0.5468,0.2002,194,32,162,273.6507,True,2805,2025-09-09T13:49:03.931824+00:00,256,3,
Classic-McEliece-6960119,KEM,1.0,1024,307.4583,0.4149,0.1605,194,32,162,308.0337,True,2806,2025-09-09T13:49:04.340825+00:00,256,3,
Classic-McEliece-6960119,KEM,1.0,1024,378.767,0.6425,0.2099,194,32,162,379.6195,True,2807,2025-09-09T13:49:04.821352+00:00,256,3,
Classic-McEliece-6960119,KEM,1.0,1024,812.6729,0.6368,0.2167,194,32,162,813.5264,True,2808,2025-09-09T13:49:05.740558+00:00,256,3,
Classic-McEliece-6960119,KEM,1.0,1024,461.4875,0.4822,0.1879,194,32,162,462.1576,True,2809,2025-09-09T13:49:06.303876+00:00,256,3,
Classic-McEliece-6960119,KEM,1.0,1024,434.1297,0.7233,0.2151,194,32,162,435.0681,True,2810,2025-09-09T13:49:06.839878+00:00,256,3,
Classic-McEliece-6960119,KEM,1.0,1024,346.409,0.6601,0.1918,194,32,162,347.2609,True,2811,2025-09-09T13:49:07.288105+00:00,256,3,
Classic-McEliece-6960119,KEM,1.0,1024,353.2846,0.5135,0.2643,194,32,162,354.0624,True,2812,2025-09-09T13:49:07.743336+00:00,256,3,
Classic-McEliece-6960119,KEM,1.0,1024,332.7268,0.3741,0.2066,194,32,162,333.3075,True,2813,2025-09-09T13:49:08.177745+00:00,256,3,
Classic-McEliece-6960119,KEM,1.0,1024,576.1803,0.4537,0.216,194,32,162,576.85,True,2814,2025-09-09T13:49:08.855586+00:00,256,3,
Classic-McEliece-6960119,KEM,1.0,1024,332.7085,0.5135,0.1663,194,32,162,333.3883,True,2815,2025-09-09T13:49:09.297956+00:00,256,3,
Classic-McEliece-6960119,KEM,1.0,1024,263.7356,0.4437,0.1872,194,32,162,264.3665,True,2816,2025-09-09T13:49:09.663373+00:00,256,3,
Classic-McEliece-6960119,KEM,1.0,1024,226.6422,0.5793,0.1662,194,32,162,227.3877,True,2817,2025-09-09T13:49:09.991751+00:00,256,3,
Classic-McEliece-6960119,KEM,1.0,1024,414.993,0.6033,0.21,194,32,162,415.8064,True,2818,2025-09-09T13:49:10.508600+00:00,256,3,
Classic-McEliece-6960119,KEM,1.0,1024,545.3718,0.4415,0.1364,194,32,162,545.9496,True,2819,2025-09-09T13:49:11.155468+00:00,256,3,
Classic-McEliece-6960119,KEM,1.0,1024,319.4125,0.4582,0.1573,194,32,162,320.028,True,2820,2025-09-09T13:49:11.576509+00:00,256,3,
Classic-McEliece-6960119,KEM,1.0,1024,273.8692,0.4342,0.1387,194,32,162,274.4421,True,2821,2025-09-09T13:49:11.951761+00:00,256,3,
Classic-McEliece-6960119,KEM,1.0,1024,335.1677,0.4925,0.1929,194,32,162,335.8531,True,2822,2025-09-09T13:49:12.388525+00:00,256,3,
Classic-McEliece-6960119,KEM,1.0,1024,281.6148,1.7949,0.1542,194,32,162,283.564,True,2823,2025-09-09T13:49:12.773073+00:00,256,3,
Classic-McEliece-6960119,KEM,1.0,1024,286.3083,0.4005,0.1613,194,32,162,286.8701,True,2824,2025-09-09T13:49:13.160871+00:00,256,3,
Classic-McEliece-6960119,KEM,1.0,1024,234.5526,0.368,0.1758,194,32,162,235.0965,True,2825,2025-09-09T13:49:13.497033+00:00,256,3,
Classic-McEliece-6960119,KEM,1.0,1024,494.8509,0.62,0.1837,194,32,162,495.6546,True,2826,2025-09-09T13:49:14.096206+00:00,256,3,
Classic-McEliece-6960119,KEM,1.0,1024,224.6435,0.3637,0.1669,194,32,162,225.1741,True,2827,2025-09-09T13:49:14.422330+00:00,256,3,
Classic-McEliece-6960119,KEM,1.0,1024,232.8787,0.4272,0.2282,194,32,162,233.5341,True,2828,2025-09-09T13:49:14.756852+00:00,256,3,
Classic-McEliece-6960119,KEM,1.0,1024,519.4239,0.4323,0.2293,194,32,162,520.0855,True,2829,2025-09-09T13:49:15.377842+00:00,256,3,
Classic-McEliece-6960119,KEM,1.0,1024,658.5474,0.4737,0.1619,194,32,162,659.183,True,2830,2025-09-09T13:49:16.137980+00:00,256,3,
Classic-McEliece-6960119,KEM,1.0,1024,270.9739,0.5622,0.2023,194,32,162,271.7384,True,2831,2025-09-09T13:49:16.510557+00:00,256,3,
Classic-McEliece-6960119,KEM,1.0,1024,312.8788,0.3658,0.1587,194,32,162,313.4033,True,2832,2025-09-09T13:49:16.925003+00:00,256,3,
Classic-McEliece-6960119,KEM,1.0,1024,299.9876,0.5191,0.2334,194,32,162,300.7401,True,2833,2025-09-09T13:49:17.326612+00:00,256,3,
Classic-McEliece-6960119,KEM,1.0,1024,389.8605,0.4063,0.174,194,32,162,390.4408,True,2834,2025-09-09T13:49:17.820462+00:00,256,3,
Classic-McEliece-6960119,KEM,1.0,1024,303.7275,0.499,0.2255,194,32,162,304.452,True,2835,2025-09-09T13:49:18.225870+00:00,256,3,
Classic-McEliece-6960119,KEM,1.0,1024,300.2707,0.7176,0.1381,194,32,162,301.1265,True,2836,2025-09-09T13:49:18.628111+00:00,256,3,
Classic-McEliece-6960119,KEM,1.0,1024,206.2428,0.4065,0.1575,194,32,162,206.8068,True,2837,2025-09-09T13:49:18.935965+00:00,256,3,
Classic-McEliece-6960119,KEM,1.0,1024,402.2566,0.535,0.2806,194,32,162,403.0722,True,2838,2025-09-09T13:49:19.440034+00:00,256,3,
Classic-McEliece-6960119,KEM,1.0,1024,412.6111,0.6633,0.26,194,32,162,413.5344,True,2839,2025-09-09T13:49:19.954665+00:00,256,3,
Classic-McEliece-6960119,KEM,1.0,1024,302.1471,0.6006,0.2107,194,32,162,302.9584,True,2840,2025-09-09T13:49:20.358790+00:00,256,3,
Classic-McEliece-6960119,KEM,1.0,1024,230.9534,0.5046,0.158,194,32,162,231.616,True,2841,2025-09-09T13:49:20.691529+00:00,256,3,
Classic-McEliece-6960119,KEM,1.0,1024,227.6734,0.416,0.1758,194,32,162,228.2652,True,2842,2025-09-09T13:49:21.020642+00:00,256,3,
Classic-McEliece-6960119,KEM,1.0,1024,483.8601,0.4149,0.1907,194,32,162,484.4658,True,2843,2025-09-09T13:49:21.606104+00:00,256,3,
Classic-McEliece-6960119,KEM,1.0,1024,303.9578,0.6097,0.1931,194,32,162,304.7606,True,2844,2025-09-09T13:49:22.011878+00:00,256,3,
Classic-McEliece-6960119,KEM,1.0,1024,464.5416,0.4965,0.2114,194,32,162,465.2496,True,2845,2025-09-09T13:49:22.578069+00:00,256,3,
Classic-McEliece-6960119,KEM,1.0,1024,486.5336,0.6575,0.2214,194,32,162,487.4125,True,2846,2025-09-09T13:49:23.166855+00:00,256,3,
Classic-McEliece-6960119,KEM,1.0,1024,401.4592,0.4631,0.1813,194,32,162,402.1036,True,2847,2025-09-09T13:49:23.670016+00:00,256,3,
Classic-McEliece-6960119,KEM,1.0,1024,404.4964,0.7327,0.2265,194,32,162,405.4556,True,2848,2025-09-09T13:49:24.176671+00:00,256,3,
Classic-McEliece-6960119,KEM,1.0,1024,450.237,0.5802,0.2056,194,32,162,451.0229,True,2849,2025-09-09T13:49:24.728982+00:00,256,3,
Classic-McEliece-6960119,KEM,1.0,1024,305.1532,0.4663,0.1599,194,32,162,305.7794,True,2850,2025-09-09T13:49:25.135943+00:00,256,3,
Classic-McEliece-6960119,KEM,2.0,2048,360.6189,9.9248,1.7965,194,32,162,372.3402,True,2851,2025-09-09T13:49:25.610160+00:00,256,3,
Classic-McEliece-6960119,KEM,2.0,2048,303.5428,0.5894,0.2329,194,32,162,304.3651,True,2852,2025-09-09T13:49:26.017390+00:00,256,3,
Classic-McEliece-6960119,KEM,2.0,2048,763.3673,0.6838,0.2527,194,32,162,764.3038,True,2853,2025-09-09T13:49:26.883189+00:00,256,3,
Classic-McEliece-6960119,KEM,2.0,2048,478.2001,0.6328,0.18,194,32,162,479.0129,True,2854,2025-09-09T13:49:27.463912+00:00,256,3,
Classic-McEliece-6960119,KEM,2.0,2048,330.5967,0.4777,0.1603,194,32,162,331.2348,True,2855,2025-09-09T13:49:27.896378+00:00,256,3,
Classic-McEliece-6960119,KEM,2.0,2048,484.6192,0.5659,0.1699,194,32,162,485.355,True,2856,2025-09-09T13:49:28.483413+00:00,256,3,
Classic-McEliece-6960119,KEM,2.0,2048,248.0607,0.5252,0.2041,194,32,162,248.79,True,2857,2025-09-09T13:49:28.833611+00:00,256,3,
Classic-McEliece-6960119,KEM,2.0,2048,356.5112,0.6638,0.2126,194,32,162,357.3877,True,2858,2025-09-09T13:49:29.296291+00:00,256,3,
Classic-McEliece-6960119,KEM,2.0,2048,387.4238,0.5021,0.2068,194,32,162,388.1326,True,2859,2025-09-09T13:49:29.785653+00:00,256,3,
Classic-McEliece-6960119,KEM,2.0,2048,416.1657,0.6244,0.2002,194,32,162,416.9903,True,2860,2025-09-09T13:49:30.303850+00:00,256,3,
Classic-McEliece-6960119,KEM,2.0,2048,259.3542,0.4361,0.1826,194,32,162,259.9729,True,2861,2025-09-09T13:49:30.665224+00:00,256,3,
Classic-McEliece-6960119,KEM,2.0,2048,496.2304,0.8116,0.3298,194,32,162,497.3718,True,2862,2025-09-09T13:49:31.268357+00:00,256,3,
Classic-McEliece-6960119,KEM,2.0,2048,383.7542,0.4436,0.1907,194,32,162,384.3885,True,2863,2025-09-09T13:49:31.754234+00:00,256,3,
Classic-McEliece-6960119,KEM,2.0,2048,274.106,0.4201,0.1757,194,32,162,274.7018,True,2864,2025-09-09T13:49:32.130240+00:00,256,3,
Classic-McEliece-6960119,KEM,2.0,2048,240.3151,0.4305,0.1796,194,32,162,240.9252,True,2865,2025-09-09T13:49:32.472529+00:00,256,3,
Classic-McEliece-6960119,KEM,2.0,2048,292.592,0.4111,0.1614,194,32,162,293.1645,True,2866,2025-09-09T13:49:32.867092+00:00,256,3,
Classic-McEliece-6960119,KEM,2.0,2048,330.4791,0.627,0.2519,194,32,162,331.3581,True,2867,2025-09-09T13:49:33.299577+00:00,256,3,
Classic-McEliece-6960119,KEM,2.0,2048,323.0994,0.3762,0.1933,194,32,162,323.669,True,2868,2025-09-09T13:49:33.724392+00:00,256,3,
Classic-McEliece-6960119,KEM,2.0,2048,420.0247,0.5867,0.2348,194,32,162,420.8462,True,2869,2025-09-09T13:49:34.246537+00:00,256,3,
Classic-McEliece-6960119,KEM,2.0,2048,251.994,0.4949,0.2243,194,32,162,252.7132,True,2870,2025-09-09T13:49:34.600710+00:00,256,3,
Classic-McEliece-6960119,KEM,2.0,2048,272.6093,0.5186,0.1994,194,32,162,273.3273,True,2871,2025-09-09T13:49:34.975341+00:00,256,3,
Classic-McEliece-6960119,KEM,2.0,2048,619.1672,0.5285,0.169,194,32,162,619.8647,True,2872,2025-09-09T13:49:35.696537+00:00,256,3,
Classic-McEliece-6960119,KEM,2.0,2048,352.1384,0.4942,0.2173,194,32,162,352.8499,True,2873,2025-09-09T13:49:36.150798+00:00,256,3,
Classic-McEliece-6960119,KEM,2.0,2048,364.5888,0.4485,0.1617,194,32,162,365.199,True,2874,2025-09-09T13:49:36.617045+00:00,256,3,
Classic-McEliece-6960119,KEM,2.0,2048,286.4041,0.6023,0.2007,194,32,162,287.2071,True,2875,2025-09-09T13:49:37.005571+00:00,256,3,
Classic-McEliece-6960119,KEM,2.0,2048,268.5624,0.773,0.1422,194,32,162,269.4776,True,2876,2025-09-09T13:49:37.376461+00:00,256,3,
Classic-McEliece-6960119,KEM,2.0,2048,731.0316,0.9243,0.2146,194,32,162,732.1705,True,2877,2025-09-09T13:49:38.216430+00:00,256,3,
Classic-McEliece-6960119,KEM,2.0,2048,391.9899,0.5743,0.2082,194,32,162,392.7725,True,2878,2025-09-09T13:49:38.710744+00:00,256,3,
Classic-McEliece-6960119,KEM,2.0,2048,472.6053,0.3545,0.1618,194,32,162,473.1216,True,2879,2025-09-09T13:49:39.285357+00:00,256,3,
Classic-McEliece-6960119,KEM,2.0,2048,303.4984,0.705,0.2477,194,32,162,304.4511,True,2880,2025-09-09T13:49:39.691223+00:00,256,3,
Classic-McEliece-6960119,KEM,2.0,2048,307.2392,0.4973,0.2262,194,32,162,307.9628,True,2881,2025-09-09T13:49:40.100929+00:00,256,3,
Classic-McEliece-6960119,KEM,2.0,2048,312.9811,0.4263,0.1803,194,32,162,313.5876,True,2882,2025-09-09T13:49:40.516015+00:00,256,3,
Classic-McEliece-6960119,KEM,2.0,2048,398.192,0.6263,0.2029,194,32,162,399.0212,True,2883,2025-09-09T13:49:41.016361+00:00,256,3,
Classic-McEliece-6960119,KEM,2.0,2048,402.8789,0.6589,0.2138,194,32,162,403.7516,True,2884,2025-09-09T13:49:41.521588+00:00,256,3,
Classic-McEliece-6960119,KEM,2.0,2048,289.7434,0.449,0.1795,194,32,162,290.3718,True,2885,2025-09-09T13:49:41.913301+00:00,256,3,
Classic-McEliece-6960119,KEM,2.0,2048,556.3993,0.6199,0.179,194,32,162,557.1982,True,2886,2025-09-09T13:49:42.571799+00:00,256,3,
Classic-McEliece-6960119,KEM,2.0,2048,249.7974,0.6136,0.2402,194,32,162,250.6512,True,2887,2025-09-09T13:49:42.923738+00:00,256,3,
Classic-McEliece-6960119,KEM,2.0,2048,355.1847,0.6017,0.2079,194,32,162,355.9944,True,2888,2025-09-09T13:49:43.381208+00:00,256,3,
Classic-McEliece-6960119,KEM,2.0,2048,492.0308,0.5172,0.1881,194,32,162,492.7361,True,2889,2025-09-09T13:49:43.976718+00:00,256,3,
Classic-McEliece-6960119,KEM,2.0,2048,332.8813,0.7198,0.204,194,32,162,333.8051,True,2890,2025-09-09T13:49:44.411858+00:00,256,3,
Classic-McEliece-6960119,KEM,2.0,2048,383.9021,0.6076,0.2146,194,32,162,384.7243,True,2891,2025-09-09T13:49:44.898085+00:00,256,3,
Classic-McEliece-6960119,KEM,2.0,2048,256.1825,0.4472,0.1738,194,32,162,256.8035,True,2892,2025-09-09T13:49:45.256172+00:00,256,3,
Classic-McEliece-6960119,KEM,2.0,2048,286.9017,0.4468,0.1635,194,32,162,287.5119,True,2893,2025-09-09T13:49:45.644925+00:00,256,3,
Classic-McEliece-6960119,KEM,2.0,2048,435.8124,0.5411,0.1999,194,32,162,436.5534,True,2894,2025-09-09T13:49:46.182853+00:00,256,3,
Classic-McEliece-6960119,KEM,2.0,2048,261.9052,0.5798,0.235,194,32,162,262.7201,True,2895,2025-09-09T13:49:46.547136+00:00,256,3,
Classic-McEliece-6960119,KEM,2.0,2048,379.8641,0.3929,0.1633,194,32,162,380.4203,True,2896,2025-09-09T13:49:47.029887+00:00,256,3,
Classic-McEliece-6960119,KEM,2.0,2048,300.8301,0.504,0.1676,194,32,162,301.5018,True,2897,2025-09-09T13:49:47.432936+00:00,256,3,
Classic-McEliece-6960119,KEM,2.0,2048,403.9807,0.6811,0.2447,194,32,162,404.9064,True,2898,2025-09-09T13:49:47.939119+00:00,256,3,
Classic-McEliece-6960119,KEM,2.0,2048,300.1892,0.6264,0.2336,194,32,162,301.0492,True,2899,2025-09-09T13:49:48.344088+00:00,256,3,
Classic-McEliece-6960119,KEM,2.0,2048,535.7717,0.573,0.2486,194,32,162,536.5932,True,2900,2025-09-09T13:49:48.982263+00:00,256,3,
Classic-McEliece-6960119,KEM,5.0,5120,280.0899,0.6261,0.2077,194,32,162,280.9237,True,2901,2025-09-09T13:49:49.365450+00:00,256,3,
Classic-McEliece-6960119,KEM,5.0,5120,253.3174,0.4939,0.2076,194,32,162,254.0189,True,2902,2025-09-09T13:49:49.721778+00:00,256,3,
Classic-McEliece-6960119,KEM,5.0,5120,673.6394,0.64,0.1942,194,32,162,674.4736,True,2903,2025-09-09T13:49:50.499973+00:00,256,3,
Classic-McEliece-6960119,KEM,5.0,5120,382.6756,0.6695,0.2362,194,32,162,383.5813,True,2904,2025-09-09T13:49:50.986643+00:00,256,3,
Classic-McEliece-6960119,KEM,5.0,5120,387.8293,0.6347,0.1999,194,32,162,388.6639,True,2905,2025-09-09T13:49:51.477757+00:00,256,3,
Classic-McEliece-6960119,KEM,5.0,5120,568.1892,0.7329,0.2062,194,32,162,569.1283,True,2906,2025-09-09T13:49:52.149695+00:00,256,3,
Classic-McEliece-6960119,KEM,5.0,5120,361.2927,0.4829,0.1811,194,32,162,361.9567,True,2907,2025-09-09T13:49:52.614082+00:00,256,3,
Classic-McEliece-6960119,KEM,5.0,5120,456.4674,0.556,0.2566,194,32,162,457.28,True,2908,2025-09-09T13:49:53.173713+00:00,256,3,
Classic-McEliece-6960119,KEM,5.0,5120,429.2086,0.6611,0.2079,194,32,162,430.0776,True,2909,2025-09-09T13:49:53.705953+00:00,256,3,
Classic-McEliece-6960119,KEM,5.0,5120,487.9675,0.628,0.2265,194,32,162,488.822,True,2910,2025-09-09T13:49:54.297173+00:00,256,3,
Classic-McEliece-6960119,KEM,5.0,5120,722.7341,0.6351,0.2346,194,32,162,723.6038,True,2911,2025-09-09T13:49:55.123148+00:00,256,3,
Classic-McEliece-6960119,KEM,5.0,5120,313.7355,0.7236,0.2514,194,32,162,314.7105,True,2912,2025-09-09T13:49:55.543947+00:00,256,3,
Classic-McEliece-6960119,KEM,5.0,5120,359.1879,0.5563,0.25,194,32,162,359.9942,True,2913,2025-09-09T13:49:56.008442+00:00,256,3,
Classic-McEliece-6960119,KEM,5.0,5120,298.1017,0.5861,0.2318,194,32,162,298.9196,True,2914,2025-09-09T13:49:56.410785+00:00,256,3,
Classic-McEliece-6960119,KEM,5.0,5120,345.3468,0.6413,0.2249,194,32,162,346.213,True,2915,2025-09-09T13:49:56.859270+00:00,256,3,
Classic-McEliece-6960119,KEM,5.0,5120,341.4617,0.7476,0.2087,194,32,162,342.418,True,2916,2025-09-09T13:49:57.303833+00:00,256,3,
Classic-McEliece-6960119,KEM,5.0,5120,296.0265,0.5834,0.2549,194,32,162,296.8648,True,2917,2025-09-09T13:49:57.705326+00:00,256,3,
Classic-McEliece-6960119,KEM,5.0,5120,713.5887,0.784,0.3252,194,32,162,714.6978,True,2918,2025-09-09T13:49:58.523133+00:00,256,3,
Classic-McEliece-6960119,KEM,5.0,5120,309.706,0.707,0.408,194,32,162,310.821,True,2919,2025-09-09T13:49:58.937579+00:00,256,3,
Classic-McEliece-6960119,KEM,5.0,5120,384.4117,0.6484,0.2388,194,32,162,385.2989,True,2920,2025-09-09T13:49:59.424762+00:00,256,3,
Classic-McEliece-6960119,KEM,5.0,5120,269.2706,0.628,0.3183,194,32,162,270.2169,True,2921,2025-09-09T13:49:59.805436+00:00,256,3,
Classic-McEliece-6960119,KEM,5.0,5120,318.2504,0.7256,0.2805,194,32,162,319.2565,True,2922,2025-09-09T13:50:00.227637+00:00,256,3,
Classic-McEliece-6960119,KEM,5.0,5120,413.5908,0.6696,0.2204,194,32,162,414.4808,True,2923,2025-09-09T13:50:00.744166+00:00,256,3,
Classic-McEliece-6960119,KEM,5.0,5120,542.5939,0.4537,0.2386,194,32,162,543.2862,True,2924,2025-09-09T13:50:01.390318+00:00,256,3,
Classic-McEliece-6960119,KEM,5.0,5120,300.7044,0.6478,0.2013,194,32,162,301.5534,True,2925,2025-09-09T13:50:01.793829+00:00,256,3,
Classic-McEliece-6960119,KEM,5.0,5120,504.6121,0.6131,0.2544,194,32,162,505.4796,True,2926,2025-09-09T13:50:02.402127+00:00,256,3,
Classic-McEliece-6960119,KEM,5.0,5120,511.409,0.6474,0.2419,194,32,162,512.2982,True,2927,2025-09-09T13:50:03.018453+00:00,256,3,
Classic-McEliece-6960119,KEM,5.0,5120,534.9754,0.6183,0.2213,194,32,162,535.8149,True,2928,2025-09-09T13:50:03.656511+00:00,256,3,
Classic-McEliece-6960119,KEM,5.0,5120,840.8222,0.551,0.2066,194,32,162,841.5798,True,2929,2025-09-09T13:50:04.599882+00:00,256,3,
Classic-McEliece-6960119,KEM,5.0,5120,377.1168,0.6422,0.2244,194,32,162,377.9834,True,2930,2025-09-09T13:50:05.093246+00:00,256,3,
Classic-McEliece-6960119,KEM,5.0,5120,489.2968,0.7753,0.2353,194,32,162,490.3074,True,2931,2025-09-09T13:50:05.686656+00:00,256,3,
Classic-McEliece-6960119,KEM,5.0,5120,436.82,0.5778,0.2445,194,32,162,437.6423,True,2932,2025-09-09T13:50:06.226183+00:00,256,3,
Classic-McEliece-6960119,KEM,5.0,5120,1364.4548,0.6976,0.2485,194,32,162,1365.4009,True,2933,2025-09-09T13:50:07.693923+00:00,256,3,
Classic-McEliece-6960119,KEM,5.0,5120,571.9951,0.5993,0.2369,194,32,162,572.8313,True,2934,2025-09-09T13:50:08.370871+00:00,256,3,
Classic-McEliece-6960119,KEM,5.0,5120,704.5318,0.5141,0.1772,194,32,162,705.2231,True,2935,2025-09-09T13:50:09.181205+00:00,256,3,
Classic-McEliece-6960119,KEM,5.0,5120,819.163,0.5276,0.1939,194,32,162,819.8846,True,2936,2025-09-09T13:50:10.104806+00:00,256,3,
Classic-McEliece-6960119,KEM,5.0,5120,433.7581,0.6414,0.2771,194,32,162,434.6765,True,2937,2025-09-09T13:50:10.641668+00:00,256,3,
Classic-McEliece-6960119,KEM,5.0,5120,429.3006,0.7846,0.2037,194,32,162,430.2889,True,2938,2025-09-09T13:50:11.175880+00:00,256,3,
Classic-McEliece-6960119,KEM,5.0,5120,372.3456,0.6351,0.271,194,32,162,373.2517,True,2939,2025-09-09T13:50:11.655626+00:00,256,3,
Classic-McEliece-6960119,KEM,5.0,5120,473.5197,2.0864,0.2402,194,32,162,475.8463,True,2940,2025-09-09T13:50:12.233749+00:00,256,3,
Classic-McEliece-6960119,KEM,5.0,5120,388.0991,0.5764,0.2194,194,32,162,388.8949,True,2941,2025-09-09T13:50:12.725240+00:00,256,3,
Classic-McEliece-6960119,KEM,5.0,5120,260.557,0.5245,0.2032,194,32,162,261.2847,True,2942,2025-09-09T13:50:13.088569+00:00,256,3,
Classic-McEliece-6960119,KEM,5.0,5120,428.1281,0.6211,0.2201,194,32,162,428.9692,True,2943,2025-09-09T13:50:13.619655+00:00,256,3,
Classic-McEliece-6960119,KEM,5.0,5120,359.4473,0.5879,0.2229,194,32,162,360.2581,True,2944,2025-09-09T13:50:14.085027+00:00,256,3,
Classic-McEliece-6960119,KEM,5.0,5120,436.169,0.5992,0.1683,194,32,162,436.9365,True,2945,2025-09-09T13:50:14.624843+00:00,256,3,
Classic-McEliece-6960119,KEM,5.0,5120,299.1289,0.4887,0.2533,194,32,162,299.8709,True,2946,2025-09-09T13:50:15.027709+00:00,256,3,
Classic-McEliece-6960119,KEM,5.0,5120,316.1061,0.6161,0.2319,194,32,162,316.9541,True,2947,2025-09-09T13:50:15.447524+00:00,256,3,
Classic-McEliece-6960119,KEM,5.0,5120,307.9001,0.4648,0.1982,194,32,162,308.5631,True,2948,2025-09-09T13:50:15.858118+00:00,256,3,
Classic-McEliece-6960119,KEM,5.0,5120,397.9778,0.4637,0.1808,194,32,162,398.6223,True,2949,2025-09-09T13:50:16.359316+00:00,256,3,
Classic-McEliece-6960119,KEM,5.0,5120,364.0075,0.5189,0.16,194,32,162,364.6864,True,2950,2025-09-09T13:50:16.826333+00:00,256,3,
Classic-McEliece-6960119,KEM,10.0,10240,343.1642,0.506,0.1727,194,32,162,343.843,True,2951,2025-09-09T13:50:17.273684+00:00,256,3,
Classic-McEliece-6960119,KEM,10.0,10240,304.5344,0.5765,0.1921,194,32,162,305.303,True,2952,2025-09-09T13:50:17.682652+00:00,256,3,
Classic-McEliece-6960119,KEM,10.0,10240,276.3845,0.72,0.2959,194,32,162,277.4003,True,2953,2025-09-09T13:50:18.065058+00:00,256,3,
Classic-McEliece-6960119,KEM,10.0,10240,497.2916,0.4398,0.1605,194,32,162,497.8918,True,2954,2025-09-09T13:50:18.666319+00:00,256,3,
Classic-McEliece-6960119,KEM,10.0,10240,271.3057,0.5672,0.2018,194,32,162,272.0747,True,2955,2025-09-09T13:50:19.041409+00:00,256,3,
Classic-McEliece-6960119,KEM,10.0,10240,510.6067,0.8427,0.2582,194,32,162,511.7075,True,2956,2025-09-09T13:50:19.656305+00:00,256,3,
Classic-McEliece-6960119,KEM,10.0,10240,624.2842,0.586,0.2287,194,32,162,625.099,True,2957,2025-09-09T13:50:20.384763+00:00,256,3,
Classic-McEliece-6960119,KEM,10.0,10240,288.7762,0.6354,0.2143,194,32,162,289.6258,True,2958,2025-09-09T13:50:20.778170+00:00,256,3,
Classic-McEliece-6960119,KEM,10.0,10240,401.2334,0.4463,0.1935,194,32,162,401.8732,True,2959,2025-09-09T13:50:21.282959+00:00,256,3,
Classic-McEliece-6960119,KEM,10.0,10240,360.4492,0.6013,0.2035,194,32,162,361.254,True,2960,2025-09-09T13:50:21.747954+00:00,256,3,
Classic-McEliece-6960119,KEM,10.0,10240,408.6079,0.3774,0.1589,194,32,162,409.1443,True,2961,2025-09-09T13:50:22.261423+00:00,256,3,
Classic-McEliece-6960119,KEM,10.0,10240,353.7668,0.5268,0.2137,194,32,162,354.5073,True,2962,2025-09-09T13:50:22.719378+00:00,256,3,
Classic-McEliece-6960119,KEM,10.0,10240,225.718,0.3955,0.1753,194,32,162,226.2888,True,2963,2025-09-09T13:50:23.049544+00:00,256,3,
Classic-McEliece-6960119,KEM,10.0,10240,325.028,0.5113,0.1934,194,32,162,325.7327,True,2964,2025-09-09T13:50:23.478320+00:00,256,3,
Classic-McEliece-6960119,KEM,10.0,10240,293.1463,0.668,0.2175,194,32,162,294.0318,True,2965,2025-09-09T13:50:23.875076+00:00,256,3,
Classic-McEliece-6960119,KEM,10.0,10240,257.8391,0.4843,0.228,194,32,162,258.5514,True,2966,2025-09-09T13:50:24.238125+00:00,256,3,
Classic-McEliece-6960119,KEM,10.0,10240,547.1308,0.6085,0.2189,194,32,162,547.9582,True,2967,2025-09-09T13:50:24.889780+00:00,256,3,
Classic-McEliece-6960119,KEM,10.0,10240,238.9313,0.3509,0.1614,194,32,162,239.4436,True,2968,2025-09-09T13:50:25.234027+00:00,256,3,
Classic-McEliece-6960119,KEM,10.0,10240,577.5481,0.374,0.1667,194,32,162,578.0888,True,2969,2025-09-09T13:50:25.914954+00:00,256,3,
Classic-McEliece-6960119,KEM,10.0,10240,472.1785,0.4768,0.1921,194,32,162,472.8474,True,2970,2025-09-09T13:50:26.492290+00:00,256,3,
Classic-McEliece-6960119,KEM,10.0,10240,236.8138,0.4394,0.222,194,32,162,237.4752,True,2971,2025-09-09T13:50:26.833504+00:00,256,3,
Classic-McEliece-6960119,KEM,10.0,10240,336.881,0.4797,0.1614,194,32,162,337.5221,True,2972,2025-09-09T13:50:27.274503+00:00,256,3,
Classic-McEliece-6960119,KEM,10.0,10240,343.0456,0.4749,0.1983,194,32,162,343.7189,True,2973,2025-09-09T13:50:27.721063+00:00,256,3,
Classic-McEliece-6960119,KEM,10.0,10240,419.0593,0.512,0.2193,194,32,162,419.7906,True,2974,2025-09-09T13:50:28.244402+00:00,256,3,
Classic-McEliece-6960119,KEM,10.0,10240,358.84,0.5708,0.2179,194,32,162,359.6286,True,2975,2025-09-09T13:50:28.707227+00:00,256,3,
Classic-McEliece-6960119,KEM,10.0,10240,268.6685,0.5349,0.2252,194,32,162,269.4286,True,2976,2025-09-09T13:50:29.079809+00:00,256,3,
Classic-McEliece-6960119,KEM,10.0,10240,403.7381,0.4611,0.1987,194,32,162,404.398,True,2977,2025-09-09T13:50:29.588179+00:00,256,3,
Classic-McEliece-6960119,KEM,10.0,10240,239.3046,0.4915,0.201,194,32,162,239.9972,True,2978,2025-09-09T13:50:29.932045+00:00,256,3,
Classic-McEliece-6960119,KEM,10.0,10240,277.824,0.7131,0.1992,194,32,162,278.7362,True,2979,2025-09-09T13:50:30.314174+00:00,256,3,
Classic-McEliece-6960119,KEM,10.0,10240,245.2461,0.4201,0.1384,194,32,162,245.8046,True,2980,2025-09-09T13:50:30.664258+00:00,256,3,
Classic-McEliece-6960119,KEM,10.0,10240,253.66,0.5804,0.2059,194,32,162,254.4463,True,2981,2025-09-09T13:50:31.021364+00:00,256,3,
Classic-McEliece-6960119,KEM,10.0,10240,423.3586,0.3823,0.1705,194,32,162,423.9114,True,2982,2025-09-09T13:50:31.549084+00:00,256,3,
Classic-McEliece-6960119,KEM,10.0,10240,300.3493,0.5711,0.2159,194,32,162,301.1362,True,2983,2025-09-09T13:50:31.953078+00:00,256,3,
Classic-McEliece-6960119,KEM,10.0,10240,312.0785,0.3914,0.1684,194,32,162,312.6382,True,2984,2025-09-09T13:50:32.368914+00:00,256,3,
Classic-McEliece-6960119,KEM,10.0,10240,247.1837,0.9324,0.1786,194,32,162,248.2946,True,2985,2025-09-09T13:50:32.721510+00:00,256,3,
Classic-McEliece-6960119,KEM,10.0,10240,252.2188,0.5095,0.2495,194,32,162,252.9778,True,2986,2025-09-09T13:50:33.078333+00:00,256,3,
Classic-McEliece-6960119,KEM,10.0,10240,246.8774,0.46,0.2114,194,32,162,247.5489,True,2987,2025-09-09T13:50:33.429845+00:00,256,3,
Classic-McEliece-6960119,KEM,10.0,10240,422.3947,0.3881,0.2108,194,32,162,422.9935,True,2988,2025-09-09T13:50:33.956323+00:00,256,3,
Classic-McEliece-6960119,KEM,10.0,10240,310.0303,0.4584,0.214,194,32,162,310.7027,True,2989,2025-09-09T13:50:34.369972+00:00,256,3,
Classic-McEliece-6960119,KEM,10.0,10240,386.1793,0.4045,0.1593,194,32,162,386.7431,True,2990,2025-09-09T13:50:34.860938+00:00,256,3,
Classic-McEliece-6960119,KEM,10.0,10240,334.6371,0.6702,0.2288,194,32,162,335.5362,True,2991,2025-09-09T13:50:35.300263+00:00,256,3,
Classic-McEliece-6960119,KEM,10.0,10240,266.7083,0.4941,0.2038,194,32,162,267.4061,True,2992,2025-09-09T13:50:35.670571+00:00,256,3,
Classic-McEliece-6960119,KEM,10.0,10240,262.103,0.542,0.1981,194,32,162,262.843,True,2993,2025-09-09T13:50:36.037177+00:00,256,3,
Classic-McEliece-6960119,KEM,10.0,10240,303.9992,0.4258,0.1591,194,32,162,304.5841,True,2994,2025-09-09T13:50:36.445827+00:00,256,3,
Classic-McEliece-6960119,KEM,10.0,10240,281.0022,0.5865,0.2143,194,32,162,281.803,True,2995,2025-09-09T13:50:36.830689+00:00,256,3,
Classic-McEliece-6960119,KEM,10.0,10240,539.2907,0.3906,0.1611,194,32,162,539.8424,True,2996,2025-09-09T13:50:37.473555+00:00,256,3,
Classic-McEliece-6960119,KEM,10.0,10240,329.319,0.6599,0.2119,194,32,162,330.1907,True,2997,2025-09-09T13:50:37.906764+00:00,256,3,
Classic-McEliece-6960119,KEM,10.0,10240,490.7136,1.3886,0.2169,194,32,162,492.3192,True,2998,2025-09-09T13:50:38.501983+00:00,256,3,
Classic-McEliece-6960119,KEM,10.0,10240,362.4846,0.851,0.3375,194,32,162,363.6731,True,2999,2025-09-09T13:50:38.969309+00:00,256,3,
Classic-McEliece-6960119,KEM,10.0,10240,301.4832,0.647,0.2631,194,32,162,302.3933,True,3000,2025-09-09T13:50:39.375616+00:00,256,3,
Classic-McEliece-6960119f,KEM,0.1,102,263.8327,0.3816,0.2771,194,32,162,264.4914,True,3001,2025-09-09T13:50:39.746160+00:00,256,3,
Classic-McEliece-6960119f,KEM,0.1,102,243.1543,0.5969,0.2284,194,32,162,243.9796,True,3002,2025-09-09T13:50:40.091233+00:00,256,3,
Classic-McEliece-6960119f,KEM,0.1,102,243.4412,0.6247,0.19,194,32,162,244.2559,True,3003,2025-09-09T13:50:40.436270+00:00,256,3,
Classic-McEliece-6960119f,KEM,0.1,102,237.8343,0.6204,0.231,194,32,162,238.6857,True,3004,2025-09-09T13:50:40.777163+00:00,256,3,
Classic-McEliece-6960119f,KEM,0.1,102,258.5769,0.4272,0.1576,194,32,162,259.1618,True,3005,2025-09-09T13:50:41.137152+00:00,256,3,
Classic-McEliece-6960119f,KEM,0.1,102,272.9034,0.5845,0.1917,194,32,162,273.6796,True,3006,2025-09-09T13:50:41.511724+00:00,256,3,
Classic-McEliece-6960119f,KEM,0.1,102,287.9399,0.6545,0.1986,194,32,162,288.793,True,3007,2025-09-09T13:50:41.901429+00:00,256,3,
Classic-McEliece-6960119f,KEM,0.1,102,278.3191,0.7753,0.4367,194,32,162,279.531,True,3008,2025-09-09T13:50:42.281980+00:00,256,3,
Classic-McEliece-6960119f,KEM,0.1,102,319.4029,0.9953,0.2071,194,32,162,320.6053,True,3009,2025-09-09T13:50:42.704211+00:00,256,3,
Classic-McEliece-6960119f,KEM,0.1,102,275.3238,0.5899,0.1715,194,32,162,276.0852,True,3010,2025-09-09T13:50:43.082081+00:00,256,3,
Classic-McEliece-6960119f,KEM,0.1,102,284.1024,0.7041,0.2129,194,32,162,285.0193,True,3011,2025-09-09T13:50:43.468154+00:00,256,3,
Classic-McEliece-6960119f,KEM,0.1,102,261.6657,2.2733,0.1979,194,32,162,264.1369,True,3012,2025-09-09T13:50:43.833374+00:00,256,3,
Classic-McEliece-6960119f,KEM,0.1,102,288.3276,0.6317,0.2804,194,32,162,289.2397,True,3013,2025-09-09T13:50:44.223599+00:00,256,3,
Classic-McEliece-6960119f,KEM,0.1,102,409.6256,0.6078,0.2684,194,32,162,410.5017,True,3014,2025-09-09T13:50:44.742208+00:00,256,3,
Classic-McEliece-6960119f,KEM,0.1,102,331.2007,0.5284,0.187,194,32,162,331.9161,True,3015,2025-09-09T13:50:45.175218+00:00,256,3,
Classic-McEliece-6960119f,KEM,0.1,102,389.3,0.7041,0.205,194,32,162,390.2091,True,3016,2025-09-09T13:50:45.683321+00:00,256,3,
Classic-McEliece-6960119f,KEM,0.1,102,346.2929,0.624,0.1868,194,32,162,347.1037,True,3017,2025-09-09T13:50:46.131429+00:00,256,3,
Classic-McEliece-6960119f,KEM,0.1,102,301.1956,0.6707,0.2378,194,32,162,302.1041,True,3018,2025-09-09T13:50:46.534519+00:00,256,3,
Classic-McEliece-6960119f,KEM,0.1,102,276.5817,0.5889,0.2125,194,32,162,277.3832,True,3019,2025-09-09T13:50:46.913055+00:00,256,3,
Classic-McEliece-6960119f,KEM,0.1,102,246.2148,0.3847,0.1642,194,32,162,246.7637,True,3020,2025-09-09T13:50:47.260787+00:00,256,3,
Classic-McEliece-6960119f,KEM,0.1,102,287.8932,0.4511,0.1793,194,32,162,288.5236,True,3021,2025-09-09T13:50:47.650145+00:00,256,3,
Classic-McEliece-6960119f,KEM,0.1,102,247.5684,0.5269,0.1645,194,32,162,248.2599,True,3022,2025-09-09T13:50:47.999298+00:00,256,3,
Classic-McEliece-6960119f,KEM,0.1,102,271.2927,0.6231,0.2012,194,32,162,272.1171,True,3023,2025-09-09T13:50:48.372438+00:00,256,3,
Classic-McEliece-6960119f,KEM,0.1,102,283.2977,0.4688,0.1712,194,32,162,283.9377,True,3024,2025-09-09T13:50:48.757410+00:00,256,3,
Classic-McEliece-6960119f,KEM,0.1,102,255.5872,0.8218,0.2016,194,32,162,256.6105,True,3025,2025-09-09T13:50:49.114837+00:00,256,3,
Classic-McEliece-6960119f,KEM,0.1,102,273.1699,0.4464,0.1961,194,32,162,273.8125,True,3026,2025-09-09T13:50:49.489567+00:00,256,3,
Classic-McEliece-6960119f,KEM,0.1,102,256.7905,0.5658,0.217,194,32,162,257.5734,True,3027,2025-09-09T13:50:49.848681+00:00,256,3,
Classic-McEliece-6960119f,KEM,0.1,102,258.3806,0.4307,0.1709,194,32,162,258.9822,True,3028,2025-09-09T13:50:50.209365+00:00,256,3,
Classic-McEliece-6960119f,KEM,0.1,102,303.6063,0.5731,0.1997,194,32,162,304.3791,True,3029,2025-09-09T13:50:50.614671+00:00,256,3,
Classic-McEliece-6960119f,KEM,0.1,102,287.5813,0.703,0.2179,194,32,162,288.5022,True,3030,2025-09-09T13:50:51.004155+00:00,256,3,
Classic-McEliece-6960119f,KEM,0.1,102,244.8975,0.5086,0.2032,194,32,162,245.6092,True,3031,2025-09-09T13:50:51.350585+00:00,256,3,
Classic-McEliece-6960119f,KEM,0.1,102,242.9657,0.5243,0.1955,194,32,162,243.6854,True,3032,2025-09-09T13:50:51.695290+00:00,256,3,
Classic-McEliece-6960119f,KEM,0.1,102,257.7014,0.6222,0.2225,194,32,162,258.546,True,3033,2025-09-09T13:50:52.054709+00:00,256,3,
Classic-McEliece-6960119f,KEM,0.1,102,269.4503,0.8588,0.2459,194,32,162,270.555,True,3034,2025-09-09T13:50:52.426340+00:00,256,3,
Classic-McEliece-6960119f,KEM,0.1,102,244.4112,0.5849,0.2095,194,32,162,245.2056,True,3035,2025-09-09T13:50:52.777126+00:00,256,3,
Classic-McEliece-6960119f,KEM,0.1,102,262.7975,0.5891,0.2073,194,32,162,263.5939,True,3036,2025-09-09T13:50:53.141722+00:00,256,3,
Classic-McEliece-6960119f,KEM,0.1,102,312.877,0.5254,0.1615,194,32,162,313.5638,True,3037,2025-09-09T13:50:53.556211+00:00,256,3,
Classic-McEliece-6960119f,KEM,0.1,102,309.1106,0.5648,0.2499,194,32,162,309.9253,True,3038,2025-09-09T13:50:53.967192+00:00,256,3,
Classic-McEliece-6960119f,KEM,0.1,102,297.9513,0.4356,0.1796,194,32,162,298.5665,True,3039,2025-09-09T13:50:54.366828+00:00,256,3,
Classic-McEliece-6960119f,KEM,0.1,102,294.5261,0.4397,0.1779,194,32,162,295.1437,True,3040,2025-09-09T13:50:54.764679+00:00,256,3,
Classic-McEliece-6960119f,KEM,0.1,102,295.7716,0.542,0.1975,194,32,162,296.511,True,3041,2025-09-09T13:50:55.162040+00:00,256,3,
Classic-McEliece-6960119f,KEM,0.1,102,287.8148,0.5838,0.205,194,32,162,288.6037,True,3042,2025-09-09T13:50:55.551635+00:00,256,3,
Classic-McEliece-6960119f,KEM,0.1,102,277.1746,0.3974,0.1619,194,32,162,277.7339,True,3043,2025-09-09T13:50:55.930441+00:00,256,3,
Classic-McEliece-6960119f,KEM,0.1,102,295.052,0.5559,0.1909,194,32,162,295.7989,True,3044,2025-09-09T13:50:56.327127+00:00,256,3,
Classic-McEliece-6960119f,KEM,0.1,102,422.903,0.6083,0.2087,194,32,162,423.72,True,3045,2025-09-09T13:50:56.851800+00:00,256,3,
Classic-McEliece-6960119f,KEM,0.1,102,267.0835,0.6739,0.2349,194,32,162,267.9923,True,3046,2025-09-09T13:50:57.220841+00:00,256,3,
Classic-McEliece-6960119f,KEM,0.1,102,297.1838,0.7646,0.223,194,32,162,298.1715,True,3047,2025-09-09T13:50:57.619827+00:00,256,3,
Classic-McEliece-6960119f,KEM,0.1,102,340.4804,0.5558,0.2277,194,32,162,341.2639,True,3048,2025-09-09T13:50:58.062310+00:00,256,3,
Classic-McEliece-6960119f,KEM,0.1,102,340.4869,0.6586,0.2147,194,32,162,341.3603,True,3049,2025-09-09T13:50:58.504610+00:00,256,3,
Classic-McEliece-6960119f,KEM,0.1,102,263.0901,0.3451,0.1593,194,32,162,263.5945,True,3050,2025-09-09T13:50:58.869092+00:00,256,3,
Classic-McEliece-6960119f,KEM,0.5,512,308.1122,0.5933,0.29,194,32,162,308.9955,True,3051,2025-09-09T13:50:59.278893+00:00,256,3,
Classic-McEliece-6960119f,KEM,0.5,512,259.2298,0.605,0.2233,194,32,162,260.058,True,3052,2025-09-09T13:50:59.641495+00:00,256,3,
Classic-McEliece-6960119f,KEM,0.5,512,268.4272,0.6737,0.2041,194,32,162,269.3051,True,3053,2025-09-09T13:51:00.011785+00:00,256,3,
Classic-McEliece-6960119f,KEM,0.5,512,264.6258,0.634,0.2085,194,32,162,265.4682,True,3054,2025-09-09T13:51:00.378264+00:00,256,3,
Classic-McEliece-6960119f,KEM,0.5,512,293.312,0.5415,0.2001,194,32,162,294.0535,True,3055,2025-09-09T13:51:00.773324+00:00,256,3,
Classic-McEliece-6960119f,KEM,0.5,512,306.3871,0.5748,0.2051,194,32,162,307.167,True,3056,2025-09-09T13:51:01.182054+00:00,256,3,
Classic-McEliece-6960119f,KEM,0.5,512,291.1195,0.6753,0.235,194,32,162,292.0298,True,3057,2025-09-09T13:51:01.576189+00:00,256,3,
Classic-McEliece-6960119f,KEM,0.5,512,253.9246,0.6986,0.2031,194,32,162,254.8263,True,3058,2025-09-09T13:51:01.931971+00:00,256,3,
Classic-McEliece-6960119f,KEM,0.5,512,268.9937,0.4566,0.2351,194,32,162,269.6854,True,3059,2025-09-09T13:51:02.303002+00:00,256,3,
Classic-McEliece-6960119f,KEM,0.5,512,263.8167,0.6307,0.2073,194,32,162,264.6547,True,3060,2025-09-09T13:51:02.669514+00:00,256,3,
Classic-McEliece-6960119f,KEM,0.5,512,282.0085,0.5052,0.1678,194,32,162,282.6815,True,3061,2025-09-09T13:51:03.056317+00:00,256,3,
Classic-McEliece-6960119f,KEM,0.5,512,289.1642,0.7614,0.2364,194,32,162,290.162,True,3062,2025-09-09T13:51:03.447793+00:00,256,3,
Classic-McEliece-6960119f,KEM,0.5,512,299.0881,0.6863,0.2075,194,32,162,299.9819,True,3063,2025-09-09T13:51:03.849176+00:00,256,3,
Classic-McEliece-6960119f,KEM,0.5,512,273.5326,0.5889,0.2145,194,32,162,274.3359,True,3064,2025-09-09T13:51:04.225188+00:00,256,3,
Classic-McEliece-6960119f,KEM,0.5,512,281.9068,0.6563,0.2029,194,32,162,282.766,True,3065,2025-09-09T13:51:04.609059+00:00,256,3,
Classic-McEliece-6960119f,KEM,0.5,512,294.88,0.7763,0.2719,194,32,162,295.9281,True,3066,2025-09-09T13:51:05.007225+00:00,256,3,
Classic-McEliece-6960119f,KEM,0.5,512,274.4538,0.7301,0.2546,194,32,162,275.4385,True,3067,2025-09-09T13:51:05.383682+00:00,256,3,
Classic-McEliece-6960119f,KEM,0.5,512,340.7605,0.5363,0.2286,194,32,162,341.5255,True,3068,2025-09-09T13:51:05.826350+00:00,256,3,
Classic-McEliece-6960119f,KEM,0.5,512,293.5893,0.6085,0.1861,194,32,162,294.3839,True,3069,2025-09-09T13:51:06.222114+00:00,256,3,
Classic-McEliece-6960119f,KEM,0.5,512,294.06,0.679,0.206,194,32,162,294.9449,True,3070,2025-09-09T13:51:06.619293+00:00,256,3,
Classic-McEliece-6960119f,KEM,0.5,512,277.2957,0.5642,0.1941,194,32,162,278.054,True,3071,2025-09-09T13:51:06.998589+00:00,256,3,
Classic-McEliece-6960119f,KEM,0.5,512,319.3554,0.7937,0.2499,194,32,162,320.399,True,3072,2025-09-09T13:51:07.419997+00:00,256,3,
Classic-McEliece-6960119f,KEM,0.5,512,319.9451,0.6866,0.2298,194,32,162,320.8615,True,3073,2025-09-09T13:51:07.841775+00:00,256,3,
Classic-McEliece-6960119f,KEM,0.5,512,294.0873,0.6429,0.2303,194,32,162,294.9605,True,3074,2025-09-09T13:51:08.237792+00:00,256,3,
Classic-McEliece-6960119f,KEM,0.5,512,371.7992,0.6199,0.5442,194,32,162,372.9632,True,3075,2025-09-09T13:51:08.712270+00:00,256,3,
Classic-McEliece-6960119f,KEM,0.5,512,314.7801,0.8975,0.2081,194,32,162,315.8857,True,3076,2025-09-09T13:51:09.129999+00:00,256,3,
Classic-McEliece-6960119f,KEM,0.5,512,501.4477,0.7172,0.2104,194,32,162,502.3753,True,3077,2025-09-09T13:51:09.733270+00:00,256,3,
Classic-McEliece-6960119f,KEM,0.5,512,480.745,0.9573,0.249,194,32,162,481.9512,True,3078,2025-09-09T13:51:10.316178+00:00,256,3,
Classic-McEliece-6960119f,KEM,0.5,512,942.8479,0.5563,0.2357,194,32,162,943.6399,True,3079,2025-09-09T13:51:11.361267+00:00,256,3,
Classic-McEliece-6960119f,KEM,0.5,512,466.1951,0.6444,0.2663,194,32,162,467.1058,True,3080,2025-09-09T13:51:11.929286+00:00,256,3,
Classic-McEliece-6960119f,KEM,0.5,512,484.3831,0.5735,0.1975,194,32,162,485.1541,True,3081,2025-09-09T13:51:12.515334+00:00,256,3,
Classic-McEliece-6960119f,KEM,0.5,512,445.4763,0.6227,0.2005,194,32,162,446.2995,True,3082,2025-09-09T13:51:13.062687+00:00,256,3,
Classic-McEliece-6960119f,KEM,0.5,512,436.7089,0.6801,0.2027,194,32,162,437.5916,True,3083,2025-09-09T13:51:13.601235+00:00,256,3,
Classic-McEliece-6960119f,KEM,0.5,512,350.7114,0.6513,0.4592,194,32,162,351.8218,True,3084,2025-09-09T13:51:14.053976+00:00,256,3,
Classic-McEliece-6960119f,KEM,0.5,512,335.9337,0.6701,0.3024,194,32,162,336.9062,True,3085,2025-09-09T13:51:14.491875+00:00,256,3,
Classic-McEliece-6960119f,KEM,0.5,512,326.6529,0.5346,0.2134,194,32,162,327.4009,True,3086,2025-09-09T13:51:14.920892+00:00,256,3,
Classic-McEliece-6960119f,KEM,0.5,512,311.1266,0.8492,0.2185,194,32,162,312.1944,True,3087,2025-09-09T13:51:15.334132+00:00,256,3,
Classic-McEliece-6960119f,KEM,0.5,512,306.319,0.5639,0.2621,194,32,162,307.1449,True,3088,2025-09-09T13:51:15.742369+00:00,256,3,
Classic-McEliece-6960119f,KEM,0.5,512,341.765,0.6105,0.2243,194,32,162,342.5997,True,3089,2025-09-09T13:51:16.185935+00:00,256,3,
Classic-McEliece-6960119f,KEM,0.5,512,364.6618,0.614,0.2467,194,32,162,365.5225,True,3090,2025-09-09T13:51:16.652417+00:00,256,3,
Classic-McEliece-6960119f,KEM,0.5,512,314.7687,0.814,0.2172,194,32,162,315.7999,True,3091,2025-09-09T13:51:17.069127+00:00,256,3,
Classic-McEliece-6960119f,KEM,0.5,512,251.3286,0.5829,0.1968,194,32,162,252.1083,True,3092,2025-09-09T13:51:17.423254+00:00,256,3,
Classic-McEliece-6960119f,KEM,0.5,512,268.6189,0.6131,0.2086,194,32,162,269.4406,True,3093,2025-09-09T13:51:17.793786+00:00,256,3,
Classic-McEliece-6960119f,KEM,0.5,512,263.9163,0.5207,0.2042,194,32,162,264.6412,True,3094,2025-09-09T13:51:18.159406+00:00,256,3,
Classic-McEliece-6960119f,KEM,0.5,512,271.4848,0.6217,0.2481,194,32,162,272.3546,True,3095,2025-09-09T13:51:18.533121+00:00,256,3,
Classic-McEliece-6960119f,KEM,0.5,512,277.265,0.5343,0.1941,194,32,162,277.9934,True,3096,2025-09-09T13:51:18.912045+00:00,256,3,
Classic-McEliece-6960119f,KEM,0.5,512,223.3216,0.6249,0.2109,194,32,162,224.1574,True,3097,2025-09-09T13:51:19.237120+00:00,256,3,
Classic-McEliece-6960119f,KEM,0.5,512,233.9259,0.5363,0.1669,194,32,162,234.6291,True,3098,2025-09-09T13:51:19.572714+00:00,256,3,
Classic-McEliece-6960119f,KEM,0.5,512,263.8569,0.3687,0.1769,194,32,162,264.4025,True,3099,2025-09-09T13:51:19.937980+00:00,256,3,
Classic-McEliece-6960119f,KEM,0.5,512,251.8172,0.5384,0.2124,194,32,162,252.568,True,3100,2025-09-09T13:51:20.291356+00:00,256,3,
Classic-McEliece-6960119f,KEM,1.0,1024,247.4455,0.5507,0.1985,194,32,162,248.1946,True,3101,2025-09-09T13:51:20.640600+00:00,256,3,
Classic-McEliece-6960119f,KEM,1.0,1024,284.2233,0.6078,0.2013,194,32,162,285.0324,True,3102,2025-09-09T13:51:21.028809+00:00,256,3,
Classic-McEliece-6960119f,KEM,1.0,1024,265.7469,0.429,0.2048,194,32,162,266.3807,True,3103,2025-09-09T13:51:21.396190+00:00,256,3,
Classic-McEliece-6960119f,KEM,1.0,1024,243.3106,0.4369,0.1983,194,32,162,243.9458,True,3104,2025-09-09T13:51:21.741208+00:00,256,3,
Classic-McEliece-6960119f,KEM,1.0,1024,308.3049,0.5957,0.2275,194,32,162,309.128,True,3105,2025-09-09T13:51:22.151391+00:00,256,3,
Classic-McEliece-6960119f,KEM,1.0,1024,299.7574,0.5584,0.2321,194,32,162,300.5479,True,3106,2025-09-09T13:51:22.553021+00:00,256,3,
Classic-McEliece-6960119f,KEM,1.0,1024,236.829,0.6523,0.1922,194,32,162,237.6735,True,3107,2025-09-09T13:51:22.891742+00:00,256,3,
Classic-McEliece-6960119f,KEM,1.0,1024,300.4251,0.5225,0.2253,194,32,162,301.1729,True,3108,2025-09-09T13:51:23.297898+00:00,256,3,
Classic-McEliece-6960119f,KEM,1.0,1024,303.5947,0.6286,0.1994,194,32,162,304.4227,True,3109,2025-09-09T13:51:23.703787+00:00,256,3,
Classic-McEliece-6960119f,KEM,1.0,1024,274.9791,0.4387,0.226,194,32,162,275.6438,True,3110,2025-09-09T13:51:24.080525+00:00,256,3,
Classic-McEliece-6960119f,KEM,1.0,1024,313.7496,0.6021,0.2234,194,32,162,314.5751,True,3111,2025-09-09T13:51:24.496623+00:00,256,3,
Classic-McEliece-6960119f,KEM,1.0,1024,359.6398,0.5061,0.2115,194,32,162,360.3574,True,3112,2025-09-09T13:51:24.958404+00:00,256,3,
Classic-McEliece-6960119f,KEM,1.0,1024,356.2848,0.5685,0.2702,194,32,162,357.1235,True,3113,2025-09-09T13:51:25.416754+00:00,256,3,
Classic-McEliece-6960119f,KEM,1.0,1024,356.2051,0.7004,0.2181,194,32,162,357.1236,True,3114,2025-09-09T13:51:25.876360+00:00,256,3,
Classic-McEliece-6960119f,KEM,1.0,1024,283.8845,0.6248,0.2232,194,32,162,284.7325,True,3115,2025-09-09T13:51:26.263986+00:00,256,3,
Classic-McEliece-6960119f,KEM,1.0,1024,298.3331,0.6536,0.2112,194,32,162,299.1979,True,3116,2025-09-09T13:51:26.664204+00:00,256,3,
Classic-McEliece-6960119f,KEM,1.0,1024,339.1334,0.6653,0.2147,194,32,162,340.0134,True,3117,2025-09-09T13:51:27.105334+00:00,256,3,
Classic-McEliece-6960119f,KEM,1.0,1024,299.3184,0.4199,0.1698,194,32,162,299.9082,True,3118,2025-09-09T13:51:27.506733+00:00,256,3,
Classic-McEliece-6960119f,KEM,1.0,1024,279.1144,0.6759,0.2061,194,32,162,279.9964,True,3119,2025-09-09T13:51:27.888177+00:00,256,3,
Classic-McEliece-6960119f,KEM,1.0,1024,268.3777,0.4529,0.2061,194,32,162,269.0366,True,3120,2025-09-09T13:51:28.258623+00:00,256,3,
Classic-McEliece-6960119f,KEM,1.0,1024,272.9149,0.5762,0.2024,194,32,162,273.6935,True,3121,2025-09-09T13:51:28.633827+00:00,256,3,
Classic-McEliece-6960119f,KEM,1.0,1024,307.6348,0.7114,0.2361,194,32,162,308.5823,True,3122,2025-09-09T13:51:29.043883+00:00,256,3,
Classic-McEliece-6960119f,KEM,1.0,1024,250.3254,0.4905,0.1627,194,32,162,250.9786,True,3123,2025-09-09T13:51:29.396641+00:00,256,3,
Classic-McEliece-6960119f,KEM,1.0,1024,291.0554,0.4386,0.1617,194,32,162,291.6557,True,3124,2025-09-09T13:51:29.789620+00:00,256,3,
Classic-McEliece-6960119f,KEM,1.0,1024,320.8887,1.0522,0.2305,194,32,162,322.1714,True,3125,2025-09-09T13:51:30.212821+00:00,256,3,
Classic-McEliece-6960119f,KEM,1.0,1024,309.6414,0.8308,0.2023,194,32,162,310.6745,True,3126,2025-09-09T13:51:30.624793+00:00,256,3,
Classic-McEliece-6960119f,KEM,1.0,1024,276.129,0.6203,0.2532,194,32,162,277.0024,True,3127,2025-09-09T13:51:31.003581+00:00,256,3,
Classic-McEliece-6960119f,KEM,1.0,1024,299.9198,0.5684,0.2552,194,32,162,300.7434,True,3128,2025-09-09T13:51:31.405466+00:00,256,3,
Classic-McEliece-6960119f,KEM,1.0,1024,263.8825,0.404,0.1706,194,32,162,264.4571,True,3129,2025-09-09T13:51:31.771087+00:00,256,3,
Classic-McEliece-6960119f,KEM,1.0,1024,242.4574,0.5581,0.2235,194,32,162,243.239,True,3130,2025-09-09T13:51:32.115415+00:00,256,3,
Classic-McEliece-6960119f,KEM,1.0,1024,266.4844,0.7112,0.2089,194,32,162,267.4045,True,3131,2025-09-09T13:51:32.483999+00:00,256,3,
Classic-McEliece-6960119f,KEM,1.0,1024,303.0013,0.5546,0.1996,194,32,162,303.7555,True,3132,2025-09-09T13:51:32.888919+00:00,256,3,
Classic-McEliece-6960119f,KEM,1.0,1024,247.7854,0.6468,0.2282,194,32,162,248.6604,True,3133,2025-09-09T13:51:33.238787+00:00,256,3,
Classic-McEliece-6960119f,KEM,1.0,1024,322.4018,0.5051,0.2167,194,32,162,323.1236,True,3134,2025-09-09T13:51:33.663147+00:00,256,3,
Classic-McEliece-6960119f,KEM,1.0,1024,286.332,0.5124,0.2357,194,32,162,287.0801,True,3135,2025-09-09T13:51:34.057374+00:00,256,3,
Classic-McEliece-6960119f,KEM,1.0,1024,316.8927,0.7296,0.3081,194,32,162,317.9305,True,3136,2025-09-09T13:51:34.476595+00:00,256,3,
Classic-McEliece-6960119f,KEM,1.0,1024,293.6281,0.5476,0.2033,194,32,162,294.379,True,3137,2025-09-09T13:51:34.872362+00:00,256,3,
Classic-McEliece-6960119f,KEM,1.0,1024,270.0496,0.5482,0.1766,194,32,162,270.7743,True,3138,2025-09-09T13:51:35.244415+00:00,256,3,
Classic-McEliece-6960119f,KEM,1.0,1024,258.6948,0.8006,0.2096,194,32,162,259.705,True,3139,2025-09-09T13:51:35.605709+00:00,256,3,
Classic-McEliece-6960119f,KEM,1.0,1024,267.392,0.5512,0.2442,194,32,162,268.1875,True,3140,2025-09-09T13:51:35.975131+00:00,256,3,
Classic-McEliece-6960119f,KEM,1.0,1024,276.103,0.5617,0.2785,194,32,162,276.9433,True,3141,2025-09-09T13:51:36.353694+00:00,256,3,
Classic-McEliece-6960119f,KEM,1.0,1024,297.2883,0.55,0.1957,194,32,162,298.034,True,3142,2025-09-09T13:51:36.754348+00:00,256,3,
Classic-McEliece-6960119f,KEM,1.0,1024,368.8792,0.6446,0.2074,194,32,162,369.7311,True,3143,2025-09-09T13:51:37.231255+00:00,256,3,
Classic-McEliece-6960119f,KEM,1.0,1024,275.3021,0.6251,0.2656,194,32,162,276.1929,True,3144,2025-09-09T13:51:37.608728+00:00,256,3,
Classic-McEliece-6960119f,KEM,1.0,1024,304.3629,0.7142,0.2725,194,32,162,305.3495,True,3145,2025-09-09T13:51:38.015713+00:00,256,3,
Classic-McEliece-6960119f,KEM,1.0,1024,344.5483,0.7309,0.2042,194,32,162,345.4833,True,3146,2025-09-09T13:51:38.462652+00:00,256,3,
Classic-McEliece-6960119f,KEM,1.0,1024,249.2627,0.6096,0.1603,194,32,162,250.0325,True,3147,2025-09-09T13:51:38.814351+00:00,256,3,
Classic-McEliece-6960119f,KEM,1.0,1024,302.4703,0.4213,0.2275,194,32,162,303.119,True,3148,2025-09-09T13:51:39.218966+00:00,256,3,
Classic-McEliece-6960119f,KEM,1.0,1024,347.7573,0.6715,0.2023,194,32,162,348.631,True,3149,2025-09-09T13:51:39.668759+00:00,256,3,
Classic-McEliece-6960119f,KEM,1.0,1024,266.1548,0.6975,0.2068,194,32,162,267.0591,True,3150,2025-09-09T13:51:40.037129+00:00,256,3,
Classic-McEliece-6960119f,KEM,2.0,2048,280.2225,0.6157,0.2419,194,32,162,281.08,True,3151,2025-09-09T13:51:40.419593+00:00,256,3,
Classic-McEliece-6960119f,KEM,2.0,2048,361.9745,0.5318,0.2292,194,32,162,362.7355,True,3152,2025-09-09T13:51:40.883784+00:00,256,3,
Classic-McEliece-6960119f,KEM,2.0,2048,317.8963,0.5761,0.2226,194,32,162,318.695,True,3153,2025-09-09T13:51:41.305108+00:00,256,3,
Classic-McEliece-6960119f,KEM,2.0,2048,276.3007,0.6612,0.2124,194,32,162,277.1743,True,3154,2025-09-09T13:51:41.684778+00:00,256,3,
Classic-McEliece-6960119f,KEM,2.0,2048,289.5901,0.5479,0.231,194,32,162,290.3691,True,3155,2025-09-09T13:51:42.076857+00:00,256,3,
Classic-McEliece-6960119f,KEM,2.0,2048,323.4863,0.6738,0.1683,194,32,162,324.3285,True,3156,2025-09-09T13:51:42.507215+00:00,256,3,
Classic-McEliece-6960119f,KEM,2.0,2048,307.6036,0.5662,0.194,194,32,162,308.3638,True,3157,2025-09-09T13:51:42.917220+00:00,256,3,
Classic-McEliece-6960119f,KEM,2.0,2048,291.7478,0.6748,0.2276,194,32,162,292.6502,True,3158,2025-09-09T13:51:43.312228+00:00,256,3,
Classic-McEliece-6960119f,KEM,2.0,2048,305.5301,0.6028,0.1994,194,32,162,306.3323,True,3159,2025-09-09T13:51:43.720535+00:00,256,3,
Classic-McEliece-6960119f,KEM,2.0,2048,290.6673,0.6293,0.2021,194,32,162,291.4987,True,3160,2025-09-09T13:51:44.113570+00:00,256,3,
Classic-McEliece-6960119f,KEM,2.0,2048,292.1636,0.7082,0.214,194,32,162,293.0858,True,3161,2025-09-09T13:51:44.508951+00:00,256,3,
Classic-McEliece-6960119f,KEM,2.0,2048,366.992,0.4394,0.2269,194,32,162,367.6583,True,3162,2025-09-09T13:51:44.978409+00:00,256,3,
Classic-McEliece-6960119f,KEM,2.0,2048,287.9248,0.6495,0.25,194,32,162,288.8244,True,3163,2025-09-09T13:51:45.371666+00:00,256,3,
Classic-McEliece-6960119f,KEM,2.0,2048,332.7314,0.574,0.2014,194,32,162,333.5068,True,3164,2025-09-09T13:51:45.817363+00:00,256,3,
Classic-McEliece-6960119f,KEM,2.0,2048,333.8194,0.529,0.1939,194,32,162,334.5423,True,3165,2025-09-09T13:51:46.254120+00:00,256,3,
Classic-McEliece-6960119f,KEM,2.0,2048,322.0316,0.5734,0.204,194,32,162,322.809,True,3166,2025-09-09T13:51:46.678512+00:00,256,3,
Classic-McEliece-6960119f,KEM,2.0,2048,280.8555,0.4725,0.1633,194,32,162,281.4913,True,3167,2025-09-09T13:51:47.061680+00:00,256,3,
Classic-McEliece-6960119f,KEM,2.0,2048,285.1501,0.6295,0.2059,194,32,162,285.9854,True,3168,2025-09-09T13:51:47.449189+00:00,256,3,
Classic-McEliece-6960119f,KEM,2.0,2048,283.4284,0.5408,0.1908,194,32,162,284.16,True,3169,2025-09-09T13:51:47.834783+00:00,256,3,
Classic-McEliece-6960119f,KEM,2.0,2048,316.4327,0.5291,0.1809,194,32,162,317.1427,True,3170,2025-09-09T13:51:48.256821+00:00,256,3,
Classic-McEliece-6960119f,KEM,2.0,2048,314.7696,0.6388,0.2446,194,32,162,315.653,True,3171,2025-09-09T13:51:48.674035+00:00,256,3,
Classic-McEliece-6960119f,KEM,2.0,2048,377.3633,0.5738,0.238,194,32,162,378.1751,True,3172,2025-09-09T13:51:49.154448+00:00,256,3,
Classic-McEliece-6960119f,KEM,2.0,2048,338.2633,0.6632,0.2875,194,32,162,339.214,True,3173,2025-09-09T13:51:49.595097+00:00,256,3,
Classic-McEliece-6960119f,KEM,2.0,2048,303.6553,0.6372,0.2686,194,32,162,304.5611,True,3174,2025-09-09T13:51:50.001337+00:00,256,3,
Classic-McEliece-6960119f,KEM,2.0,2048,392.4589,0.6295,0.205,194,32,162,393.2934,True,3175,2025-09-09T13:51:50.496640+00:00,256,3,
Classic-McEliece-6960119f,KEM,2.0,2048,283.9613,0.6833,0.2234,194,32,162,284.868,True,3176,2025-09-09T13:51:50.884216+00:00,256,3,
Classic-McEliece-6960119f,KEM,2.0,2048,270.2284,0.5734,0.2283,194,32,162,271.0302,True,3177,2025-09-09T13:51:51.256652+00:00,256,3,
Classic-McEliece-6960119f,KEM,2.0,2048,304.867,0.6307,0.2215,194,32,162,305.7192,True,3178,2025-09-09T13:51:51.663857+00:00,256,3,
Classic-McEliece-6960119f,KEM,2.0,2048,264.3257,0.5825,0.2076,194,32,162,265.1158,True,3179,2025-09-09T13:51:52.030196+00:00,256,3,
Classic-McEliece-6960119f,KEM,2.0,2048,293.2835,0.5896,0.1843,194,32,162,294.0573,True,3180,2025-09-09T13:51:52.425625+00:00,256,3,
Classic-McEliece-6960119f,KEM,2.0,2048,252.4712,0.4701,0.2072,194,32,162,253.1486,True,3181,2025-09-09T13:51:52.779992+00:00,256,3,
Classic-McEliece-6960119f,KEM,2.0,2048,233.5394,0.7352,0.2735,194,32,162,234.548,True,3182,2025-09-09T13:51:53.115720+00:00,256,3,
Classic-McEliece-6960119f,KEM,2.0,2048,265.1059,0.5546,0.1934,194,32,162,265.854,True,3183,2025-09-09T13:51:53.482737+00:00,256,3,
Classic-McEliece-6960119f,KEM,2.0,2048,283.9492,0.5634,0.1843,194,32,162,284.697,True,3184,2025-09-09T13:51:53.868702+00:00,256,3,
Classic-McEliece-6960119f,KEM,2.0,2048,356.4588,0.7278,0.3328,194,32,162,357.5194,True,3185,2025-09-09T13:51:54.327603+00:00,256,3,
Classic-McEliece-6960119f,KEM,2.0,2048,274.524,0.511,0.1971,194,32,162,275.232,True,3186,2025-09-09T13:51:54.704745+00:00,256,3,
Classic-McEliece-6960119f,KEM,2.0,2048,328.8845,0.7602,0.2508,194,32,162,329.8955,True,3187,2025-09-09T13:51:55.136047+00:00,256,3,
Classic-McEliece-6960119f,KEM,2.0,2048,335.5253,4.8739,0.257,194,32,162,340.6562,True,3188,2025-09-09T13:51:55.578151+00:00,256,3,
Classic-McEliece-6960119f,KEM,2.0,2048,397.0965,0.6108,0.221,194,32,162,397.9284,True,3189,2025-09-09T13:51:56.077544+00:00,256,3,
Classic-McEliece-6960119f,KEM,2.0,2048,261.7501,0.5138,0.1938,194,32,162,262.4577,True,3190,2025-09-09T13:51:56.441620+00:00,256,3,
Classic-McEliece-6960119f,KEM,2.0,2048,374.4426,0.53,0.1912,194,32,162,375.1638,True,3191,2025-09-09T13:51:56.918226+00:00,256,3,
Classic-McEliece-6960119f,KEM,2.0,2048,314.7502,0.4981,0.1968,194,32,162,315.4451,True,3192,2025-09-09T13:51:57.334980+00:00,256,3,
Classic-McEliece-6960119f,KEM,2.0,2048,235.6575,0.4849,0.2078,194,32,162,236.3502,True,3193,2025-09-09T13:51:57.672717+00:00,256,3,
Classic-McEliece-6960119f,KEM,2.0,2048,283.502,0.7105,0.3657,194,32,162,284.5782,True,3194,2025-09-09T13:51:58.058629+00:00,256,3,
Classic-McEliece-6960119f,KEM,2.0,2048,348.7163,0.7121,0.2235,194,32,162,349.6519,True,3195,2025-09-09T13:51:58.509602+00:00,256,3,
Classic-McEliece-6960119f,KEM,2.0,2048,387.9365,0.5965,0.2451,194,32,162,388.7781,True,3196,2025-09-09T13:51:58.999650+00:00,256,3,
Classic-McEliece-6960119f,KEM,2.0,2048,431.4824,0.666,0.2071,194,32,162,432.3556,True,3197,2025-09-09T13:51:59.533179+00:00,256,3,
Classic-McEliece-6960119f,KEM,2.0,2048,341.7732,0.605,0.2194,194,32,162,342.5976,True,3198,2025-09-09T13:51:59.977163+00:00,256,3,
Classic-McEliece-6960119f,KEM,2.0,2048,322.2438,0.7152,0.491,194,32,162,323.45,True,3199,2025-09-09T13:52:00.401897+00:00,256,3,
Classic-McEliece-6960119f,KEM,2.0,2048,414.338,0.4477,0.1958,194,32,162,414.9815,True,3200,2025-09-09T13:52:00.918125+00:00,256,3,
Classic-McEliece-6960119f,KEM,5.0,5120,436.1845,0.8721,0.2925,194,32,162,437.3492,True,3201,2025-09-09T13:52:01.459066+00:00,256,3,
Classic-McEliece-6960119f,KEM,5.0,5120,485.1242,8.3708,2.8294,194,32,162,496.3244,True,3202,2025-09-09T13:52:02.060311+00:00,256,3,
Classic-McEliece-6960119f,KEM,5.0,5120,396.9616,15.4521,1.2505,194,32,162,413.6642,True,3203,2025-09-09T13:52:02.596587+00:00,256,3,
Classic-McEliece-6960119f,KEM,5.0,5120,454.1084,0.6949,1.7251,194,32,162,456.5284,True,3204,2025-09-09T13:52:03.162397+00:00,256,3,
Classic-McEliece-6960119f,KEM,5.0,5120,277.7564,0.7334,0.2049,194,32,162,278.6947,True,3205,2025-09-09T13:52:03.543370+00:00,256,3,
Classic-McEliece-6960119f,KEM,5.0,5120,369.9247,0.7642,0.2353,194,32,162,370.9242,True,3206,2025-09-09T13:52:04.016261+00:00,256,3,
Classic-McEliece-6960119f,KEM,5.0,5120,529.8232,1.7468,0.7801,194,32,162,532.3501,True,3207,2025-09-09T13:52:04.650829+00:00,256,3,
Classic-McEliece-6960119f,KEM,5.0,5120,359.7685,0.6447,0.2108,194,32,162,360.6239,True,3208,2025-09-09T13:52:05.113594+00:00,256,3,
Classic-McEliece-6960119f,KEM,5.0,5120,533.1853,0.6536,0.2383,194,32,162,534.0772,True,3209,2025-09-09T13:52:05.749663+00:00,256,3,
Classic-McEliece-6960119f,KEM,5.0,5120,360.7853,0.5277,0.2204,194,32,162,361.5335,True,3210,2025-09-09T13:52:06.215177+00:00,256,3,
Classic-McEliece-6960119f,KEM,5.0,5120,529.2608,0.8787,0.4654,194,32,162,530.6049,True,3211,2025-09-09T13:52:06.855886+00:00,256,3,
Classic-McEliece-6960119f,KEM,5.0,5120,501.3567,0.4516,0.1778,194,32,162,501.986,True,3212,2025-09-09T13:52:07.460512+00:00,256,3,
Classic-McEliece-6960119f,KEM,5.0,5120,315.8656,0.7074,0.2227,194,32,162,316.7957,True,3213,2025-09-09T13:52:07.879193+00:00,256,3,
Classic-McEliece-6960119f,KEM,5.0,5120,313.9804,0.5754,0.2256,194,32,162,314.7814,True,3214,2025-09-09T13:52:08.296206+00:00,256,3,
Classic-McEliece-6960119f,KEM,5.0,5120,304.0699,0.637,0.2357,194,32,162,304.9427,True,3215,2025-09-09T13:52:08.703320+00:00,256,3,
Classic-McEliece-6960119f,KEM,5.0,5120,240.9811,0.4592,0.2294,194,32,162,241.6697,True,3216,2025-09-09T13:52:09.047636+00:00,256,3,
Classic-McEliece-6960119f,KEM,5.0,5120,302.4688,0.4914,0.1618,194,32,162,303.122,True,3217,2025-09-09T13:52:09.452924+00:00,256,3,
Classic-McEliece-6960119f,KEM,5.0,5120,278.8688,0.6005,0.1915,194,32,162,279.6608,True,3218,2025-09-09T13:52:09.835221+00:00,256,3,
Classic-McEliece-6960119f,KEM,5.0,5120,320.3311,0.7286,0.1844,194,32,162,321.2442,True,3219,2025-09-09T13:52:10.258187+00:00,256,3,
Classic-McEliece-6960119f,KEM,5.0,5120,413.4917,0.5534,0.2787,194,32,162,414.3238,True,3220,2025-09-09T13:52:10.775134+00:00,256,3,
Classic-McEliece-6960119f,KEM,5.0,5120,285.9949,0.5934,0.222,194,32,162,286.8102,True,3221,2025-09-09T13:52:11.179169+00:00,256,3,
Classic-McEliece-6960119f,KEM,5.0,5120,299.6935,0.4007,0.1633,194,32,162,300.2575,True,3222,2025-09-09T13:52:11.581852+00:00,256,3,
Classic-McEliece-6960119f,KEM,5.0,5120,240.576,0.3489,0.1591,194,32,162,241.0839,True,3223,2025-09-09T13:52:11.925247+00:00,256,3,
Classic-McEliece-6960119f,KEM,5.0,5120,296.3544,0.613,0.4809,194,32,162,297.4484,True,3224,2025-09-09T13:52:12.325441+00:00,256,3,
Classic-McEliece-6960119f,KEM,5.0,5120,459.2645,0.454,0.1705,194,32,162,459.889,True,3225,2025-09-09T13:52:12.887209+00:00,256,3,
Classic-McEliece-6960119f,KEM,5.0,5120,323.4408,0.4401,0.1597,194,32,162,324.0406,True,3226,2025-09-09T13:52:13.313079+00:00,256,3,
Classic-McEliece-6960119f,KEM,5.0,5120,258.281,0.4821,0.1771,194,32,162,258.9402,True,3227,2025-09-09T13:52:13.674202+00:00,256,3,
Classic-McEliece-6960119f,KEM,5.0,5120,315.6827,0.4738,0.1695,194,32,162,316.326,True,3228,2025-09-09T13:52:14.092892+00:00,256,3,
Classic-McEliece-6960119f,KEM,5.0,5120,329.4299,0.5761,0.2212,194,32,162,330.2272,True,3229,2025-09-09T13:52:14.524889+00:00,256,3,
Classic-McEliece-6960119f,KEM,5.0,5120,244.5453,0.4108,0.1395,194,32,162,245.0956,True,3230,2025-09-09T13:52:14.872035+00:00,256,3,
Classic-McEliece-6960119f,KEM,5.0,5120,264.0464,0.4091,0.168,194,32,162,264.6234,True,3231,2025-09-09T13:52:15.238346+00:00,256,3,
Classic-McEliece-6960119f,KEM,5.0,5120,235.2329,0.3861,0.1576,194,32,162,235.7767,True,3232,2025-09-09T13:52:15.576491+00:00,256,3,
Classic-McEliece-6960119f,KEM,5.0,5120,229.795,0.5018,0.1609,194,32,162,230.4578,True,3233,2025-09-09T13:52:15.909175+00:00,256,3,
Classic-McEliece-6960119f,KEM,5.0,5120,224.1447,0.515,0.1961,194,32,162,224.8558,True,3234,2025-09-09T13:52:16.237199+00:00,256,3,
Classic-McEliece-6960119f,KEM,5.0,5120,363.1827,0.6677,0.2366,194,32,162,364.0871,True,3235,2025-09-09T13:52:16.703310+00:00,256,3,
Classic-McEliece-6960119f,KEM,5.0,5120,277.9633,0.9676,0.1416,194,32,162,279.0725,True,3236,2025-09-09T13:52:17.085269+00:00,256,3,
Classic-McEliece-6960119f,KEM,5.0,5120,432.3806,0.5661,0.3961,194,32,162,433.3427,True,3237,2025-09-09T13:52:17.620683+00:00,256,3,
Classic-McEliece-6960119f,KEM,5.0,5120,340.3613,2.435,2.9404,194,32,162,345.7367,True,3238,2025-09-09T13:52:18.069761+00:00,256,3,
Classic-McEliece-6960119f,KEM,5.0,5120,305.8969,11.1094,1.0987,194,32,162,318.105,True,3239,2025-09-09T13:52:18.495046+00:00,256,3,
Classic-McEliece-6960119f,KEM,5.0,5120,289.9727,14.5949,1.9282,194,32,162,306.4957,True,3240,2025-09-09T13:52:18.910936+00:00,256,3,
Classic-McEliece-6960119f,KEM,5.0,5120,596.4391,18.1318,4.0957,194,32,162,618.6666,True,3241,2025-09-09T13:52:19.645810+00:00,256,3,
Classic-McEliece-6960119f,KEM,5.0,5120,460.5012,24.2036,2.8427,194,32,162,487.5475,True,3242,2025-09-09T13:52:20.254553+00:00,256,3,
Classic-McEliece-6960119f,KEM,5.0,5120,670.7081,18.8796,2.6281,194,32,162,692.2158,True,3243,2025-09-09T13:52:21.073403+00:00,256,3,
Classic-McEliece-6960119f,KEM,5.0,5120,797.0677,14.3079,3.2504,194,32,162,814.626,True,3244,2025-09-09T13:52:22.001676+00:00,256,3,
Classic-McEliece-6960119f,KEM,5.0,5120,637.8585,30.2163,9.2046,194,32,162,677.2795,True,3245,2025-09-09T13:52:22.803170+00:00,256,3,
Classic-McEliece-6960119f,KEM,5.0,5120,673.3813,17.8138,3.0643,194,32,162,694.2595,True,3246,2025-09-09T13:52:23.642461+00:00,256,3,
Classic-McEliece-6960119f,KEM,5.0,5120,758.4303,31.6742,9.4481,194,32,162,799.5525,True,3247,2025-09-09T13:52:24.596191+00:00,256,3,
Classic-McEliece-6960119f,KEM,5.0,5120,1195.8012,68.5002,37.5578,194,32,162,1301.8593,True,3248,2025-09-09T13:52:26.078075+00:00,256,3,
Classic-McEliece-6960119f,KEM,5.0,5120,744.2781,51.1391,12.0145,194,32,162,807.4317,True,3249,2025-09-09T13:52:27.105448+00:00,256,3,
Classic-McEliece-6960119f,KEM,5.0,5120,1052.2069,76.0771,52.0448,194,32,162,1180.3288,True,3250,2025-09-09T13:52:28.474326+00:00,256,3,
Classic-McEliece-6960119f,KEM,10.0,10240,1031.3507,48.6108,34.7155,194,32,162,1114.6771,True,3251,2025-09-09T13:52:29.795944+00:00,256,3,
Classic-McEliece-6960119f,KEM,10.0,10240,841.0568,45.9593,26.8889,194,32,162,913.9051,True,3252,2025-09-09T13:52:30.932006+00:00,256,3,
Classic-McEliece-6960119f,KEM,10.0,10240,629.3315,44.048,19.6813,194,32,162,693.0608,True,3253,2025-09-09T13:52:31.795415+00:00,256,3,
Classic-McEliece-6960119f,KEM,10.0,10240,752.4349,43.4891,11.5678,194,32,162,807.4918,True,3254,2025-09-09T13:52:32.766536+00:00,256,3,
Classic-McEliece-6960119f,KEM,10.0,10240,652.7878,34.6657,9.8556,194,32,162,697.309,True,3255,2025-09-09T13:52:33.636667+00:00,256,3,
Classic-McEliece-6960119f,KEM,10.0,10240,1270.3161,62.2714,6.0665,194,32,162,1338.6539,True,3256,2025-09-09T13:52:35.130859+00:00,256,3,
Classic-McEliece-6960119f,KEM,10.0,10240,820.4631,49.2519,38.1244,194,32,162,907.8394,True,3257,2025-09-09T13:52:36.183547+00:00,256,3,
Classic-McEliece-6960119f,KEM,10.0,10240,767.0107,20.8599,8.8816,194,32,162,796.7521,True,3258,2025-09-09T13:52:37.259231+00:00,256,3,
Classic-McEliece-6960119f,KEM,10.0,10240,986.4749,85.5485,58.7405,194,32,162,1130.764,True,3259,2025-09-09T13:52:38.642328+00:00,256,3,
Classic-McEliece-6960119f,KEM,10.0,10240,906.5965,43.6625,12.0855,194,32,162,962.3445,True,3260,2025-09-09T13:52:39.779981+00:00,256,3,
Classic-McEliece-6960119f,KEM,10.0,10240,935.0978,72.7857,41.1397,194,32,162,1049.0232,True,3261,2025-09-09T13:52:40.983579+00:00,256,3,
Classic-McEliece-6960119f,KEM,10.0,10240,909.6613,31.4717,19.0099,194,32,162,960.143,True,3262,2025-09-09T13:52:42.156679+00:00,256,3,
Classic-McEliece-6960119f,KEM,10.0,10240,943.2468,33.4293,7.6112,194,32,162,984.2872,True,3263,2025-09-09T13:52:43.405883+00:00,256,3,
Classic-McEliece-6960119f,KEM,10.0,10240,704.8412,56.9833,18.9151,194,32,162,780.7396,True,3264,2025-09-09T13:52:44.347701+00:00,256,3,
Classic-McEliece-6960119f,KEM,10.0,10240,1382.2227,76.9559,20.0234,194,32,162,1479.2021,True,3265,2025-09-09T13:52:45.992514+00:00,256,3,
Classic-McEliece-6960119f,KEM,10.0,10240,1129.1717,181.8421,31.1571,194,32,162,1342.1709,True,3266,2025-09-09T13:52:47.619502+00:00,256,3,
Classic-McEliece-6960119f,KEM,10.0,10240,1275.8366,67.7775,24.5358,194,32,162,1368.1499,True,3267,2025-09-09T13:52:49.202745+00:00,256,3,
Classic-McEliece-6960119f,KEM,10.0,10240,1062.6966,51.3554,46.5899,194,32,162,1160.6419,True,3268,2025-09-09T13:52:50.554804+00:00,256,3,
Classic-McEliece-6960119f,KEM,10.0,10240,1108.6338,63.7967,43.3399,194,32,162,1215.7704,True,3269,2025-09-09T13:52:52.035103+00:00,256,3,
Classic-McEliece-6960119f,KEM,10.0,10240,829.5456,57.0963,18.6679,194,32,162,905.3099,True,3270,2025-09-09T13:52:53.116017+00:00,256,3,
Classic-McEliece-6960119f,KEM,10.0,10240,1094.2085,66.0003,44.7437,194,32,162,1204.9525,True,3271,2025-09-09T13:52:54.485286+00:00,256,3,
Classic-McEliece-6960119f,KEM,10.0,10240,1503.1892,111.5345,56.7874,194,32,162,1671.5111,True,3272,2025-09-09T13:52:56.729603+00:00,256,3,
Classic-McEliece-6960119f,KEM,10.0,10240,1324.1609,74.2706,62.4248,194,32,162,1460.8564,True,3273,2025-09-09T13:52:58.439420+00:00,256,3,
Classic-McEliece-6960119f,KEM,10.0,10240,1444.1174,83.2828,37.5665,194,32,162,1564.9668,True,3274,2025-09-09T13:53:00.219847+00:00,256,3,
Classic-McEliece-6960119f,KEM,10.0,10240,1103.4181,68.4495,73.5459,194,32,162,1245.4135,True,3275,2025-09-09T13:53:01.726484+00:00,256,3,
Classic-McEliece-6960119f,KEM,10.0,10240,878.2338,70.0011,24.4955,194,32,162,972.7304,True,3276,2025-09-09T13:53:03.277418+00:00,256,3,
Classic-McEliece-6960119f,KEM,10.0,10240,1167.671,145.6772,21.842,194,32,162,1335.1902,True,3277,2025-09-09T13:53:04.844249+00:00,256,3,
Classic-McEliece-6960119f,KEM,10.0,10240,1800.7919,111.95,109.9148,194,32,162,2022.6567,True,3278,2025-09-09T13:53:07.203361+00:00,256,3,
Classic-McEliece-6960119f,KEM,10.0,10240,1161.2552,101.38,53.1334,194,32,162,1315.7686,True,3279,2025-09-09T13:53:08.738883+00:00,256,3,
Classic-McEliece-6960119f,KEM,10.0,10240,602.8638,52.3268,29.1927,194,32,162,684.3833,True,3280,2025-09-09T13:53:09.628948+00:00,256,3,
Classic-McEliece-6960119f,KEM,10.0,10240,1766.151,87.1898,38.1265,194,32,162,1891.4673,True,3281,2025-09-09T13:53:11.857418+00:00,256,3,
Classic-McEliece-6960119f,KEM,10.0,10240,762.755,79.1065,34.1828,194,32,162,876.0444,True,3282,2025-09-09T13:53:13.141827+00:00,256,3,
Classic-McEliece-6960119f,KEM,10.0,10240,904.243,119.871,38.9088,194,32,162,1063.0228,True,3283,2025-09-09T13:53:14.410391+00:00,256,3,
Classic-McEliece-6960119f,KEM,10.0,10240,1024.6418,187.0592,32.4824,194,32,162,1244.1834,True,3284,2025-09-09T13:53:16.083499+00:00,256,3,
Classic-McEliece-6960119f,KEM,10.0,10240,815.4483,71.8493,31.5527,194,32,162,918.8503,True,3285,2025-09-09T13:53:17.264595+00:00,256,3,
Classic-McEliece-6960119f,KEM,10.0,10240,758.2637,126.2274,63.4403,194,32,162,947.9314,True,3286,2025-09-09T13:53:18.502943+00:00,256,3,
Classic-McEliece-6960119f,KEM,10.0,10240,1121.1697,97.6445,74.1459,194,32,162,1292.9602,True,3287,2025-09-09T13:53:20.287629+00:00,256,3,
Classic-McEliece-6960119f,KEM,10.0,10240,723.0729,131.6257,48.6002,194,32,162,903.2988,True,3288,2025-09-09T13:53:21.381146+00:00,256,3,
Classic-McEliece-6960119f,KEM,10.0,10240,874.2384,86.4739,38.2669,194,32,162,998.9791,True,3289,2025-09-09T13:53:22.637667+00:00,256,3,
Classic-McEliece-6960119f,KEM,10.0,10240,1308.1413,117.794,211.4803,194,32,162,1637.4155,True,3290,2025-09-09T13:53:24.520121+00:00,256,3,
Classic-McEliece-6960119f,KEM,10.0,10240,1083.2844,138.2111,50.421,194,32,162,1271.9166,True,3291,2025-09-09T13:53:26.135308+00:00,256,3,
Classic-McEliece-6960119f,KEM,10.0,10240,1425.5105,73.1233,48.5692,194,32,162,1547.203,True,3292,2025-09-09T13:53:27.860522+00:00,256,3,
Classic-McEliece-6960119f,KEM,10.0,10240,977.277,85.4284,54.7506,194,32,162,1117.456,True,3293,2025-09-09T13:53:29.332563+00:00,256,3,
Classic-McEliece-6960119f,KEM,10.0,10240,921.3907,402.6126,66.1959,194,32,162,1390.1992,True,3294,2025-09-09T13:53:31.003853+00:00,256,3,
Classic-McEliece-6960119f,KEM,10.0,10240,1057.6348,227.1986,83.8862,194,32,162,1368.7196,True,3295,2025-09-09T13:53:32.701364+00:00,256,3,
Classic-McEliece-6960119f,KEM,10.0,10240,1207.4215,170.5544,223.7549,194,32,162,1601.7308,True,3296,2025-09-09T13:53:34.761601+00:00,256,3,
Classic-McEliece-6960119f,KEM,10.0,10240,1518.6216,141.8617,42.7652,194,32,162,1703.2485,True,3297,2025-09-09T13:53:36.785534+00:00,256,3,
Classic-McEliece-6960119f,KEM,10.0,10240,1429.9204,119.0387,104.7607,194,32,162,1653.7198,True,3298,2025-09-09T13:53:38.907857+00:00,256,3,
Classic-McEliece-6960119f,KEM,10.0,10240,1286.3778,142.4486,92.7956,194,32,162,1521.622,True,3299,2025-09-09T13:53:40.862198+00:00,256,3,
Classic-McEliece-6960119f,KEM,10.0,10240,1010.1996,161.3797,50.776,194,32,162,1222.3553,True,3300,2025-09-09T13:53:42.481718+00:00,256,3,
Classic-McEliece-8192128,KEM,0.1,102,1941.2147,995.2431,59.7899,208,32,176,2996.2477,True,3301,2025-09-09T13:53:46.209787+00:00,256,3,
Classic-McEliece-8192128,KEM,0.1,102,1000.0571,103.782,55.9608,208,32,176,1159.8,True,3302,2025-09-09T13:53:47.899620+00:00,256,3,
Classic-McEliece-8192128,KEM,0.1,102,4927.5131,319.9392,92.6,208,32,176,5340.0523,True,3303,2025-09-09T13:53:54.219511+00:00,256,3,
Classic-McEliece-8192128,KEM,0.1,102,972.5774,333.5919,187.2058,208,32,176,1493.375,True,3304,2025-09-09T13:53:56.101556+00:00,256,3,
Classic-McEliece-8192128,KEM,0.1,102,2153.5859,514.3506,415.7514,208,32,176,3083.6879,True,3305,2025-09-09T13:53:59.753373+00:00,256,3,
Classic-McEliece-8192128,KEM,0.1,102,2557.9274,510.5774,79.141,208,32,176,3147.6458,True,3306,2025-09-09T13:54:03.524788+00:00,256,3,
Classic-McEliece-8192128,KEM,0.1,102,1765.3437,511.5939,33.2439,208,32,176,2310.1816,True,3307,2025-09-09T13:54:06.247813+00:00,256,3,
Classic-McEliece-8192128,KEM,0.1,102,1261.6644,1038.3947,102.1146,208,32,176,2402.1737,True,3308,2025-09-09T13:54:09.147151+00:00,256,3,
Classic-McEliece-8192128,KEM,0.1,102,1932.3486,105.3805,42.0346,208,32,176,2079.7637,True,3309,2025-09-09T13:54:11.622555+00:00,256,3,
Classic-McEliece-8192128,KEM,0.1,102,1676.5367,187.8015,58.3141,208,32,176,1922.6524,True,3310,2025-09-09T13:54:13.900022+00:00,256,3,
Classic-McEliece-8192128,KEM,0.1,102,1051.8587,33.033,8.8909,208,32,176,1093.7825,True,3311,2025-09-09T13:54:15.319003+00:00,256,3,
Classic-McEliece-8192128,KEM,0.1,102,2032.0551,70.1173,12.6415,208,32,176,2114.8139,True,3312,2025-09-09T13:54:17.641132+00:00,256,3,
Classic-McEliece-8192128,KEM,0.1,102,4887.005,17.0963,0.9954,208,32,176,4905.0967,True,3313,2025-09-09T13:54:22.721207+00:00,256,3,
Classic-McEliece-8192128,KEM,0.1,102,711.8912,1.7074,0.2819,208,32,176,713.8806,True,3314,2025-09-09T13:54:23.543644+00:00,256,3,
Classic-McEliece-8192128,KEM,0.1,102,928.0566,10.5214,1.5041,208,32,176,940.082,True,3315,2025-09-09T13:54:24.584859+00:00,256,3,
Classic-McEliece-8192128,KEM,0.1,102,693.4664,0.7746,0.228,208,32,176,694.469,True,3316,2025-09-09T13:54:25.384760+00:00,256,3,
Classic-McEliece-8192128,KEM,0.1,102,503.9723,0.9123,0.2482,208,32,176,505.1329,True,3317,2025-09-09T13:54:25.991212+00:00,256,3,
Classic-McEliece-8192128,KEM,0.1,102,873.0255,0.8749,0.2593,208,32,176,874.1598,True,3318,2025-09-09T13:54:26.977189+00:00,256,3,
Classic-McEliece-8192128,KEM,0.1,102,1135.24,0.8623,0.2898,208,32,176,1136.3921,True,3319,2025-09-09T13:54:28.215038+00:00,256,3,
Classic-McEliece-8192128,KEM,0.1,102,677.4286,0.8445,0.2137,208,32,176,678.4868,True,3320,2025-09-09T13:54:28.996055+00:00,256,3,
Classic-McEliece-8192128,KEM,0.1,102,438.8515,0.6858,0.2183,208,32,176,439.7556,True,3321,2025-09-09T13:54:29.537104+00:00,256,3,
Classic-McEliece-8192128,KEM,0.1,102,288.9051,0.8201,0.2074,208,32,176,289.9326,True,3322,2025-09-09T13:54:29.927963+00:00,256,3,
Classic-McEliece-8192128,KEM,0.1,102,286.3234,0.9881,0.6357,208,32,176,287.9472,True,3323,2025-09-09T13:54:30.316965+00:00,256,3,
Classic-McEliece-8192128,KEM,0.1,102,401.848,0.7456,0.1845,208,32,176,402.7781,True,3324,2025-09-09T13:54:30.820705+00:00,256,3,
Classic-McEliece-8192128,KEM,0.1,102,293.3144,0.8525,0.2202,208,32,176,294.3871,True,3325,2025-09-09T13:54:31.216206+00:00,256,3,
Classic-McEliece-8192128,KEM,0.1,102,311.3072,0.8102,0.2277,208,32,176,312.3451,True,3326,2025-09-09T13:54:31.629897+00:00,256,3,
Classic-McEliece-8192128,KEM,0.1,102,336.6587,0.6352,0.1747,208,32,176,337.4686,True,3327,2025-09-09T13:54:32.068810+00:00,256,3,
Classic-McEliece-8192128,KEM,0.1,102,280.8825,0.7209,0.2116,208,32,176,281.8149,True,3328,2025-09-09T13:54:32.451792+00:00,256,3,
Classic-McEliece-8192128,KEM,0.1,102,429.3604,0.7763,0.2335,208,32,176,430.3701,True,3329,2025-09-09T13:54:32.983328+00:00,256,3,
Classic-McEliece-8192128,KEM,0.1,102,485.9478,0.6896,0.2469,208,32,176,486.8843,True,3330,2025-09-09T13:54:33.571422+00:00,256,3,
Classic-McEliece-8192128,KEM,0.1,102,459.6996,0.6052,0.1986,208,32,176,460.5034,True,3331,2025-09-09T13:54:34.133036+00:00,256,3,
Classic-McEliece-8192128,KEM,0.1,102,469.9231,0.771,0.2471,208,32,176,470.9413,True,3332,2025-09-09T13:54:34.704765+00:00,256,3,
Classic-McEliece-8192128,KEM,0.1,102,624.4876,0.7088,0.2145,208,32,176,625.411,True,3333,2025-09-09T13:54:35.431102+00:00,256,3,
Classic-McEliece-8192128,KEM,0.1,102,265.1595,0.7585,0.1764,208,32,176,266.0945,True,3334,2025-09-09T13:54:35.798323+00:00,256,3,
Classic-McEliece-8192128,KEM,0.1,102,266.3459,0.7922,0.2234,208,32,176,267.3615,True,3335,2025-09-09T13:54:36.166665+00:00,256,3,
Classic-McEliece-8192128,KEM,0.1,102,542.3943,0.7722,0.2367,208,32,176,543.4032,True,3336,2025-09-09T13:54:36.813900+00:00,256,3,
Classic-McEliece-8192128,KEM,0.1,102,399.234,0.8966,0.1995,208,32,176,400.3301,True,3337,2025-09-09T13:54:37.315282+00:00,256,3,
Classic-McEliece-8192128,KEM,0.1,102,1060.7534,0.7784,0.2206,208,32,176,1061.7523,True,3338,2025-09-09T13:54:38.478157+00:00,256,3,
Classic-McEliece-8192128,KEM,0.1,102,310.0348,0.6088,0.1827,208,32,176,310.8263,True,3339,2025-09-09T13:54:38.890126+00:00,256,3,
Classic-McEliece-8192128,KEM,0.1,102,540.2125,1.0043,0.3046,208,32,176,541.5214,True,3340,2025-09-09T13:54:39.532620+00:00,256,3,
Classic-McEliece-8192128,KEM,0.1,102,763.7079,0.7616,0.2249,208,32,176,764.6944,True,3341,2025-09-09T13:54:40.398483+00:00,256,3,
Classic-McEliece-8192128,KEM,0.1,102,568.4423,0.6974,0.1801,208,32,176,569.3197,True,3342,2025-09-09T13:54:41.068856+00:00,256,3,
Classic-McEliece-8192128,KEM,0.1,102,590.6472,0.795,0.2273,208,32,176,591.6694,True,3343,2025-09-09T13:54:41.761356+00:00,256,3,
Classic-McEliece-8192128,KEM,0.1,102,959.7073,0.7618,0.2444,208,32,176,960.7135,True,3344,2025-09-09T13:54:42.822913+00:00,256,3,
Classic-McEliece-8192128,KEM,0.1,102,704.708,0.9048,0.2253,208,32,176,705.8381,True,3345,2025-09-09T13:54:43.633646+00:00,256,3,
Classic-McEliece-8192128,KEM,0.1,102,438.185,0.7935,0.6824,208,32,176,439.6609,True,3346,2025-09-09T13:54:44.174407+00:00,256,3,
Classic-McEliece-8192128,KEM,0.1,102,613.3434,0.7836,0.2295,208,32,176,614.3565,True,3347,2025-09-09T13:54:44.889636+00:00,256,3,
Classic-McEliece-8192128,KEM,0.1,102,658.0736,0.8725,0.2717,208,32,176,659.2177,True,3348,2025-09-09T13:54:45.655542+00:00,256,3,
Classic-McEliece-8192128,KEM,0.1,102,637.2562,0.9494,1.7633,208,32,176,639.9689,True,3349,2025-09-09T13:54:46.396382+00:00,256,3,
Classic-McEliece-8192128,KEM,0.1,102,660.6575,12.1974,0.2769,208,32,176,673.1317,True,3350,2025-09-09T13:54:47.170381+00:00,256,3,
Classic-McEliece-8192128,KEM,0.5,512,531.705,0.8825,0.2841,208,32,176,532.8716,True,3351,2025-09-09T13:54:47.804304+00:00,256,3,
Classic-McEliece-8192128,KEM,0.5,512,502.8573,0.5751,0.19,208,32,176,503.6224,True,3352,2025-09-09T13:54:48.409012+00:00,256,3,
Classic-McEliece-8192128,KEM,0.5,512,441.2011,0.8183,0.2397,208,32,176,442.2591,True,3353,2025-09-09T13:54:48.952155+00:00,256,3,
Classic-McEliece-8192128,KEM,0.5,512,534.5696,0.7753,0.2009,208,32,176,535.5459,True,3354,2025-09-09T13:54:49.588696+00:00,256,3,
Classic-McEliece-8192128,KEM,0.5,512,1069.5031,1.0054,0.2391,208,32,176,1070.7475,True,3355,2025-09-09T13:54:50.760386+00:00,256,3,
Classic-McEliece-8192128,KEM,0.5,512,640.4973,0.7417,0.2739,208,32,176,641.513,True,3356,2025-09-09T13:54:51.503710+00:00,256,3,
Classic-McEliece-8192128,KEM,0.5,512,407.8703,0.7424,0.2178,208,32,176,408.8305,True,3357,2025-09-09T13:54:52.013393+00:00,256,3,
Classic-McEliece-8192128,KEM,0.5,512,769.9607,1.0219,0.3274,208,32,176,771.3101,True,3358,2025-09-09T13:54:52.885670+00:00,256,3,
Classic-McEliece-8192128,KEM,0.5,512,896.3495,0.7079,0.1952,208,32,176,897.2527,True,3359,2025-09-09T13:54:53.883980+00:00,256,3,
Classic-McEliece-8192128,KEM,0.5,512,451.4099,0.8018,0.2363,208,32,176,452.448,True,3360,2025-09-09T13:54:54.437305+00:00,256,3,
Classic-McEliece-8192128,KEM,0.5,512,458.0768,0.8484,0.2429,208,32,176,459.1681,True,3361,2025-09-09T13:54:54.997437+00:00,256,3,
Classic-McEliece-8192128,KEM,0.5,512,543.3558,1.1235,0.2468,208,32,176,544.7261,True,3362,2025-09-09T13:54:55.644381+00:00,256,3,
Classic-McEliece-8192128,KEM,0.5,512,626.0262,1.1409,0.2407,208,32,176,627.4078,True,3363,2025-09-09T13:54:56.372916+00:00,256,3,
Classic-McEliece-8192128,KEM,0.5,512,620.5298,0.7411,0.2109,208,32,176,621.4818,True,3364,2025-09-09T13:54:57.095267+00:00,256,3,
Classic-McEliece-8192128,KEM,0.5,512,698.3332,0.8921,0.2564,208,32,176,699.4818,True,3365,2025-09-09T13:54:57.895676+00:00,256,3,
Classic-McEliece-8192128,KEM,0.5,512,633.2108,0.8731,0.2546,208,32,176,634.3386,True,3366,2025-09-09T13:54:58.630842+00:00,256,3,
Classic-McEliece-8192128,KEM,0.5,512,519.7351,1.2095,0.1862,208,32,176,521.1308,True,3367,2025-09-09T13:54:59.256834+00:00,256,3,
Classic-McEliece-8192128,KEM,0.5,512,461.0413,8.8059,0.2617,208,32,176,470.109,True,3368,2025-09-09T13:54:59.827956+00:00,256,3,
Classic-McEliece-8192128,KEM,0.5,512,708.721,0.7339,0.2567,208,32,176,709.7116,True,3369,2025-09-09T13:55:00.641412+00:00,256,3,
Classic-McEliece-8192128,KEM,0.5,512,492.5584,0.825,0.2243,208,32,176,493.6077,True,3370,2025-09-09T13:55:01.236008+00:00,256,3,
Classic-McEliece-8192128,KEM,0.5,512,450.4765,0.6092,0.181,208,32,176,451.2667,True,3371,2025-09-09T13:55:01.788206+00:00,256,3,
Classic-McEliece-8192128,KEM,0.5,512,843.0553,0.8793,0.2225,208,32,176,844.157,True,3372,2025-09-09T13:55:02.733127+00:00,256,3,
Classic-McEliece-8192128,KEM,0.5,512,537.2786,1.0325,0.5389,208,32,176,538.85,True,3373,2025-09-09T13:55:03.372789+00:00,256,3,
Classic-McEliece-8192128,KEM,0.5,512,521.3814,4.6453,0.2483,208,32,176,526.2749,True,3374,2025-09-09T13:55:04.000042+00:00,256,3,
Classic-McEliece-8192128,KEM,0.5,512,500.0517,0.9205,0.2645,208,32,176,501.2367,True,3375,2025-09-09T13:55:04.602186+00:00,256,3,
Classic-McEliece-8192128,KEM,0.5,512,727.6615,0.8312,0.2215,208,32,176,728.7142,True,3376,2025-09-09T13:55:05.432170+00:00,256,3,
Classic-McEliece-8192128,KEM,0.5,512,495.6126,0.8921,0.2725,208,32,176,496.7771,True,3377,2025-09-09T13:55:06.030917+00:00,256,3,
Classic-McEliece-8192128,KEM,0.5,512,437.1213,0.841,0.1917,208,32,176,438.154,True,3378,2025-09-09T13:55:06.570033+00:00,256,3,
Classic-McEliece-8192128,KEM,0.5,512,719.3835,0.7707,0.2386,208,32,176,720.3928,True,3379,2025-09-09T13:55:07.391397+00:00,256,3,
Classic-McEliece-8192128,KEM,0.5,512,378.2125,1.0033,0.2484,208,32,176,379.4642,True,3380,2025-09-09T13:55:07.871923+00:00,256,3,
Classic-McEliece-8192128,KEM,0.5,512,368.5757,0.7603,0.3406,208,32,176,369.6766,True,3381,2025-09-09T13:55:08.343725+00:00,256,3,
Classic-McEliece-8192128,KEM,0.5,512,310.1934,0.8529,0.2275,208,32,176,311.2738,True,3382,2025-09-09T13:55:08.756497+00:00,256,3,
Classic-McEliece-8192128,KEM,0.5,512,492.9631,0.9306,0.2933,208,32,176,494.187,True,3383,2025-09-09T13:55:09.351880+00:00,256,3,
Classic-McEliece-8192128,KEM,0.5,512,372.7184,0.7272,0.2429,208,32,176,373.6884,True,3384,2025-09-09T13:55:09.826903+00:00,256,3,
Classic-McEliece-8192128,KEM,0.5,512,604.181,0.5622,0.1722,208,32,176,604.9153,True,3385,2025-09-09T13:55:10.533025+00:00,256,3,
Classic-McEliece-8192128,KEM,0.5,512,1107.0886,0.7974,0.2009,208,32,176,1108.087,True,3386,2025-09-09T13:55:11.748163+00:00,256,3,
Classic-McEliece-8192128,KEM,0.5,512,602.7076,1.0111,0.2962,208,32,176,604.0149,True,3387,2025-09-09T13:55:12.452949+00:00,256,3,
Classic-McEliece-8192128,KEM,0.5,512,372.5586,0.8351,0.2153,208,32,176,373.609,True,3388,2025-09-09T13:55:12.929614+00:00,256,3,
Classic-McEliece-8192128,KEM,0.5,512,509.0779,0.6831,0.3482,208,32,176,510.1092,True,3389,2025-09-09T13:55:13.540602+00:00,256,3,
Classic-McEliece-8192128,KEM,0.5,512,390.9884,0.7806,0.235,208,32,176,392.004,True,3390,2025-09-09T13:55:14.033428+00:00,256,3,
Classic-McEliece-8192128,KEM,0.5,512,374.1163,0.7202,0.2252,208,32,176,375.0616,True,3391,2025-09-09T13:55:14.510123+00:00,256,3,
Classic-McEliece-8192128,KEM,0.5,512,299.1601,0.7937,0.3253,208,32,176,300.279,True,3392,2025-09-09T13:55:14.911541+00:00,256,3,
Classic-McEliece-8192128,KEM,0.5,512,621.9903,0.7353,0.2374,208,32,176,622.963,True,3393,2025-09-09T13:55:15.635774+00:00,256,3,
Classic-McEliece-8192128,KEM,0.5,512,491.7318,3.4645,0.266,208,32,176,495.4623,True,3394,2025-09-09T13:55:16.232204+00:00,256,3,
Classic-McEliece-8192128,KEM,0.5,512,503.4935,0.7094,0.2068,208,32,176,504.4097,True,3395,2025-09-09T13:55:16.840520+00:00,256,3,
Classic-McEliece-8192128,KEM,0.5,512,559.2414,0.9575,0.302,208,32,176,560.501,True,3396,2025-09-09T13:55:17.502033+00:00,256,3,
Classic-McEliece-8192128,KEM,0.5,512,362.0975,0.6592,0.2103,208,32,176,362.9669,True,3397,2025-09-09T13:55:17.965922+00:00,256,3,
Classic-McEliece-8192128,KEM,0.5,512,370.9265,0.777,0.2451,208,32,176,371.9486,True,3398,2025-09-09T13:55:18.438761+00:00,256,3,
Classic-McEliece-8192128,KEM,0.5,512,543.3654,0.79,0.2194,208,32,176,544.3748,True,3399,2025-09-09T13:55:19.085255+00:00,256,3,
Classic-McEliece-8192128,KEM,0.5,512,364.8499,0.8512,0.2555,208,32,176,365.9566,True,3400,2025-09-09T13:55:19.552363+00:00,256,3,
Classic-McEliece-8192128,KEM,1.0,1024,491.6085,0.7409,0.2555,208,32,176,492.6049,True,3401,2025-09-09T13:55:20.146176+00:00,256,3,
Classic-McEliece-8192128,KEM,1.0,1024,443.0687,0.9598,0.482,208,32,176,444.5105,True,3402,2025-09-09T13:55:20.691894+00:00,256,3,
Classic-McEliece-8192128,KEM,1.0,1024,606.6854,1.4989,0.2831,208,32,176,608.4673,True,3403,2025-09-09T13:55:21.401426+00:00,256,3,
Classic-McEliece-8192128,KEM,1.0,1024,346.6299,0.7028,0.2455,208,32,176,347.5782,True,3404,2025-09-09T13:55:21.849966+00:00,256,3,
Classic-McEliece-8192128,KEM,1.0,1024,552.0118,0.776,0.2147,208,32,176,553.0025,True,3405,2025-09-09T13:55:22.504130+00:00,256,3,
Classic-McEliece-8192128,KEM,1.0,1024,519.4935,1.1294,0.237,208,32,176,520.8599,True,3406,2025-09-09T13:55:23.128675+00:00,256,3,
Classic-McEliece-8192128,KEM,1.0,1024,637.7726,0.7878,0.2612,208,32,176,638.8216,True,3407,2025-09-09T13:55:23.868777+00:00,256,3,
Classic-McEliece-8192128,KEM,1.0,1024,374.1083,0.6369,0.2577,208,32,176,375.0029,True,3408,2025-09-09T13:55:24.345906+00:00,256,3,
Classic-McEliece-8192128,KEM,1.0,1024,429.0545,0.7772,0.2699,208,32,176,430.1016,True,3409,2025-09-09T13:55:24.877280+00:00,256,3,
Classic-McEliece-8192128,KEM,1.0,1024,453.5522,0.8618,0.7617,208,32,176,455.1758,True,3410,2025-09-09T13:55:25.433682+00:00,256,3,
Classic-McEliece-8192128,KEM,1.0,1024,379.6181,0.8338,8.3859,208,32,176,388.8377,True,3411,2025-09-09T13:55:25.923694+00:00,256,3,
Classic-McEliece-8192128,KEM,1.0,1024,757.7832,0.8522,0.2388,208,32,176,758.8742,True,3412,2025-09-09T13:55:26.784064+00:00,256,3,
Classic-McEliece-8192128,KEM,1.0,1024,419.0034,0.5707,0.176,208,32,176,419.7501,True,3413,2025-09-09T13:55:27.304968+00:00,256,3,
Classic-McEliece-8192128,KEM,1.0,1024,309.0506,0.6808,0.2264,208,32,176,309.9578,True,3414,2025-09-09T13:55:27.715922+00:00,256,3,
Classic-McEliece-8192128,KEM,1.0,1024,293.4254,0.6672,0.2415,208,32,176,294.3341,True,3415,2025-09-09T13:55:28.111217+00:00,256,3,
Classic-McEliece-8192128,KEM,1.0,1024,335.2351,0.7577,0.1868,208,32,176,336.1797,True,3416,2025-09-09T13:55:28.548550+00:00,256,3,
Classic-McEliece-8192128,KEM,1.0,1024,450.1628,0.7287,0.2829,208,32,176,451.1744,True,3417,2025-09-09T13:55:29.100966+00:00,256,3,
Classic-McEliece-8192128,KEM,1.0,1024,392.9234,0.6809,0.1889,208,32,176,393.7932,True,3418,2025-09-09T13:55:29.596279+00:00,256,3,
Classic-McEliece-8192128,KEM,1.0,1024,515.7401,0.5977,0.205,208,32,176,516.5429,True,3419,2025-09-09T13:55:30.213891+00:00,256,3,
Classic-McEliece-8192128,KEM,1.0,1024,365.3169,0.7822,0.2296,208,32,176,366.3288,True,3420,2025-09-09T13:55:30.681500+00:00,256,3,
Classic-McEliece-8192128,KEM,1.0,1024,327.5291,0.5685,0.2129,208,32,176,328.3105,True,3421,2025-09-09T13:55:31.111259+00:00,256,3,
Classic-McEliece-8192128,KEM,1.0,1024,372.6289,0.6655,0.2615,208,32,176,373.556,True,3422,2025-09-09T13:55:31.585920+00:00,256,3,
Classic-McEliece-8192128,KEM,1.0,1024,463.265,0.6928,0.2837,208,32,176,464.2415,True,3423,2025-09-09T13:55:32.155856+00:00,256,3,
Classic-McEliece-8192128,KEM,1.0,1024,263.4955,0.5466,0.3882,208,32,176,264.4303,True,3424,2025-09-09T13:55:32.522760+00:00,256,3,
Classic-McEliece-8192128,KEM,1.0,1024,328.8224,0.5798,0.1808,208,32,176,329.583,True,3425,2025-09-09T13:55:32.953468+00:00,256,3,
Classic-McEliece-8192128,KEM,1.0,1024,494.7835,0.6215,0.2247,208,32,176,495.6296,True,3426,2025-09-09T13:55:33.550208+00:00,256,3,
Classic-McEliece-8192128,KEM,1.0,1024,365.5361,0.7864,0.2255,208,32,176,366.5479,True,3427,2025-09-09T13:55:34.017900+00:00,256,3,
Classic-McEliece-8192128,KEM,1.0,1024,418.2264,0.5136,0.1743,208,32,176,418.9143,True,3428,2025-09-09T13:55:34.538349+00:00,256,3,
Classic-McEliece-8192128,KEM,1.0,1024,387.1291,1.0743,0.2325,208,32,176,388.4358,True,3429,2025-09-09T13:55:35.027804+00:00,256,3,
Classic-McEliece-8192128,KEM,1.0,1024,382.97,0.7253,0.2669,208,32,176,383.9622,True,3430,2025-09-09T13:55:35.514810+00:00,256,3,
Classic-McEliece-8192128,KEM,1.0,1024,547.9411,6.5307,1.2201,208,32,176,555.6919,True,3431,2025-09-09T13:55:36.171531+00:00,256,3,
Classic-McEliece-8192128,KEM,1.0,1024,458.372,0.8929,0.2133,208,32,176,459.4781,True,3432,2025-09-09T13:55:36.731979+00:00,256,3,
Classic-McEliece-8192128,KEM,1.0,1024,479.4519,0.6592,0.1821,208,32,176,480.2933,True,3433,2025-09-09T13:55:37.313327+00:00,256,3,
Classic-McEliece-8192128,KEM,1.0,1024,332.0627,0.8185,0.2309,208,32,176,333.1122,True,3434,2025-09-09T13:55:37.747655+00:00,256,3,
Classic-McEliece-8192128,KEM,1.0,1024,352.8807,0.5821,0.1895,208,32,176,353.6523,True,3435,2025-09-09T13:55:38.202539+00:00,256,3,
Classic-McEliece-8192128,KEM,1.0,1024,363.0665,0.6934,0.2032,208,32,176,363.963,True,3436,2025-09-09T13:55:38.667731+00:00,256,3,
Classic-McEliece-8192128,KEM,1.0,1024,314.8018,0.7324,0.1785,208,32,176,315.7127,True,3437,2025-09-09T13:55:39.084755+00:00,256,3,
Classic-McEliece-8192128,KEM,1.0,1024,399.9965,0.8299,0.2724,208,32,176,401.0987,True,3438,2025-09-09T13:55:39.586805+00:00,256,3,
Classic-McEliece-8192128,KEM,1.0,1024,416.8176,0.8135,0.2529,208,32,176,417.884,True,3439,2025-09-09T13:55:40.105807+00:00,256,3,
Classic-McEliece-8192128,KEM,1.0,1024,444.4334,0.8226,0.2857,208,32,176,445.5416,True,3440,2025-09-09T13:55:40.652707+00:00,256,3,
Classic-McEliece-8192128,KEM,1.0,1024,452.505,0.6122,0.1746,208,32,176,453.2918,True,3441,2025-09-09T13:55:41.207188+00:00,256,3,
Classic-McEliece-8192128,KEM,1.0,1024,420.2859,0.9829,0.2278,208,32,176,421.4967,True,3442,2025-09-09T13:55:41.729894+00:00,256,3,
Classic-McEliece-8192128,KEM,1.0,1024,429.0332,0.7609,0.3498,208,32,176,430.1439,True,3443,2025-09-09T13:55:42.262122+00:00,256,3,
Classic-McEliece-8192128,KEM,1.0,1024,312.4719,1.0856,0.2292,208,32,176,313.7866,True,3444,2025-09-09T13:55:42.677229+00:00,256,3,
Classic-McEliece-8192128,KEM,1.0,1024,339.3713,0.9848,0.5268,208,32,176,340.8829,True,3445,2025-09-09T13:55:43.119359+00:00,256,3,
Classic-McEliece-8192128,KEM,1.0,1024,422.7841,0.6563,0.1943,208,32,176,423.6346,True,3446,2025-09-09T13:55:43.644276+00:00,256,3,
Classic-McEliece-8192128,KEM,1.0,1024,346.1647,0.6105,0.1769,208,32,176,346.9522,True,3447,2025-09-09T13:55:44.092385+00:00,256,3,
Classic-McEliece-8192128,KEM,1.0,1024,353.1905,0.7999,0.2756,208,32,176,354.266,True,3448,2025-09-09T13:55:44.547665+00:00,256,3,
Classic-McEliece-8192128,KEM,1.0,1024,327.4023,0.538,0.1743,208,32,176,328.1146,True,3449,2025-09-09T13:55:44.977138+00:00,256,3,
Classic-McEliece-8192128,KEM,1.0,1024,313.6405,0.705,0.2016,208,32,176,314.5471,True,3450,2025-09-09T13:55:45.392881+00:00,256,3,
Classic-McEliece-8192128,KEM,2.0,2048,342.8543,0.5514,0.2806,208,32,176,343.6863,True,3451,2025-09-09T13:55:45.838456+00:00,256,3,
Classic-McEliece-8192128,KEM,2.0,2048,392.6953,0.5109,0.172,208,32,176,393.3782,True,3452,2025-09-09T13:55:46.333512+00:00,256,3,
Classic-McEliece-8192128,KEM,2.0,2048,399.0372,0.6736,0.2048,208,32,176,399.9156,True,3453,2025-09-09T13:55:46.834968+00:00,256,3,
Classic-McEliece-8192128,KEM,2.0,2048,940.3056,0.8381,0.2252,208,32,176,941.3689,True,3454,2025-09-09T13:55:47.882591+00:00,256,3,
Classic-McEliece-8192128,KEM,2.0,2048,886.4621,0.7802,0.2309,208,32,176,887.4732,True,3455,2025-09-09T13:55:48.871414+00:00,256,3,
Classic-McEliece-8192128,KEM,2.0,2048,417.7434,0.7819,0.198,208,32,176,418.7233,True,3456,2025-09-09T13:55:49.391722+00:00,256,3,
Classic-McEliece-8192128,KEM,2.0,2048,405.8524,0.5552,0.2271,208,32,176,406.6348,True,3457,2025-09-09T13:55:49.899556+00:00,256,3,
Classic-McEliece-8192128,KEM,2.0,2048,396.4429,0.5975,0.2354,208,32,176,397.2759,True,3458,2025-09-09T13:55:50.398165+00:00,256,3,
Classic-McEliece-8192128,KEM,2.0,2048,422.8264,0.7087,0.2745,208,32,176,423.8095,True,3459,2025-09-09T13:55:50.923584+00:00,256,3,
Classic-McEliece-8192128,KEM,2.0,2048,429.3155,0.702,0.2012,208,32,176,430.2187,True,3460,2025-09-09T13:55:51.455491+00:00,256,3,
Classic-McEliece-8192128,KEM,2.0,2048,345.3503,0.8199,0.2273,208,32,176,346.3975,True,3461,2025-09-09T13:55:51.903266+00:00,256,3,
Classic-McEliece-8192128,KEM,2.0,2048,385.078,0.6708,0.2856,208,32,176,386.0344,True,3462,2025-09-09T13:55:52.402945+00:00,256,3,
Classic-McEliece-8192128,KEM,2.0,2048,410.2786,0.6387,0.7206,208,32,176,411.6379,True,3463,2025-09-09T13:55:52.931639+00:00,256,3,
Classic-McEliece-8192128,KEM,2.0,2048,352.8805,0.8102,0.2388,208,32,176,353.9295,True,3464,2025-09-09T13:55:53.387233+00:00,256,3,
Classic-McEliece-8192128,KEM,2.0,2048,608.4722,0.8257,0.3435,208,32,176,609.6413,True,3465,2025-09-09T13:55:54.098847+00:00,256,3,
Classic-McEliece-8192128,KEM,2.0,2048,451.5165,0.7877,0.2245,208,32,176,452.5287,True,3466,2025-09-09T13:55:54.652933+00:00,256,3,
Classic-McEliece-8192128,KEM,2.0,2048,378.3993,0.8084,0.2207,208,32,176,379.4283,True,3467,2025-09-09T13:55:55.133860+00:00,256,3,
Classic-McEliece-8192128,KEM,2.0,2048,392.9008,0.6416,0.2464,208,32,176,393.7888,True,3468,2025-09-09T13:55:55.629250+00:00,256,3,
Classic-McEliece-8192128,KEM,2.0,2048,793.8159,0.7689,0.2598,208,32,176,794.8446,True,3469,2025-09-09T13:55:56.525795+00:00,256,3,
Classic-McEliece-8192128,KEM,2.0,2048,374.2754,0.7269,0.2427,208,32,176,375.245,True,3470,2025-09-09T13:55:57.015541+00:00,256,3,
Classic-McEliece-8192128,KEM,2.0,2048,412.3921,0.835,0.2375,208,32,176,413.4646,True,3471,2025-09-09T13:55:57.530645+00:00,256,3,
Classic-McEliece-8192128,KEM,2.0,2048,367.258,4.9752,0.2768,208,32,176,372.5101,True,3472,2025-09-09T13:55:58.004578+00:00,256,3,
Classic-McEliece-8192128,KEM,2.0,2048,599.9853,1.4886,0.2243,208,32,176,601.6982,True,3473,2025-09-09T13:55:58.708082+00:00,256,3,
Classic-McEliece-8192128,KEM,2.0,2048,489.2964,0.8873,0.2266,208,32,176,490.4103,True,3474,2025-09-09T13:55:59.300030+00:00,256,3,
Classic-McEliece-8192128,KEM,2.0,2048,446.9508,0.8305,0.2961,208,32,176,448.0775,True,3475,2025-09-09T13:55:59.853226+00:00,256,3,
Classic-McEliece-8192128,KEM,2.0,2048,642.2745,0.8459,0.2839,208,32,176,643.4043,True,3476,2025-09-09T13:56:00.602365+00:00,256,3,
Classic-McEliece-8192128,KEM,2.0,2048,1140.9683,0.7366,0.2298,208,32,176,1141.9346,True,3477,2025-09-09T13:56:01.846315+00:00,256,3,
Classic-McEliece-8192128,KEM,2.0,2048,562.0008,0.8212,0.2289,208,32,176,563.0509,True,3478,2025-09-09T13:56:02.510989+00:00,256,3,
Classic-McEliece-8192128,KEM,2.0,2048,368.0306,0.6033,0.2191,208,32,176,368.8531,True,3479,2025-09-09T13:56:02.981193+00:00,256,3,
Classic-McEliece-8192128,KEM,2.0,2048,839.8829,0.841,0.267,208,32,176,840.9908,True,3480,2025-09-09T13:56:03.923665+00:00,256,3,
Classic-McEliece-8192128,KEM,2.0,2048,301.4003,0.9425,0.2198,208,32,176,302.5626,True,3481,2025-09-09T13:56:04.327911+00:00,256,3,
Classic-McEliece-8192128,KEM,2.0,2048,706.6197,0.7368,0.2515,208,32,176,707.6081,True,3482,2025-09-09T13:56:05.137405+00:00,256,3,
Classic-McEliece-8192128,KEM,2.0,2048,569.572,1.3831,0.1863,208,32,176,571.1414,True,3483,2025-09-09T13:56:05.810298+00:00,256,3,
Classic-McEliece-8192128,KEM,2.0,2048,480.506,0.7419,0.4025,208,32,176,481.6504,True,3484,2025-09-09T13:56:06.393611+00:00,256,3,
Classic-McEliece-8192128,KEM,2.0,2048,365.8423,0.8398,0.2311,208,32,176,366.9132,True,3485,2025-09-09T13:56:06.862291+00:00,256,3,
Classic-McEliece-8192128,KEM,2.0,2048,546.3098,0.7655,0.1771,208,32,176,547.2524,True,3486,2025-09-09T13:56:07.511119+00:00,256,3,
Classic-McEliece-8192128,KEM,2.0,2048,688.6623,0.6298,0.1785,208,32,176,689.4706,True,3487,2025-09-09T13:56:08.302376+00:00,256,3,
Classic-McEliece-8192128,KEM,2.0,2048,500.8225,0.8113,0.2157,208,32,176,501.8495,True,3488,2025-09-09T13:56:08.906178+00:00,256,3,
Classic-McEliece-8192128,KEM,2.0,2048,314.3207,0.6157,0.1754,208,32,176,315.1119,True,3489,2025-09-09T13:56:09.323299+00:00,256,3,
Classic-McEliece-8192128,KEM,2.0,2048,359.4588,0.756,0.2208,208,32,176,360.4356,True,3490,2025-09-09T13:56:09.785056+00:00,256,3,
Classic-McEliece-8192128,KEM,2.0,2048,359.0056,0.8083,0.2515,208,32,176,360.0655,True,3491,2025-09-09T13:56:10.249137+00:00,256,3,
Classic-McEliece-8192128,KEM,2.0,2048,352.4946,0.9926,0.2906,208,32,176,353.7778,True,3492,2025-09-09T13:56:10.704676+00:00,256,3,
Classic-McEliece-8192128,KEM,2.0,2048,510.6106,0.802,0.223,208,32,176,511.6356,True,3493,2025-09-09T13:56:11.317591+00:00,256,3,
Classic-McEliece-8192128,KEM,2.0,2048,357.7305,0.8538,0.2511,208,32,176,358.8354,True,3494,2025-09-09T13:56:11.778085+00:00,256,3,
Classic-McEliece-8192128,KEM,2.0,2048,533.9389,0.8044,0.2546,208,32,176,534.9979,True,3495,2025-09-09T13:56:12.414798+00:00,256,3,
Classic-McEliece-8192128,KEM,2.0,2048,432.4909,0.8282,0.2292,208,32,176,433.5484,True,3496,2025-09-09T13:56:12.949958+00:00,256,3,
Classic-McEliece-8192128,KEM,2.0,2048,692.4127,0.8046,0.2302,208,32,176,693.4475,True,3497,2025-09-09T13:56:13.745117+00:00,256,3,
Classic-McEliece-8192128,KEM,2.0,2048,567.6496,0.6952,0.272,208,32,176,568.6168,True,3498,2025-09-09T13:56:14.414941+00:00,256,3,
Classic-McEliece-8192128,KEM,2.0,2048,546.1047,0.8442,0.2748,208,32,176,547.2237,True,3499,2025-09-09T13:56:15.063792+00:00,256,3,
Classic-McEliece-8192128,KEM,2.0,2048,1017.445,0.6453,0.2414,208,32,176,1018.3316,True,3500,2025-09-09T13:56:16.185331+00:00,256,3,
Classic-McEliece-8192128,KEM,5.0,5120,439.6766,0.7639,0.2175,208,32,176,440.6581,True,3501,2025-09-09T13:56:16.728401+00:00,256,3,
Classic-McEliece-8192128,KEM,5.0,5120,504.1978,0.7999,0.2703,208,32,176,505.2679,True,3502,2025-09-09T13:56:17.336163+00:00,256,3,
Classic-McEliece-8192128,KEM,5.0,5120,355.6994,0.8912,0.8919,208,32,176,357.4825,True,3503,2025-09-09T13:56:17.796234+00:00,256,3,
Classic-McEliece-8192128,KEM,5.0,5120,383.6083,4.5856,0.3159,208,32,176,388.5097,True,3504,2025-09-09T13:56:18.287397+00:00,256,3,
Classic-McEliece-8192128,KEM,5.0,5120,406.2204,0.7735,0.2354,208,32,176,407.2292,True,3505,2025-09-09T13:56:18.797036+00:00,256,3,
Classic-McEliece-8192128,KEM,5.0,5120,525.4589,0.7692,0.2399,208,32,176,526.468,True,3506,2025-09-09T13:56:19.425664+00:00,256,3,
Classic-McEliece-8192128,KEM,5.0,5120,656.6202,0.7498,0.2518,208,32,176,657.6219,True,3507,2025-09-09T13:56:20.186523+00:00,256,3,
Classic-McEliece-8192128,KEM,5.0,5120,356.6439,0.7655,0.2173,208,32,176,357.6267,True,3508,2025-09-09T13:56:20.646125+00:00,256,3,
Classic-McEliece-8192128,KEM,5.0,5120,622.652,1.1265,0.3644,208,32,176,624.143,True,3509,2025-09-09T13:56:21.380110+00:00,256,3,
Classic-McEliece-8192128,KEM,5.0,5120,505.8423,0.6724,0.4377,208,32,176,506.9523,True,3510,2025-09-09T13:56:21.989287+00:00,256,3,
Classic-McEliece-8192128,KEM,5.0,5120,642.2234,0.8389,0.191,208,32,176,643.2532,True,3511,2025-09-09T13:56:22.734690+00:00,256,3,
Classic-McEliece-8192128,KEM,5.0,5120,355.9477,0.836,0.2291,208,32,176,357.0128,True,3512,2025-09-09T13:56:23.196093+00:00,256,3,
Classic-McEliece-8192128,KEM,5.0,5120,493.493,1.1512,0.3854,208,32,176,495.0296,True,3513,2025-09-09T13:56:23.795704+00:00,256,3,
Classic-McEliece-8192128,KEM,5.0,5120,334.9895,0.8004,0.2572,208,32,176,336.0471,True,3514,2025-09-09T13:56:24.233797+00:00,256,3,
Classic-McEliece-8192128,KEM,5.0,5120,354.6315,0.905,0.2932,208,32,176,355.8297,True,3515,2025-09-09T13:56:24.699624+00:00,256,3,
Classic-McEliece-8192128,KEM,5.0,5120,667.0836,0.9687,0.2383,208,32,176,668.2905,True,3516,2025-09-09T13:56:25.470600+00:00,256,3,
Classic-McEliece-8192128,KEM,5.0,5120,1192.4747,11.7036,0.2638,208,32,176,1204.4421,True,3517,2025-09-09T13:56:26.777032+00:00,256,3,
Classic-McEliece-8192128,KEM,5.0,5120,945.7337,0.8345,0.2593,208,32,176,946.8274,True,3518,2025-09-09T13:56:27.826261+00:00,256,3,
Classic-McEliece-8192128,KEM,5.0,5120,498.1482,0.7931,0.3119,208,32,176,499.2533,True,3519,2025-09-09T13:56:28.427929+00:00,256,3,
Classic-McEliece-8192128,KEM,5.0,5120,646.9217,0.9772,0.3017,208,32,176,648.2006,True,3520,2025-09-09T13:56:29.178247+00:00,256,3,
Classic-McEliece-8192128,KEM,5.0,5120,594.576,1.0148,0.2431,208,32,176,595.8339,True,3521,2025-09-09T13:56:29.877139+00:00,256,3,
Classic-McEliece-8192128,KEM,5.0,5120,346.3859,0.8216,0.2789,208,32,176,347.4864,True,3522,2025-09-09T13:56:30.326844+00:00,256,3,
Classic-McEliece-8192128,KEM,5.0,5120,371.8074,0.783,0.4359,208,32,176,373.0263,True,3523,2025-09-09T13:56:30.802480+00:00,256,3,
Classic-McEliece-8192128,KEM,5.0,5120,553.7041,0.8605,0.2297,208,32,176,554.7943,True,3524,2025-09-09T13:56:31.460086+00:00,256,3,
Classic-McEliece-8192128,KEM,5.0,5120,417.9895,0.7623,0.5344,208,32,176,419.2862,True,3525,2025-09-09T13:56:31.982191+00:00,256,3,
Classic-McEliece-8192128,KEM,5.0,5120,453.9329,0.8401,0.2654,208,32,176,455.0384,True,3526,2025-09-09T13:56:32.539323+00:00,256,3,
Classic-McEliece-8192128,KEM,5.0,5120,868.3448,0.8968,0.2265,208,32,176,869.4681,True,3527,2025-09-09T13:56:33.511070+00:00,256,3,
Classic-McEliece-8192128,KEM,5.0,5120,407.2733,0.7745,0.1764,208,32,176,408.2242,True,3528,2025-09-09T13:56:34.021432+00:00,256,3,
Classic-McEliece-8192128,KEM,5.0,5120,419.9804,0.8645,0.2095,208,32,176,421.0545,True,3529,2025-09-09T13:56:34.544827+00:00,256,3,
Classic-McEliece-8192128,KEM,5.0,5120,405.846,0.7478,0.2537,208,32,176,406.8476,True,3530,2025-09-09T13:56:35.054160+00:00,256,3,
Classic-McEliece-8192128,KEM,5.0,5120,390.0709,0.7562,0.192,208,32,176,391.0191,True,3531,2025-09-09T13:56:35.549373+00:00,256,3,
Classic-McEliece-8192128,KEM,5.0,5120,467.7394,0.8701,0.2191,208,32,176,468.8286,True,3532,2025-09-09T13:56:36.120098+00:00,256,3,
Classic-McEliece-8192128,KEM,5.0,5120,532.5201,1.7285,0.2418,208,32,176,534.4905,True,3533,2025-09-09T13:56:36.756948+00:00,256,3,
Classic-McEliece-8192128,KEM,5.0,5120,575.4784,1.5844,0.2192,208,32,176,577.282,True,3534,2025-09-09T13:56:37.436434+00:00,256,3,
Classic-McEliece-8192128,KEM,5.0,5120,330.2499,0.8234,0.2255,208,32,176,331.2988,True,3535,2025-09-09T13:56:37.870180+00:00,256,3,
Classic-McEliece-8192128,KEM,5.0,5120,466.9277,0.8159,0.3094,208,32,176,468.053,True,3536,2025-09-09T13:56:38.440966+00:00,256,3,
Classic-McEliece-8192128,KEM,5.0,5120,398.9026,0.6399,0.2673,208,32,176,399.8098,True,3537,2025-09-09T13:56:38.943093+00:00,256,3,
Classic-McEliece-8192128,KEM,5.0,5120,350.9902,0.6776,0.2557,208,32,176,351.9235,True,3538,2025-09-09T13:56:39.397142+00:00,256,3,
Classic-McEliece-8192128,KEM,5.0,5120,392.6585,0.754,0.2095,208,32,176,393.622,True,3539,2025-09-09T13:56:39.892864+00:00,256,3,
Classic-McEliece-8192128,KEM,5.0,5120,400.4225,0.8065,0.2523,208,32,176,401.4813,True,3540,2025-09-09T13:56:40.396241+00:00,256,3,
Classic-McEliece-8192128,KEM,5.0,5120,373.076,0.7555,0.2492,208,32,176,374.0807,True,3541,2025-09-09T13:56:40.873542+00:00,256,3,
Classic-McEliece-8192128,KEM,5.0,5120,469.4822,0.9425,0.2603,208,32,176,470.6849,True,3542,2025-09-09T13:56:41.446559+00:00,256,3,
Classic-McEliece-8192128,KEM,5.0,5120,383.1777,0.8124,0.2281,208,32,176,384.2183,True,3543,2025-09-09T13:56:41.934456+00:00,256,3,
Classic-McEliece-8192128,KEM,5.0,5120,410.7309,0.8634,0.2257,208,32,176,411.82,True,3544,2025-09-09T13:56:42.448912+00:00,256,3,
Classic-McEliece-8192128,KEM,5.0,5120,331.1824,0.8202,0.2314,208,32,176,332.2341,True,3545,2025-09-09T13:56:42.883245+00:00,256,3,
Classic-McEliece-8192128,KEM,5.0,5120,347.8306,1.063,0.2227,208,32,176,349.1163,True,3546,2025-09-09T13:56:43.335008+00:00,256,3,
Classic-McEliece-8192128,KEM,5.0,5120,523.003,0.6758,0.2465,208,32,176,523.9253,True,3547,2025-09-09T13:56:43.961047+00:00,256,3,
Classic-McEliece-8192128,KEM,5.0,5120,433.4559,0.8427,0.2779,208,32,176,434.5765,True,3548,2025-09-09T13:56:44.497610+00:00,256,3,
Classic-McEliece-8192128,KEM,5.0,5120,493.4283,0.7096,0.2307,208,32,176,494.3687,True,3549,2025-09-09T13:56:45.094406+00:00,256,3,
Classic-McEliece-8192128,KEM,5.0,5120,485.283,0.8168,0.2526,208,32,176,486.3524,True,3550,2025-09-09T13:56:45.683219+00:00,256,3,
Classic-McEliece-8192128,KEM,10.0,10240,1438.7918,0.8809,0.224,208,32,176,1439.8968,True,3551,2025-09-09T13:56:47.226313+00:00,256,3,
Classic-McEliece-8192128,KEM,10.0,10240,458.438,0.9338,0.2691,208,32,176,459.6409,True,3552,2025-09-09T13:56:47.789270+00:00,256,3,
Classic-McEliece-8192128,KEM,10.0,10240,445.4217,1.1405,0.8378,208,32,176,447.4,True,3553,2025-09-09T13:56:48.339816+00:00,256,3,
Classic-McEliece-8192128,KEM,10.0,10240,592.5522,0.7669,0.2251,208,32,176,593.5443,True,3554,2025-09-09T13:56:49.036926+00:00,256,3,
Classic-McEliece-8192128,KEM,10.0,10240,655.354,0.8509,0.2736,208,32,176,656.4785,True,3555,2025-09-09T13:56:49.800970+00:00,256,3,
Classic-McEliece-8192128,KEM,10.0,10240,452.1897,0.6209,0.2853,208,32,176,453.0959,True,3556,2025-09-09T13:56:50.358933+00:00,256,3,
Classic-McEliece-8192128,KEM,10.0,10240,422.7014,0.8166,0.2525,208,32,176,423.7705,True,3557,2025-09-09T13:56:50.886014+00:00,256,3,
Classic-McEliece-8192128,KEM,10.0,10240,460.0971,0.6067,0.2043,208,32,176,460.9082,True,3558,2025-09-09T13:56:51.453756+00:00,256,3,
Classic-McEliece-8192128,KEM,10.0,10240,406.8459,1.3267,0.2793,208,32,176,408.4519,True,3559,2025-09-09T13:56:51.966356+00:00,256,3,
Classic-McEliece-8192128,KEM,10.0,10240,325.1438,0.9464,0.2711,208,32,176,326.3613,True,3560,2025-09-09T13:56:52.395533+00:00,256,3,
Classic-McEliece-8192128,KEM,10.0,10240,723.9286,7.9312,0.2262,208,32,176,732.086,True,3561,2025-09-09T13:56:53.231280+00:00,256,3,
Classic-McEliece-8192128,KEM,10.0,10240,321.6092,0.8729,0.2489,208,32,176,322.731,True,3562,2025-09-09T13:56:53.658892+00:00,256,3,
Classic-McEliece-8192128,KEM,10.0,10240,469.7812,0.8276,1.1646,208,32,176,471.7734,True,3563,2025-09-09T13:56:54.234424+00:00,256,3,
Classic-McEliece-8192128,KEM,10.0,10240,501.4801,1.0396,0.2135,208,32,176,502.7332,True,3564,2025-09-09T13:56:54.840238+00:00,256,3,
Classic-McEliece-8192128,KEM,10.0,10240,455.4005,0.8176,0.2204,208,32,176,456.4385,True,3565,2025-09-09T13:56:55.399996+00:00,256,3,
Classic-McEliece-8192128,KEM,10.0,10240,472.3312,0.5931,0.2164,208,32,176,473.1406,True,3566,2025-09-09T13:56:55.976845+00:00,256,3,
Classic-McEliece-8192128,KEM,10.0,10240,374.3124,0.6965,0.2941,208,32,176,375.303,True,3567,2025-09-09T13:56:56.455895+00:00,256,3,
Classic-McEliece-8192128,KEM,10.0,10240,385.4757,0.663,0.2873,208,32,176,386.426,True,3568,2025-09-09T13:56:56.946871+00:00,256,3,
Classic-McEliece-8192128,KEM,10.0,10240,372.2382,0.6395,0.1786,208,32,176,373.0564,True,3569,2025-09-09T13:56:57.423206+00:00,256,3,
Classic-McEliece-8192128,KEM,10.0,10240,356.4797,0.8836,0.2334,208,32,176,357.5966,True,3570,2025-09-09T13:56:57.883620+00:00,256,3,
Classic-McEliece-8192128,KEM,10.0,10240,278.69,0.5817,0.2111,208,32,176,279.4827,True,3571,2025-09-09T13:56:58.267269+00:00,256,3,
Classic-McEliece-8192128,KEM,10.0,10240,469.0237,0.5818,0.1726,208,32,176,469.7782,True,3572,2025-09-09T13:56:58.840993+00:00,256,3,
Classic-McEliece-8192128,KEM,10.0,10240,320.5673,0.5668,0.172,208,32,176,321.3062,True,3573,2025-09-09T13:56:59.265481+00:00,256,3,
Classic-McEliece-8192128,KEM,10.0,10240,385.111,0.5008,0.1738,208,32,176,385.7856,True,3574,2025-09-09T13:56:59.755228+00:00,256,3,
Classic-McEliece-8192128,KEM,10.0,10240,275.0578,0.7397,0.2455,208,32,176,276.043,True,3575,2025-09-09T13:57:00.136734+00:00,256,3,
Classic-McEliece-8192128,KEM,10.0,10240,422.9345,0.7151,0.2478,208,32,176,423.8973,True,3576,2025-09-09T13:57:00.663989+00:00,256,3,
Classic-McEliece-8192128,KEM,10.0,10240,332.4159,0.4741,0.1539,208,32,176,333.044,True,3577,2025-09-09T13:57:01.100460+00:00,256,3,
Classic-McEliece-8192128,KEM,10.0,10240,413.4944,0.7906,0.2266,208,32,176,414.5117,True,3578,2025-09-09T13:57:01.619343+00:00,256,3,
Classic-McEliece-8192128,KEM,10.0,10240,416.5235,0.6698,0.233,208,32,176,417.4263,True,3579,2025-09-09T13:57:02.140547+00:00,256,3,
Classic-McEliece-8192128,KEM,10.0,10240,775.1956,0.6108,0.2476,208,32,176,776.0539,True,3580,2025-09-09T13:57:03.020408+00:00,256,3,
Classic-McEliece-8192128,KEM,10.0,10240,414.0224,0.6157,0.2509,208,32,176,414.889,True,3581,2025-09-09T13:57:03.538964+00:00,256,3,
Classic-McEliece-8192128,KEM,10.0,10240,439.2645,1.3107,0.2602,208,32,176,440.8354,True,3582,2025-09-09T13:57:04.083933+00:00,256,3,
Classic-McEliece-8192128,KEM,10.0,10240,585.8655,3.6385,0.2627,208,32,176,589.7667,True,3583,2025-09-09T13:57:04.784255+00:00,256,3,
Classic-McEliece-8192128,KEM,10.0,10240,568.8151,0.7577,0.2707,208,32,176,569.8434,True,3584,2025-09-09T13:57:05.457740+00:00,256,3,
Classic-McEliece-8192128,KEM,10.0,10240,423.5923,0.5832,0.1877,208,32,176,424.3632,True,3585,2025-09-09T13:57:05.986003+00:00,256,3,
Classic-McEliece-8192128,KEM,10.0,10240,487.7336,0.5842,0.1767,208,32,176,488.4944,True,3586,2025-09-09T13:57:06.578232+00:00,256,3,
Classic-McEliece-8192128,KEM,10.0,10240,368.2686,0.8092,0.2521,208,32,176,369.33,True,3587,2025-09-09T13:57:07.051939+00:00,256,3,
Classic-McEliece-8192128,KEM,10.0,10240,235.0037,0.6195,0.2253,208,32,176,235.8485,True,3588,2025-09-09T13:57:07.390918+00:00,256,3,
Classic-McEliece-8192128,KEM,10.0,10240,677.2741,0.7147,0.256,208,32,176,678.2448,True,3589,2025-09-09T13:57:08.173583+00:00,256,3,
Classic-McEliece-8192128,KEM,10.0,10240,346.8184,0.8158,0.2237,208,32,176,347.8578,True,3590,2025-09-09T13:57:08.624946+00:00,256,3,
Classic-McEliece-8192128,KEM,10.0,10240,676.3961,0.6778,0.1778,208,32,176,677.2517,True,3591,2025-09-09T13:57:09.407164+00:00,256,3,
Classic-McEliece-8192128,KEM,10.0,10240,345.2549,0.8886,0.8515,208,32,176,346.9949,True,3592,2025-09-09T13:57:09.858234+00:00,256,3,
Classic-McEliece-8192128,KEM,10.0,10240,436.5741,0.7719,0.1908,208,32,176,437.5368,True,3593,2025-09-09T13:57:10.398946+00:00,256,3,
Classic-McEliece-8192128,KEM,10.0,10240,329.8268,0.654,0.2514,208,32,176,330.7322,True,3594,2025-09-09T13:57:10.834061+00:00,256,3,
Classic-McEliece-8192128,KEM,10.0,10240,351.6521,0.6061,0.2019,208,32,176,352.4601,True,3595,2025-09-09T13:57:11.290569+00:00,256,3,
Classic-McEliece-8192128,KEM,10.0,10240,405.875,2.3487,0.2367,208,32,176,408.4604,True,3596,2025-09-09T13:57:11.809232+00:00,256,3,
Classic-McEliece-8192128,KEM,10.0,10240,543.2016,0.8242,0.2283,208,32,176,544.254,True,3597,2025-09-09T13:57:12.457737+00:00,256,3,
Classic-McEliece-8192128,KEM,10.0,10240,389.9101,0.9237,0.2184,208,32,176,391.0521,True,3598,2025-09-09T13:57:12.954442+00:00,256,3,
Classic-McEliece-8192128,KEM,10.0,10240,388.3466,0.753,0.2492,208,32,176,389.3487,True,3599,2025-09-09T13:57:13.447343+00:00,256,3,
Classic-McEliece-8192128,KEM,10.0,10240,298.4163,0.8492,0.2597,208,32,176,299.5252,True,3600,2025-09-09T13:57:13.858989+00:00,256,3,
Classic-McEliece-8192128f,KEM,0.1,102,324.8331,0.9884,0.2254,208,32,176,326.0469,True,3601,2025-09-09T13:57:14.303764+00:00,256,3,
Classic-McEliece-8192128f,KEM,0.1,102,288.099,0.9335,0.2185,208,32,176,289.251,True,3602,2025-09-09T13:57:14.695960+00:00,256,3,
Classic-McEliece-8192128f,KEM,0.1,102,331.9215,1.154,0.2626,208,32,176,333.3381,True,3603,2025-09-09T13:57:15.130496+00:00,256,3,
Classic-McEliece-8192128f,KEM,0.1,102,424.2716,0.8873,0.2128,208,32,176,425.3716,True,3604,2025-09-09T13:57:15.666103+00:00,256,3,
Classic-McEliece-8192128f,KEM,0.1,102,345.2744,0.9593,0.3807,208,32,176,346.6144,True,3605,2025-09-09T13:57:16.114017+00:00,256,3,
Classic-McEliece-8192128f,KEM,0.1,102,538.9958,1.9456,0.2611,208,32,176,541.2025,True,3606,2025-09-09T13:57:16.760104+00:00,256,3,
Classic-McEliece-8192128f,KEM,0.1,102,419.3216,0.97,0.2949,208,32,176,420.5866,True,3607,2025-09-09T13:57:17.281982+00:00,256,3,
Classic-McEliece-8192128f,KEM,0.1,102,639.8648,8.3602,0.8612,208,32,176,649.0862,True,3608,2025-09-09T13:57:18.032526+00:00,256,3,
Classic-McEliece-8192128f,KEM,0.1,102,475.5465,0.942,0.2421,208,32,176,476.7305,True,3609,2025-09-09T13:57:18.610258+00:00,256,3,
Classic-McEliece-8192128f,KEM,0.1,102,588.0218,1.0898,0.5508,208,32,176,589.6624,True,3610,2025-09-09T13:57:19.313603+00:00,256,3,
Classic-McEliece-8192128f,KEM,0.1,102,340.178,0.7131,0.2394,208,32,176,341.1306,True,3611,2025-09-09T13:57:19.758394+00:00,256,3,
Classic-McEliece-8192128f,KEM,0.1,102,441.5936,0.8903,0.4312,208,32,176,442.9152,True,3612,2025-09-09T13:57:20.302157+00:00,256,3,
Classic-McEliece-8192128f,KEM,0.1,102,372.5973,1.8798,0.2326,208,32,176,374.7096,True,3613,2025-09-09T13:57:20.777829+00:00,256,3,
Classic-McEliece-8192128f,KEM,0.1,102,363.8243,0.8902,0.261,208,32,176,364.9755,True,3614,2025-09-09T13:57:21.243912+00:00,256,3,
Classic-McEliece-8192128f,KEM,0.1,102,336.7892,0.8272,0.2122,208,32,176,337.8287,True,3615,2025-09-09T13:57:21.683010+00:00,256,3,
Classic-McEliece-8192128f,KEM,0.1,102,328.2676,0.9571,0.2606,208,32,176,329.4853,True,3616,2025-09-09T13:57:22.113586+00:00,256,3,
Classic-McEliece-8192128f,KEM,0.1,102,335.3672,0.8448,0.2083,208,32,176,336.4202,True,3617,2025-09-09T13:57:22.551212+00:00,256,3,
Classic-McEliece-8192128f,KEM,0.1,102,374.3463,0.8476,0.4401,208,32,176,375.6339,True,3618,2025-09-09T13:57:23.027864+00:00,256,3,
Classic-McEliece-8192128f,KEM,0.1,102,321.1758,0.7809,0.2289,208,32,176,322.1855,True,3619,2025-09-09T13:57:23.451117+00:00,256,3,
Classic-McEliece-8192128f,KEM,0.1,102,289.6282,10.7317,0.2204,208,32,176,300.5802,True,3620,2025-09-09T13:57:23.852622+00:00,256,3,
Classic-McEliece-8192128f,KEM,0.1,102,307.9647,1.6861,0.3574,208,32,176,310.0082,True,3621,2025-09-09T13:57:24.263546+00:00,256,3,
Classic-McEliece-8192128f,KEM,0.1,102,326.0559,0.8766,0.2809,208,32,176,327.2134,True,3622,2025-09-09T13:57:24.691747+00:00,256,3,
Classic-McEliece-8192128f,KEM,0.1,102,299.0075,0.9046,0.2216,208,32,176,300.1337,True,3623,2025-09-09T13:57:25.092944+00:00,256,3,
Classic-McEliece-8192128f,KEM,0.1,102,355.5476,0.8604,0.2873,208,32,176,356.6954,True,3624,2025-09-09T13:57:25.555568+00:00,256,3,
Classic-McEliece-8192128f,KEM,0.1,102,336.0158,0.9497,0.2751,208,32,176,337.2406,True,3625,2025-09-09T13:57:25.993733+00:00,256,3,
Classic-McEliece-8192128f,KEM,0.1,102,311.1752,1.6583,0.33,208,32,176,313.1635,True,3626,2025-09-09T13:57:26.408143+00:00,256,3,
Classic-McEliece-8192128f,KEM,0.1,102,353.3039,1.1625,0.2332,208,32,176,354.6995,True,3627,2025-09-09T13:57:26.864746+00:00,256,3,
Classic-McEliece-8192128f,KEM,0.1,102,321.3533,0.7558,0.3131,208,32,176,322.4222,True,3628,2025-09-09T13:57:27.288165+00:00,256,3,
Classic-McEliece-8192128f,KEM,0.1,102,285.1393,0.6743,0.1972,208,32,176,286.0108,True,3629,2025-09-09T13:57:27.675097+00:00,256,3,
Classic-McEliece-8192128f,KEM,0.1,102,322.4559,0.8511,0.3427,208,32,176,323.6498,True,3630,2025-09-09T13:57:28.099597+00:00,256,3,
Classic-McEliece-8192128f,KEM,0.1,102,328.0846,0.6397,0.2415,208,32,176,328.9658,True,3631,2025-09-09T13:57:28.529657+00:00,256,3,
Classic-McEliece-8192128f,KEM,0.1,102,310.8062,0.6952,0.2103,208,32,176,311.7116,True,3632,2025-09-09T13:57:28.942229+00:00,256,3,
Classic-McEliece-8192128f,KEM,0.1,102,311.1851,0.8764,0.3103,208,32,176,312.3718,True,3633,2025-09-09T13:57:29.355635+00:00,256,3,
Classic-McEliece-8192128f,KEM,0.1,102,319.8955,0.8249,0.2358,208,32,176,320.9563,True,3634,2025-09-09T13:57:29.777559+00:00,256,3,
Classic-McEliece-8192128f,KEM,0.1,102,305.6315,0.7768,0.6591,208,32,176,307.0674,True,3635,2025-09-09T13:57:30.185562+00:00,256,3,
Classic-McEliece-8192128f,KEM,0.1,102,313.5073,0.8042,0.2159,208,32,176,314.5274,True,3636,2025-09-09T13:57:30.610897+00:00,256,3,
Classic-McEliece-8192128f,KEM,0.1,102,340.7598,0.8216,0.2378,208,32,176,341.8192,True,3637,2025-09-09T13:57:31.054914+00:00,256,3,
Classic-McEliece-8192128f,KEM,0.1,102,320.7503,0.7438,0.2087,208,32,176,321.7029,True,3638,2025-09-09T13:57:31.483179+00:00,256,3,
Classic-McEliece-8192128f,KEM,0.1,102,366.7608,1.1759,0.2888,208,32,176,368.2255,True,3639,2025-09-09T13:57:31.952321+00:00,256,3,
Classic-McEliece-8192128f,KEM,0.1,102,425.6356,1.139,0.246,208,32,176,427.0207,True,3640,2025-09-09T13:57:32.480244+00:00,256,3,
Classic-McEliece-8192128f,KEM,0.1,102,455.7074,0.8969,0.237,208,32,176,456.8414,True,3641,2025-09-09T13:57:33.038042+00:00,256,3,
Classic-McEliece-8192128f,KEM,0.1,102,331.4846,1.0162,0.2227,208,32,176,332.7235,True,3642,2025-09-09T13:57:33.472019+00:00,256,3,
Classic-McEliece-8192128f,KEM,0.1,102,386.966,0.6381,0.1574,208,32,176,387.7615,True,3643,2025-09-09T13:57:33.961322+00:00,256,3,
Classic-McEliece-8192128f,KEM,0.1,102,340.5916,0.991,0.2278,208,32,176,341.8104,True,3644,2025-09-09T13:57:34.403878+00:00,256,3,
Classic-McEliece-8192128f,KEM,0.1,102,332.9368,1.2638,0.2275,208,32,176,334.4281,True,3645,2025-09-09T13:57:34.839219+00:00,256,3,
Classic-McEliece-8192128f,KEM,0.1,102,359.4599,0.7773,0.2497,208,32,176,360.4868,True,3646,2025-09-09T13:57:35.302318+00:00,256,3,
Classic-McEliece-8192128f,KEM,0.1,102,333.7879,0.7526,0.2366,208,32,176,334.7771,True,3647,2025-09-09T13:57:35.738025+00:00,256,3,
Classic-McEliece-8192128f,KEM,0.1,102,334.7001,0.7444,0.2355,208,32,176,335.68,True,3648,2025-09-09T13:57:36.174697+00:00,256,3,
Classic-McEliece-8192128f,KEM,0.1,102,320.3839,0.8968,0.2676,208,32,176,321.5483,True,3649,2025-09-09T13:57:36.597222+00:00,256,3,
Classic-McEliece-8192128f,KEM,0.1,102,314.3292,0.7589,0.1801,208,32,176,315.2681,True,3650,2025-09-09T13:57:37.013454+00:00,256,3,
Classic-McEliece-8192128f,KEM,0.5,512,324.831,0.6812,0.2181,208,32,176,325.7303,True,3651,2025-09-09T13:57:37.440783+00:00,256,3,
Classic-McEliece-8192128f,KEM,0.5,512,340.2948,0.5936,0.212,208,32,176,341.1004,True,3652,2025-09-09T13:57:37.882893+00:00,256,3,
Classic-McEliece-8192128f,KEM,0.5,512,327.6623,0.7811,0.2452,208,32,176,328.6886,True,3653,2025-09-09T13:57:38.312607+00:00,256,3,
Classic-McEliece-8192128f,KEM,0.5,512,287.3302,0.6266,0.1706,208,32,176,288.1273,True,3654,2025-09-09T13:57:38.701717+00:00,256,3,
Classic-McEliece-8192128f,KEM,0.5,512,282.3996,0.8306,0.2437,208,32,176,283.4739,True,3655,2025-09-09T13:57:39.086226+00:00,256,3,
Classic-McEliece-8192128f,KEM,0.5,512,261.8529,0.6393,0.1729,208,32,176,262.6651,True,3656,2025-09-09T13:57:39.449961+00:00,256,3,
Classic-McEliece-8192128f,KEM,0.5,512,267.4678,0.5086,0.1685,208,32,176,268.1449,True,3657,2025-09-09T13:57:39.819474+00:00,256,3,
Classic-McEliece-8192128f,KEM,0.5,512,321.1693,0.7568,0.2506,208,32,176,322.1767,True,3658,2025-09-09T13:57:40.242733+00:00,256,3,
Classic-McEliece-8192128f,KEM,0.5,512,337.56,0.7783,0.2224,208,32,176,338.5607,True,3659,2025-09-09T13:57:40.682470+00:00,256,3,
Classic-McEliece-8192128f,KEM,0.5,512,350.1178,0.7766,0.2915,208,32,176,351.1859,True,3660,2025-09-09T13:57:41.134895+00:00,256,3,
Classic-McEliece-8192128f,KEM,0.5,512,252.2914,0.724,0.2258,208,32,176,253.2412,True,3661,2025-09-09T13:57:41.489256+00:00,256,3,
Classic-McEliece-8192128f,KEM,0.5,512,259.9729,0.6576,0.1972,208,32,176,260.8276,True,3662,2025-09-09T13:57:41.851266+00:00,256,3,
Classic-McEliece-8192128f,KEM,0.5,512,334.3915,0.7531,0.2709,208,32,176,335.4155,True,3663,2025-09-09T13:57:42.287715+00:00,256,3,
Classic-McEliece-8192128f,KEM,0.5,512,278.4765,0.6028,0.1837,208,32,176,279.263,True,3664,2025-09-09T13:57:42.668081+00:00,256,3,
Classic-McEliece-8192128f,KEM,0.5,512,244.0246,0.5836,0.1916,208,32,176,244.7998,True,3665,2025-09-09T13:57:43.013787+00:00,256,3,
Classic-McEliece-8192128f,KEM,0.5,512,345.975,0.8065,0.2799,208,32,176,347.0614,True,3666,2025-09-09T13:57:43.461986+00:00,256,3,
Classic-McEliece-8192128f,KEM,0.5,512,270.692,0.7431,0.2791,208,32,176,271.7142,True,3667,2025-09-09T13:57:43.835027+00:00,256,3,
Classic-McEliece-8192128f,KEM,0.5,512,275.588,0.5142,0.1722,208,32,176,276.2744,True,3668,2025-09-09T13:57:44.212367+00:00,256,3,
Classic-McEliece-8192128f,KEM,0.5,512,253.0217,0.5786,0.169,208,32,176,253.7693,True,3669,2025-09-09T13:57:44.567160+00:00,256,3,
Classic-McEliece-8192128f,KEM,0.5,512,298.6865,0.8954,0.2349,208,32,176,299.8167,True,3670,2025-09-09T13:57:44.967943+00:00,256,3,
Classic-McEliece-8192128f,KEM,0.5,512,262.9517,0.8177,0.2112,208,32,176,263.9806,True,3671,2025-09-09T13:57:45.333005+00:00,256,3,
Classic-McEliece-8192128f,KEM,0.5,512,367.4708,0.6655,0.248,208,32,176,368.3842,True,3672,2025-09-09T13:57:45.802504+00:00,256,3,
Classic-McEliece-8192128f,KEM,0.5,512,326.005,2.4955,0.2661,208,32,176,328.7666,True,3673,2025-09-09T13:57:46.232447+00:00,256,3,
Classic-McEliece-8192128f,KEM,0.5,512,464.8583,0.6932,0.3741,208,32,176,465.9255,True,3674,2025-09-09T13:57:46.801662+00:00,256,3,
Classic-McEliece-8192128f,KEM,0.5,512,324.2142,0.7482,0.2371,208,32,176,325.1995,True,3675,2025-09-09T13:57:47.228054+00:00,256,3,
Classic-McEliece-8192128f,KEM,0.5,512,522.6152,0.8432,0.2734,208,32,176,523.7318,True,3676,2025-09-09T13:57:47.852992+00:00,256,3,
Classic-McEliece-8192128f,KEM,0.5,512,331.6514,0.8126,0.2496,208,32,176,332.7136,True,3677,2025-09-09T13:57:48.286745+00:00,256,3,
Classic-McEliece-8192128f,KEM,0.5,512,322.4501,1.2058,0.231,208,32,176,323.8869,True,3678,2025-09-09T13:57:48.711675+00:00,256,3,
Classic-McEliece-8192128f,KEM,0.5,512,270.0542,0.7368,0.1756,208,32,176,270.9666,True,3679,2025-09-09T13:57:49.083843+00:00,256,3,
Classic-McEliece-8192128f,KEM,0.5,512,336.168,0.6615,0.225,208,32,176,337.0544,True,3680,2025-09-09T13:57:49.521826+00:00,256,3,
Classic-McEliece-8192128f,KEM,0.5,512,260.7433,0.719,0.1947,208,32,176,261.6569,True,3681,2025-09-09T13:57:49.884509+00:00,256,3,
Classic-McEliece-8192128f,KEM,0.5,512,277.4731,0.8013,0.2399,208,32,176,278.5142,True,3682,2025-09-09T13:57:50.263891+00:00,256,3,
Classic-McEliece-8192128f,KEM,0.5,512,302.3836,0.662,0.1948,208,32,176,303.2404,True,3683,2025-09-09T13:57:50.668051+00:00,256,3,
Classic-McEliece-8192128f,KEM,0.5,512,300.4321,0.565,0.1938,208,32,176,301.1909,True,3684,2025-09-09T13:57:51.070118+00:00,256,3,
Classic-McEliece-8192128f,KEM,0.5,512,265.6732,0.5758,0.2205,208,32,176,266.4695,True,3685,2025-09-09T13:57:51.437699+00:00,256,3,
Classic-McEliece-8192128f,KEM,0.5,512,361.6035,0.67,0.2246,208,32,176,362.498,True,3686,2025-09-09T13:57:51.901536+00:00,256,3,
Classic-McEliece-8192128f,KEM,0.5,512,324.887,0.8067,0.2158,208,32,176,325.9095,True,3687,2025-09-09T13:57:52.329655+00:00,256,3,
Classic-McEliece-8192128f,KEM,0.5,512,392.5871,1.0343,0.2908,208,32,176,393.9121,True,3688,2025-09-09T13:57:52.824811+00:00,256,3,
Classic-McEliece-8192128f,KEM,0.5,512,284.4888,0.7095,0.4895,208,32,176,285.6877,True,3689,2025-09-09T13:57:53.211949+00:00,256,3,
Classic-McEliece-8192128f,KEM,0.5,512,277.0619,0.8765,0.2345,208,32,176,278.1729,True,3690,2025-09-09T13:57:53.591225+00:00,256,3,
Classic-McEliece-8192128f,KEM,0.5,512,284.4502,0.8465,0.2671,208,32,176,285.5638,True,3691,2025-09-09T13:57:53.977990+00:00,256,3,
Classic-McEliece-8192128f,KEM,0.5,512,344.3042,0.608,0.251,208,32,176,345.1633,True,3692,2025-09-09T13:57:54.424380+00:00,256,3,
Classic-McEliece-8192128f,KEM,0.5,512,269.6965,0.5079,0.1928,208,32,176,270.3972,True,3693,2025-09-09T13:57:54.803471+00:00,256,3,
Classic-McEliece-8192128f,KEM,0.5,512,306.7092,0.6246,0.2062,208,32,176,307.54,True,3694,2025-09-09T13:57:55.212094+00:00,256,3,
Classic-McEliece-8192128f,KEM,0.5,512,256.5598,0.5746,0.1948,208,32,176,257.3292,True,3695,2025-09-09T13:57:55.570672+00:00,256,3,
Classic-McEliece-8192128f,KEM,0.5,512,276.1836,0.5337,0.1813,208,32,176,276.8986,True,3696,2025-09-09T13:57:55.948782+00:00,256,3,
Classic-McEliece-8192128f,KEM,0.5,512,261.6298,0.659,0.1764,208,32,176,262.4652,True,3697,2025-09-09T13:57:56.312192+00:00,256,3,
Classic-McEliece-8192128f,KEM,0.5,512,347.5996,0.6091,0.2459,208,32,176,348.4546,True,3698,2025-09-09T13:57:56.761624+00:00,256,3,
Classic-McEliece-8192128f,KEM,0.5,512,304.6712,0.8238,0.2336,208,32,176,305.7287,True,3699,2025-09-09T13:57:57.168476+00:00,256,3,
Classic-McEliece-8192128f,KEM,0.5,512,284.2529,0.774,0.2328,208,32,176,285.2597,True,3700,2025-09-09T13:57:57.554808+00:00,256,3,
Classic-McEliece-8192128f,KEM,1.0,1024,336.1937,0.7157,0.2092,208,32,176,337.1186,True,3701,2025-09-09T13:57:57.993012+00:00,256,3,
Classic-McEliece-8192128f,KEM,1.0,1024,367.0234,0.8155,0.2256,208,32,176,368.0645,True,3702,2025-09-09T13:57:58.462246+00:00,256,3,
Classic-McEliece-8192128f,KEM,1.0,1024,404.4641,0.9111,0.2325,208,32,176,405.6078,True,3703,2025-09-09T13:57:58.969255+00:00,256,3,
Classic-McEliece-8192128f,KEM,1.0,1024,275.8759,0.7053,0.178,208,32,176,276.7591,True,3704,2025-09-09T13:57:59.348697+00:00,256,3,
Classic-McEliece-8192128f,KEM,1.0,1024,292.8147,0.7377,0.3711,208,32,176,293.9235,True,3705,2025-09-09T13:57:59.743700+00:00,256,3,
Classic-McEliece-8192128f,KEM,1.0,1024,386.0039,0.7799,0.2109,208,32,176,386.9947,True,3706,2025-09-09T13:58:00.232171+00:00,256,3,
Classic-McEliece-8192128f,KEM,1.0,1024,312.6292,0.8505,0.2407,208,32,176,313.7204,True,3707,2025-09-09T13:58:00.647029+00:00,256,3,
Classic-McEliece-8192128f,KEM,1.0,1024,398.0462,1.127,0.2192,208,32,176,399.3925,True,3708,2025-09-09T13:58:01.161976+00:00,256,3,
Classic-McEliece-8192128f,KEM,1.0,1024,335.0599,0.8724,0.2389,208,32,176,336.1712,True,3709,2025-09-09T13:58:01.599291+00:00,256,3,
Classic-McEliece-8192128f,KEM,1.0,1024,297.0527,0.8717,0.2459,208,32,176,298.1703,True,3710,2025-09-09T13:58:01.998810+00:00,256,3,
Classic-McEliece-8192128f,KEM,1.0,1024,314.7,0.5202,0.1734,208,32,176,315.3936,True,3711,2025-09-09T13:58:02.415403+00:00,256,3,
Classic-McEliece-8192128f,KEM,1.0,1024,337.1965,0.7345,0.1989,208,32,176,338.1299,True,3712,2025-09-09T13:58:02.854495+00:00,256,3,
Classic-McEliece-8192128f,KEM,1.0,1024,298.3393,0.8572,0.222,208,32,176,299.4184,True,3713,2025-09-09T13:58:03.255436+00:00,256,3,
Classic-McEliece-8192128f,KEM,1.0,1024,316.1617,0.8092,0.2179,208,32,176,317.1888,True,3714,2025-09-09T13:58:03.673798+00:00,256,3,
Classic-McEliece-8192128f,KEM,1.0,1024,294.1328,0.808,0.2621,208,32,176,295.2029,True,3715,2025-09-09T13:58:04.070277+00:00,256,3,
Classic-McEliece-8192128f,KEM,1.0,1024,342.4106,0.9894,0.2321,208,32,176,343.6321,True,3716,2025-09-09T13:58:04.515187+00:00,256,3,
Classic-McEliece-8192128f,KEM,1.0,1024,347.541,1.039,0.2716,208,32,176,348.8516,True,3717,2025-09-09T13:58:04.965469+00:00,256,3,
Classic-McEliece-8192128f,KEM,1.0,1024,350.1565,0.8837,0.2765,208,32,176,351.3166,True,3718,2025-09-09T13:58:05.418316+00:00,256,3,
Classic-McEliece-8192128f,KEM,1.0,1024,346.4096,0.8305,0.2363,208,32,176,347.4764,True,3719,2025-09-09T13:58:05.867334+00:00,256,3,
Classic-McEliece-8192128f,KEM,1.0,1024,311.0637,1.0691,0.2253,208,32,176,312.3582,True,3720,2025-09-09T13:58:06.281278+00:00,256,3,
Classic-McEliece-8192128f,KEM,1.0,1024,370.7488,0.5694,0.179,208,32,176,371.4971,True,3721,2025-09-09T13:58:06.754045+00:00,256,3,
Classic-McEliece-8192128f,KEM,1.0,1024,413.2748,0.8545,0.2301,208,32,176,414.3595,True,3722,2025-09-09T13:58:07.269616+00:00,256,3,
Classic-McEliece-8192128f,KEM,1.0,1024,417.2852,1.7886,0.4424,208,32,176,419.5163,True,3723,2025-09-09T13:58:07.790798+00:00,256,3,
Classic-McEliece-8192128f,KEM,1.0,1024,422.4388,0.898,0.2476,208,32,176,423.5844,True,3724,2025-09-09T13:58:08.315824+00:00,256,3,
Classic-McEliece-8192128f,KEM,1.0,1024,351.011,0.9083,0.2303,208,32,176,352.1496,True,3725,2025-09-09T13:58:08.792020+00:00,256,3,
Classic-McEliece-8192128f,KEM,1.0,1024,371.175,0.828,0.2871,208,32,176,372.29,True,3726,2025-09-09T13:58:09.266525+00:00,256,3,
Classic-McEliece-8192128f,KEM,1.0,1024,378.109,0.7915,0.2178,208,32,176,379.1183,True,3727,2025-09-09T13:58:09.746990+00:00,256,3,
Classic-McEliece-8192128f,KEM,1.0,1024,413.7034,0.8598,0.4559,208,32,176,415.0191,True,3728,2025-09-09T13:58:10.263515+00:00,256,3,
Classic-McEliece-8192128f,KEM,1.0,1024,343.5708,0.676,0.1889,208,32,176,344.4358,True,3729,2025-09-09T13:58:10.709156+00:00,256,3,
Classic-McEliece-8192128f,KEM,1.0,1024,333.1167,0.9113,0.2481,208,32,176,334.2761,True,3730,2025-09-09T13:58:11.144550+00:00,256,3,
Classic-McEliece-8192128f,KEM,1.0,1024,314.5274,0.7289,0.2223,208,32,176,315.4786,True,3731,2025-09-09T13:58:11.561374+00:00,256,3,
Classic-McEliece-8192128f,KEM,1.0,1024,333.9708,0.8359,0.2123,208,32,176,335.019,True,3732,2025-09-09T13:58:11.997814+00:00,256,3,
Classic-McEliece-8192128f,KEM,1.0,1024,337.1272,0.7255,0.4062,208,32,176,338.2589,True,3733,2025-09-09T13:58:12.437574+00:00,256,3,
Classic-McEliece-8192128f,KEM,1.0,1024,439.8151,1.1294,0.2272,208,32,176,441.1717,True,3734,2025-09-09T13:58:12.979884+00:00,256,3,
Classic-McEliece-8192128f,KEM,1.0,1024,337.4691,1.9216,0.2614,208,32,176,339.6522,True,3735,2025-09-09T13:58:13.420680+00:00,256,3,
Classic-McEliece-8192128f,KEM,1.0,1024,378.2282,1.1043,1.8111,208,32,176,381.1437,True,3736,2025-09-09T13:58:13.902898+00:00,256,3,
Classic-McEliece-8192128f,KEM,1.0,1024,416.5889,0.8048,0.2072,208,32,176,417.6008,True,3737,2025-09-09T13:58:14.422408+00:00,256,3,
Classic-McEliece-8192128f,KEM,1.0,1024,369.1092,0.9666,0.2634,208,32,176,370.3392,True,3738,2025-09-09T13:58:14.896386+00:00,256,3,
Classic-McEliece-8192128f,KEM,1.0,1024,300.6532,0.9907,0.2211,208,32,176,301.8651,True,3739,2025-09-09T13:58:15.299646+00:00,256,3,
Classic-McEliece-8192128f,KEM,1.0,1024,277.6154,0.774,0.2309,208,32,176,278.6203,True,3740,2025-09-09T13:58:15.679844+00:00,256,3,
Classic-McEliece-8192128f,KEM,1.0,1024,292.363,0.7743,0.2109,208,32,176,293.3482,True,3741,2025-09-09T13:58:16.077774+00:00,256,3,
Classic-McEliece-8192128f,KEM,1.0,1024,284.0816,0.8937,0.2132,208,32,176,285.1886,True,3742,2025-09-09T13:58:16.464377+00:00,256,3,
Classic-McEliece-8192128f,KEM,1.0,1024,364.1181,0.8503,0.2187,208,32,176,365.1871,True,3743,2025-09-09T13:58:16.934052+00:00,256,3,
Classic-McEliece-8192128f,KEM,1.0,1024,293.0288,0.7724,0.2122,208,32,176,294.0134,True,3744,2025-09-09T13:58:17.329665+00:00,256,3,
Classic-McEliece-8192128f,KEM,1.0,1024,336.5911,0.791,0.2273,208,32,176,337.6094,True,3745,2025-09-09T13:58:17.769052+00:00,256,3,
Classic-McEliece-8192128f,KEM,1.0,1024,372.5707,0.7999,0.2497,208,32,176,373.6204,True,3746,2025-09-09T13:58:18.244039+00:00,256,3,
Classic-McEliece-8192128f,KEM,1.0,1024,344.8855,0.8822,0.2441,208,32,176,346.0119,True,3747,2025-09-09T13:58:18.692163+00:00,256,3,
Classic-McEliece-8192128f,KEM,1.0,1024,289.3262,0.8272,0.2442,208,32,176,290.3977,True,3748,2025-09-09T13:58:19.084023+00:00,256,3,
Classic-McEliece-8192128f,KEM,1.0,1024,325.734,1.0298,0.2182,208,32,176,326.982,True,3749,2025-09-09T13:58:19.512266+00:00,256,3,
Classic-McEliece-8192128f,KEM,1.0,1024,348.9723,0.7385,0.2688,208,32,176,349.9796,True,3750,2025-09-09T13:58:19.965308+00:00,256,3,
Classic-McEliece-8192128f,KEM,2.0,2048,294.2444,0.8419,0.224,208,32,176,295.3103,True,3751,2025-09-09T13:58:20.362119+00:00,256,3,
Classic-McEliece-8192128f,KEM,2.0,2048,343.0455,0.7909,0.2049,208,32,176,344.0413,True,3752,2025-09-09T13:58:20.807932+00:00,256,3,
Classic-McEliece-8192128f,KEM,2.0,2048,388.813,0.6866,0.2264,208,32,176,389.726,True,3753,2025-09-09T13:58:21.299230+00:00,256,3,
Classic-McEliece-8192128f,KEM,2.0,2048,314.4883,0.881,0.2176,208,32,176,315.5869,True,3754,2025-09-09T13:58:21.716463+00:00,256,3,
Classic-McEliece-8192128f,KEM,2.0,2048,281.2862,0.7644,0.2294,208,32,176,282.28,True,3755,2025-09-09T13:58:22.100317+00:00,256,3,
Classic-McEliece-8192128f,KEM,2.0,2048,290.4605,0.8639,0.2377,208,32,176,291.5621,True,3756,2025-09-09T13:58:22.493416+00:00,256,3,
Classic-McEliece-8192128f,KEM,2.0,2048,321.9417,1.0179,0.5016,208,32,176,323.4611,True,3757,2025-09-09T13:58:22.918533+00:00,256,3,
Classic-McEliece-8192128f,KEM,2.0,2048,302.6689,0.8891,0.2797,208,32,176,303.8378,True,3758,2025-09-09T13:58:23.323667+00:00,256,3,
Classic-McEliece-8192128f,KEM,2.0,2048,295.8447,0.715,0.2097,208,32,176,296.7693,True,3759,2025-09-09T13:58:23.721975+00:00,256,3,
Classic-McEliece-8192128f,KEM,2.0,2048,271.7466,0.6154,0.2783,208,32,176,272.6404,True,3760,2025-09-09T13:58:24.095818+00:00,256,3,
Classic-McEliece-8192128f,KEM,2.0,2048,364.1843,0.8327,0.2631,208,32,176,365.28,True,3761,2025-09-09T13:58:24.562331+00:00,256,3,
Classic-McEliece-8192128f,KEM,2.0,2048,307.3057,0.8194,0.2155,208,32,176,308.3406,True,3762,2025-09-09T13:58:24.972017+00:00,256,3,
Classic-McEliece-8192128f,KEM,2.0,2048,272.3072,0.9697,0.226,208,32,176,273.5028,True,3763,2025-09-09T13:58:25.347216+00:00,256,3,
Classic-McEliece-8192128f,KEM,2.0,2048,410.5999,1.7101,0.1932,208,32,176,412.5032,True,3764,2025-09-09T13:58:25.861501+00:00,256,3,
Classic-McEliece-8192128f,KEM,2.0,2048,336.0285,0.841,0.2318,208,32,176,337.1013,True,3765,2025-09-09T13:58:26.301284+00:00,256,3,
Classic-McEliece-8192128f,KEM,2.0,2048,294.2248,0.8227,0.2154,208,32,176,295.263,True,3766,2025-09-09T13:58:26.698012+00:00,256,3,
Classic-McEliece-8192128f,KEM,2.0,2048,415.1513,0.6856,0.2583,208,32,176,416.0952,True,3767,2025-09-09T13:58:27.215671+00:00,256,3,
Classic-McEliece-8192128f,KEM,2.0,2048,473.199,0.8529,0.2396,208,32,176,474.2916,True,3768,2025-09-09T13:58:27.792353+00:00,256,3,
Classic-McEliece-8192128f,KEM,2.0,2048,361.0694,0.9907,0.2276,208,32,176,362.2877,True,3769,2025-09-09T13:58:28.256332+00:00,256,3,
Classic-McEliece-8192128f,KEM,2.0,2048,380.3987,1.0668,0.2856,208,32,176,381.7511,True,3770,2025-09-09T13:58:28.739715+00:00,256,3,
Classic-McEliece-8192128f,KEM,2.0,2048,258.0767,0.8643,0.2272,208,32,176,259.1682,True,3771,2025-09-09T13:58:29.100417+00:00,256,3,
Classic-McEliece-8192128f,KEM,2.0,2048,278.3333,0.647,0.1846,208,32,176,279.1649,True,3772,2025-09-09T13:58:29.481271+00:00,256,3,
Classic-McEliece-8192128f,KEM,2.0,2048,330.077,0.6275,0.2524,208,32,176,330.9569,True,3773,2025-09-09T13:58:29.913858+00:00,256,3,
Classic-McEliece-8192128f,KEM,2.0,2048,318.4201,0.7494,0.2619,208,32,176,319.4315,True,3774,2025-09-09T13:58:30.334658+00:00,256,3,
Classic-McEliece-8192128f,KEM,2.0,2048,274.7376,0.7783,0.2354,208,32,176,275.7513,True,3775,2025-09-09T13:58:30.712035+00:00,256,3,
Classic-McEliece-8192128f,KEM,2.0,2048,323.0482,0.7548,0.2264,208,32,176,324.0294,True,3776,2025-09-09T13:58:31.137393+00:00,256,3,
Classic-McEliece-8192128f,KEM,2.0,2048,268.9638,0.7183,0.174,208,32,176,269.8561,True,3777,2025-09-09T13:58:31.508695+00:00,256,3,
Classic-McEliece-8192128f,KEM,2.0,2048,299.8012,0.8304,0.2472,208,32,176,300.8787,True,3778,2025-09-09T13:58:31.910731+00:00,256,3,
Classic-McEliece-8192128f,KEM,2.0,2048,317.7356,0.7867,0.2445,208,32,176,318.7667,True,3779,2025-09-09T13:58:32.330809+00:00,256,3,
Classic-McEliece-8192128f,KEM,2.0,2048,306.2942,1.072,0.1908,208,32,176,307.557,True,3780,2025-09-09T13:58:32.743172+00:00,256,3,
Classic-McEliece-8192128f,KEM,2.0,2048,317.1047,0.879,0.2557,208,32,176,318.2394,True,3781,2025-09-09T13:58:33.163107+00:00,256,3,
Classic-McEliece-8192128f,KEM,2.0,2048,279.4037,0.6364,0.2016,208,32,176,280.2417,True,3782,2025-09-09T13:58:33.545910+00:00,256,3,
Classic-McEliece-8192128f,KEM,2.0,2048,296.5577,0.9199,0.3447,208,32,176,297.8223,True,3783,2025-09-09T13:58:33.945100+00:00,256,3,
Classic-McEliece-8192128f,KEM,2.0,2048,280.7173,0.7098,0.2112,208,32,176,281.6383,True,3784,2025-09-09T13:58:34.329968+00:00,256,3,
Classic-McEliece-8192128f,KEM,2.0,2048,257.3499,0.602,0.1868,208,32,176,258.1388,True,3785,2025-09-09T13:58:34.689324+00:00,256,3,
Classic-McEliece-8192128f,KEM,2.0,2048,261.8438,0.8253,0.2216,208,32,176,262.8907,True,3786,2025-09-09T13:58:35.053462+00:00,256,3,
Classic-McEliece-8192128f,KEM,2.0,2048,279.5955,0.6866,5.2594,208,32,176,285.5415,True,3787,2025-09-09T13:58:35.440552+00:00,256,3,
Classic-McEliece-8192128f,KEM,2.0,2048,285.395,0.8162,0.1917,208,32,176,286.4029,True,3788,2025-09-09T13:58:35.828584+00:00,256,3,
Classic-McEliece-8192128f,KEM,2.0,2048,305.1815,0.7387,0.1875,208,32,176,306.1077,True,3789,2025-09-09T13:58:36.236469+00:00,256,3,
Classic-McEliece-8192128f,KEM,2.0,2048,316.5058,0.6597,0.1811,208,32,176,317.3465,True,3790,2025-09-09T13:58:36.655980+00:00,256,3,
Classic-McEliece-8192128f,KEM,2.0,2048,294.238,0.5766,0.19,208,32,176,295.0046,True,3791,2025-09-09T13:58:37.052359+00:00,256,3,
Classic-McEliece-8192128f,KEM,2.0,2048,271.2937,2.0262,0.2429,208,32,176,273.5628,True,3792,2025-09-09T13:58:37.427514+00:00,256,3,
Classic-McEliece-8192128f,KEM,2.0,2048,336.2364,0.7028,0.2036,208,32,176,337.1428,True,3793,2025-09-09T13:58:37.866244+00:00,256,3,
Classic-McEliece-8192128f,KEM,2.0,2048,291.3478,0.8602,0.2214,208,32,176,292.4293,True,3794,2025-09-09T13:58:38.260039+00:00,256,3,
Classic-McEliece-8192128f,KEM,2.0,2048,531.5853,1.4248,0.261,208,32,176,533.2712,True,3795,2025-09-09T13:58:38.895412+00:00,256,3,
Classic-McEliece-8192128f,KEM,2.0,2048,345.096,0.6416,0.2004,208,32,176,345.9379,True,3796,2025-09-09T13:58:39.346017+00:00,256,3,
Classic-McEliece-8192128f,KEM,2.0,2048,285.0254,1.0564,0.2557,208,32,176,286.3375,True,3797,2025-09-09T13:58:39.733859+00:00,256,3,
Classic-McEliece-8192128f,KEM,2.0,2048,393.7637,0.7193,0.2317,208,32,176,394.7147,True,3798,2025-09-09T13:58:40.229974+00:00,256,3,
Classic-McEliece-8192128f,KEM,2.0,2048,366.3749,2.3132,0.2885,208,32,176,368.9766,True,3799,2025-09-09T13:58:40.700594+00:00,256,3,
Classic-McEliece-8192128f,KEM,2.0,2048,267.7638,0.6149,0.246,208,32,176,268.6247,True,3800,2025-09-09T13:58:41.071297+00:00,256,3,
Classic-McEliece-8192128f,KEM,5.0,5120,306.5501,0.7198,0.2255,208,32,176,307.4954,True,3801,2025-09-09T13:58:41.481076+00:00,256,3,
Classic-McEliece-8192128f,KEM,5.0,5120,261.5784,0.8838,0.2463,208,32,176,262.7085,True,3802,2025-09-09T13:58:41.846297+00:00,256,3,
Classic-McEliece-8192128f,KEM,5.0,5120,325.6764,0.8037,0.3025,208,32,176,326.7826,True,3803,2025-09-09T13:58:42.275900+00:00,256,3,
Classic-McEliece-8192128f,KEM,5.0,5120,363.4667,0.8029,0.3022,208,32,176,364.5718,True,3804,2025-09-09T13:58:42.742721+00:00,256,3,
Classic-McEliece-8192128f,KEM,5.0,5120,352.3374,0.9481,0.2299,208,32,176,353.5154,True,3805,2025-09-09T13:58:43.199273+00:00,256,3,
Classic-McEliece-8192128f,KEM,5.0,5120,263.7353,0.6748,0.1851,208,32,176,264.5952,True,3806,2025-09-09T13:58:43.565941+00:00,256,3,
Classic-McEliece-8192128f,KEM,5.0,5120,295.8405,0.8774,0.2014,208,32,176,296.9193,True,3807,2025-09-09T13:58:43.965427+00:00,256,3,
Classic-McEliece-8192128f,KEM,5.0,5120,287.8686,0.8728,0.1958,208,32,176,288.9371,True,3808,2025-09-09T13:58:44.357050+00:00,256,3,
Classic-McEliece-8192128f,KEM,5.0,5120,296.8325,0.8902,0.2231,208,32,176,297.9458,True,3809,2025-09-09T13:58:44.757588+00:00,256,3,
Classic-McEliece-8192128f,KEM,5.0,5120,302.9196,0.7399,0.2459,208,32,176,303.9054,True,3810,2025-09-09T13:58:45.164077+00:00,256,3,
Classic-McEliece-8192128f,KEM,5.0,5120,294.3354,0.9404,0.1864,208,32,176,295.4622,True,3811,2025-09-09T13:58:45.561913+00:00,256,3,
Classic-McEliece-8192128f,KEM,5.0,5120,327.4144,0.8797,0.2401,208,32,176,328.5342,True,3812,2025-09-09T13:58:45.992620+00:00,256,3,
Classic-McEliece-8192128f,KEM,5.0,5120,290.3159,0.7973,0.2181,208,32,176,291.3313,True,3813,2025-09-09T13:58:46.385899+00:00,256,3,
Classic-McEliece-8192128f,KEM,5.0,5120,274.8396,0.6896,0.2471,208,32,176,275.7763,True,3814,2025-09-09T13:58:46.764154+00:00,256,3,
Classic-McEliece-8192128f,KEM,5.0,5120,484.458,0.7732,0.2343,208,32,176,485.4655,True,3815,2025-09-09T13:58:47.351624+00:00,256,3,
Classic-McEliece-8192128f,KEM,5.0,5120,294.1747,0.6661,0.1986,208,32,176,295.0394,True,3816,2025-09-09T13:58:47.749294+00:00,256,3,
Classic-McEliece-8192128f,KEM,5.0,5120,289.3459,0.7572,0.2421,208,32,176,290.3452,True,3817,2025-09-09T13:58:48.142117+00:00,256,3,
Classic-McEliece-8192128f,KEM,5.0,5120,488.1673,0.7904,0.2421,208,32,176,489.1998,True,3818,2025-09-09T13:58:48.733784+00:00,256,3,
Classic-McEliece-8192128f,KEM,5.0,5120,306.8993,0.9392,0.2117,208,32,176,308.0501,True,3819,2025-09-09T13:58:49.144046+00:00,256,3,
Classic-McEliece-8192128f,KEM,5.0,5120,313.8208,0.9184,0.4018,208,32,176,315.1411,True,3820,2025-09-09T13:58:49.562478+00:00,256,3,
Classic-McEliece-8192128f,KEM,5.0,5120,260.7093,0.6688,0.2264,208,32,176,261.6045,True,3821,2025-09-09T13:58:49.926382+00:00,256,3,
Classic-McEliece-8192128f,KEM,5.0,5120,310.2741,1.4064,0.2393,208,32,176,311.9198,True,3822,2025-09-09T13:58:50.340516+00:00,256,3,
Classic-McEliece-8192128f,KEM,5.0,5120,371.9842,0.8966,0.2323,208,32,176,373.113,True,3823,2025-09-09T13:58:50.816413+00:00,256,3,
Classic-McEliece-8192128f,KEM,5.0,5120,309.1004,0.9468,0.2433,208,32,176,310.2906,True,3824,2025-09-09T13:58:51.228722+00:00,256,3,
Classic-McEliece-8192128f,KEM,5.0,5120,446.913,0.8866,12.9325,208,32,176,460.7321,True,3825,2025-09-09T13:58:51.791965+00:00,256,3,
Classic-McEliece-8192128f,KEM,5.0,5120,451.7396,0.8887,0.2757,208,32,176,452.904,True,3826,2025-09-09T13:58:52.351851+00:00,256,3,
Classic-McEliece-8192128f,KEM,5.0,5120,342.6006,0.9338,0.2339,208,32,176,343.7683,True,3827,2025-09-09T13:58:52.801442+00:00,256,3,
Classic-McEliece-8192128f,KEM,5.0,5120,355.3263,1.0258,0.2229,208,32,176,356.575,True,3828,2025-09-09T13:58:53.260715+00:00,256,3,
Classic-McEliece-8192128f,KEM,5.0,5120,431.7842,0.93,0.2935,208,32,176,433.0078,True,3829,2025-09-09T13:58:53.801041+00:00,256,3,
Classic-McEliece-8192128f,KEM,5.0,5120,356.0673,0.8347,0.2207,208,32,176,357.1227,True,3830,2025-09-09T13:58:54.261877+00:00,256,3,
Classic-McEliece-8192128f,KEM,5.0,5120,350.3843,0.7673,0.2517,208,32,176,351.4032,True,3831,2025-09-09T13:58:54.718714+00:00,256,3,
Classic-McEliece-8192128f,KEM,5.0,5120,324.496,0.8776,0.2352,208,32,176,325.6088,True,3832,2025-09-09T13:58:55.147413+00:00,256,3,
Classic-McEliece-8192128f,KEM,5.0,5120,363.1638,1.2374,0.2141,208,32,176,364.6153,True,3833,2025-09-09T13:58:55.614480+00:00,256,3,
Classic-McEliece-8192128f,KEM,5.0,5120,384.341,0.8308,0.2154,208,32,176,385.3871,True,3834,2025-09-09T13:58:56.102022+00:00,256,3,
Classic-McEliece-8192128f,KEM,5.0,5120,311.9074,0.6795,0.226,208,32,176,312.8129,True,3835,2025-09-09T13:58:56.516942+00:00,256,3,
Classic-McEliece-8192128f,KEM,5.0,5120,303.3742,0.8955,0.4166,208,32,176,304.6863,True,3836,2025-09-09T13:58:56.923691+00:00,256,3,
Classic-McEliece-8192128f,KEM,5.0,5120,305.6957,0.8625,0.2568,208,32,176,306.815,True,3837,2025-09-09T13:58:57.333269+00:00,256,3,
Classic-McEliece-8192128f,KEM,5.0,5120,294.359,0.641,0.2189,208,32,176,295.2189,True,3838,2025-09-09T13:58:57.730847+00:00,256,3,
Classic-McEliece-8192128f,KEM,5.0,5120,453.9828,0.816,0.2966,208,32,176,455.0954,True,3839,2025-09-09T13:58:58.287698+00:00,256,3,
Classic-McEliece-8192128f,KEM,5.0,5120,358.2939,0.7373,0.2074,208,32,176,359.2385,True,3840,2025-09-09T13:58:58.749292+00:00,256,3,
Classic-McEliece-8192128f,KEM,5.0,5120,345.0574,0.8371,0.2322,208,32,176,346.1267,True,3841,2025-09-09T13:58:59.197294+00:00,256,3,
Classic-McEliece-8192128f,KEM,5.0,5120,318.6804,0.9029,0.2384,208,32,176,319.8217,True,3842,2025-09-09T13:58:59.618982+00:00,256,3,
Classic-McEliece-8192128f,KEM,5.0,5120,309.7505,0.9104,0.2392,208,32,176,310.9001,True,3843,2025-09-09T13:59:00.031872+00:00,256,3,
Classic-McEliece-8192128f,KEM,5.0,5120,387.7227,1.0655,0.2802,208,32,176,389.0684,True,3844,2025-09-09T13:59:00.524097+00:00,256,3,
Classic-McEliece-8192128f,KEM,5.0,5120,296.625,0.8724,0.28,208,32,176,297.7774,True,3845,2025-09-09T13:59:00.924519+00:00,256,3,
Classic-McEliece-8192128f,KEM,5.0,5120,333.6378,1.0786,0.2701,208,32,176,334.9865,True,3846,2025-09-09T13:59:01.361415+00:00,256,3,
Classic-McEliece-8192128f,KEM,5.0,5120,346.6604,0.8542,0.253,208,32,176,347.7676,True,3847,2025-09-09T13:59:01.811603+00:00,256,3,
Classic-McEliece-8192128f,KEM,5.0,5120,389.5699,0.9035,1.3739,208,32,176,391.8473,True,3848,2025-09-09T13:59:02.305860+00:00,256,3,
Classic-McEliece-8192128f,KEM,5.0,5120,431.637,0.8388,0.2296,208,32,176,432.7054,True,3849,2025-09-09T13:59:02.847034+00:00,256,3,
Classic-McEliece-8192128f,KEM,5.0,5120,408.0295,1.1953,0.2274,208,32,176,409.4522,True,3850,2025-09-09T13:59:03.358944+00:00,256,3,
Classic-McEliece-8192128f,KEM,10.0,10240,385.4024,0.8812,0.2287,208,32,176,386.5123,True,3851,2025-09-09T13:59:03.848894+00:00,256,3,
Classic-McEliece-8192128f,KEM,10.0,10240,363.0717,0.9464,0.2193,208,32,176,364.2374,True,3852,2025-09-09T13:59:04.316549+00:00,256,3,
Classic-McEliece-8192128f,KEM,10.0,10240,484.5471,0.696,0.242,208,32,176,485.4851,True,3853,2025-09-09T13:59:04.917876+00:00,256,3,
Classic-McEliece-8192128f,KEM,10.0,10240,570.3273,0.8738,0.2502,208,32,176,571.4513,True,3854,2025-09-09T13:59:05.592655+00:00,256,3,
Classic-McEliece-8192128f,KEM,10.0,10240,381.6671,0.8453,0.2417,208,32,176,382.7541,True,3855,2025-09-09T13:59:06.079092+00:00,256,3,
Classic-McEliece-8192128f,KEM,10.0,10240,334.7799,0.669,0.1775,208,32,176,335.6264,True,3856,2025-09-09T13:59:06.518157+00:00,256,3,
Classic-McEliece-8192128f,KEM,10.0,10240,350.6516,0.7162,0.1951,208,32,176,351.5629,True,3857,2025-09-09T13:59:06.972942+00:00,256,3,
Classic-McEliece-8192128f,KEM,10.0,10240,356.8781,0.8752,0.2239,208,32,176,357.9772,True,3858,2025-09-09T13:59:07.435379+00:00,256,3,
Classic-McEliece-8192128f,KEM,10.0,10240,385.9405,0.7875,0.2423,208,32,176,386.9702,True,3859,2025-09-09T13:59:07.925888+00:00,256,3,
Classic-McEliece-8192128f,KEM,10.0,10240,370.4703,0.8547,0.2303,208,32,176,371.5552,True,3860,2025-09-09T13:59:08.401286+00:00,256,3,
Classic-McEliece-8192128f,KEM,10.0,10240,450.0647,1.2496,0.27,208,32,176,451.5842,True,3861,2025-09-09T13:59:08.956895+00:00,256,3,
Classic-McEliece-8192128f,KEM,10.0,10240,303.5293,0.8465,0.2542,208,32,176,304.6301,True,3862,2025-09-09T13:59:09.364828+00:00,256,3,
Classic-McEliece-8192128f,KEM,10.0,10240,295.2661,0.7929,0.2341,208,32,176,296.2932,True,3863,2025-09-09T13:59:09.764760+00:00,256,3,
Classic-McEliece-8192128f,KEM,10.0,10240,321.445,0.8511,0.2902,208,32,176,322.5863,True,3864,2025-09-09T13:59:10.191902+00:00,256,3,
Classic-McEliece-8192128f,KEM,10.0,10240,308.2278,0.7911,0.3743,208,32,176,309.3932,True,3865,2025-09-09T13:59:10.604398+00:00,256,3,
Classic-McEliece-8192128f,KEM,10.0,10240,341.3225,1.3598,0.2559,208,32,176,342.9381,True,3866,2025-09-09T13:59:11.051025+00:00,256,3,
Classic-McEliece-8192128f,KEM,10.0,10240,283.606,0.8778,0.2254,208,32,176,284.7092,True,3867,2025-09-09T13:59:11.438994+00:00,256,3,
Classic-McEliece-8192128f,KEM,10.0,10240,317.851,0.9423,0.2921,208,32,176,319.0854,True,3868,2025-09-09T13:59:11.863725+00:00,256,3,
Classic-McEliece-8192128f,KEM,10.0,10240,288.0939,0.7436,0.2455,208,32,176,289.083,True,3869,2025-09-09T13:59:12.256196+00:00,256,3,
Classic-McEliece-8192128f,KEM,10.0,10240,330.6504,0.7159,0.246,208,32,176,331.6123,True,3870,2025-09-09T13:59:12.691296+00:00,256,3,
Classic-McEliece-8192128f,KEM,10.0,10240,297.3952,0.7538,0.1756,208,32,176,298.3246,True,3871,2025-09-09T13:59:13.095371+00:00,256,3,
Classic-McEliece-8192128f,KEM,10.0,10240,303.7194,0.904,0.2877,208,32,176,304.9111,True,3872,2025-09-09T13:59:13.503629+00:00,256,3,
Classic-McEliece-8192128f,KEM,10.0,10240,295.1518,0.7809,0.2998,208,32,176,296.2325,True,3873,2025-09-09T13:59:13.902710+00:00,256,3,
Classic-McEliece-8192128f,KEM,10.0,10240,373.9947,0.8578,0.2589,208,32,176,375.1114,True,3874,2025-09-09T13:59:14.383970+00:00,256,3,
Classic-McEliece-8192128f,KEM,10.0,10240,367.8279,0.8622,0.2535,208,32,176,368.9436,True,3875,2025-09-09T13:59:14.855882+00:00,256,3,
Classic-McEliece-8192128f,KEM,10.0,10240,312.7547,0.7965,0.2612,208,32,176,313.8124,True,3876,2025-09-09T13:59:15.274037+00:00,256,3,
Classic-McEliece-8192128f,KEM,10.0,10240,366.829,0.8856,0.231,208,32,176,367.9456,True,3877,2025-09-09T13:59:15.745395+00:00,256,3,
Classic-McEliece-8192128f,KEM,10.0,10240,288.7178,0.6311,0.1873,208,32,176,289.5361,True,3878,2025-09-09T13:59:16.137859+00:00,256,3,
Classic-McEliece-8192128f,KEM,10.0,10240,344.2455,0.9205,0.2348,208,32,176,345.4009,True,3879,2025-09-09T13:59:16.586132+00:00,256,3,
Classic-McEliece-8192128f,KEM,10.0,10240,342.7521,0.7186,0.2484,208,32,176,343.7191,True,3880,2025-09-09T13:59:17.033270+00:00,256,3,
Classic-McEliece-8192128f,KEM,10.0,10240,325.8296,0.8277,0.2253,208,32,176,326.8826,True,3881,2025-09-09T13:59:17.467114+00:00,256,3,
Classic-McEliece-8192128f,KEM,10.0,10240,415.8015,0.9226,0.2865,208,32,176,417.0105,True,3882,2025-09-09T13:59:17.987413+00:00,256,3,
Classic-McEliece-8192128f,KEM,10.0,10240,432.1546,1.0087,0.2412,208,32,176,433.4045,True,3883,2025-09-09T13:59:18.525226+00:00,256,3,
Classic-McEliece-8192128f,KEM,10.0,10240,326.6612,0.8659,0.2154,208,32,176,327.7425,True,3884,2025-09-09T13:59:18.955996+00:00,256,3,
Classic-McEliece-8192128f,KEM,10.0,10240,310.1293,0.7608,0.2071,208,32,176,311.0973,True,3885,2025-09-09T13:59:19.371108+00:00,256,3,
Classic-McEliece-8192128f,KEM,10.0,10240,358.8857,1.9439,0.2722,208,32,176,361.1018,True,3886,2025-09-09T13:59:19.838714+00:00,256,3,
Classic-McEliece-8192128f,KEM,10.0,10240,414.303,0.8593,0.2337,208,32,176,415.396,True,3887,2025-09-09T13:59:20.357338+00:00,256,3,
Classic-McEliece-8192128f,KEM,10.0,10240,445.3431,1.7009,0.276,208,32,176,447.32,True,3888,2025-09-09T13:59:20.908668+00:00,256,3,
Classic-McEliece-8192128f,KEM,10.0,10240,457.4061,0.6075,0.2161,208,32,176,458.2297,True,3889,2025-09-09T13:59:21.470776+00:00,256,3,
Classic-McEliece-8192128f,KEM,10.0,10240,325.5614,0.9177,0.2655,208,32,176,326.7447,True,3890,2025-09-09T13:59:21.900518+00:00,256,3,
Classic-McEliece-8192128f,KEM,10.0,10240,455.5438,0.9633,0.2607,208,32,176,456.7677,True,3891,2025-09-09T13:59:22.460734+00:00,256,3,
Classic-McEliece-8192128f,KEM,10.0,10240,302.7079,0.8284,0.215,208,32,176,303.7513,True,3892,2025-09-09T13:59:22.868348+00:00,256,3,
Classic-McEliece-8192128f,KEM,10.0,10240,290.7803,0.7584,0.2358,208,32,176,291.7745,True,3893,2025-09-09T13:59:23.263754+00:00,256,3,
Classic-McEliece-8192128f,KEM,10.0,10240,292.2098,0.6569,0.2073,208,32,176,293.0741,True,3894,2025-09-09T13:59:23.661148+00:00,256,3,
Classic-McEliece-8192128f,KEM,10.0,10240,268.9411,0.7831,0.2552,208,32,176,269.9795,True,3895,2025-09-09T13:59:24.034735+00:00,256,3,
Classic-McEliece-8192128f,KEM,10.0,10240,321.6137,0.9547,0.2316,208,32,176,322.8,True,3896,2025-09-09T13:59:24.460389+00:00,256,3,
Classic-McEliece-8192128f,KEM,10.0,10240,298.9198,0.7348,0.1758,208,32,176,299.8304,True,3897,2025-09-09T13:59:24.864192+00:00,256,3,
Classic-McEliece-8192128f,KEM,10.0,10240,303.0906,0.7623,0.2289,208,32,176,304.0818,True,3898,2025-09-09T13:59:25.271544+00:00,256,3,
Classic-McEliece-8192128f,KEM,10.0,10240,372.4842,0.9442,0.2955,208,32,176,373.7238,True,3899,2025-09-09T13:59:25.749111+00:00,256,3,
Classic-McEliece-8192128f,KEM,10.0,10240,283.8476,0.6126,0.1775,208,32,176,284.6377,True,3900,2025-09-09T13:59:26.137890+00:00,256,3,
Kyber512,KEM,0.1,102,1.9072,0.4135,0.0296,768,32,736,2.3503,True,3901,2025-09-09T13:59:26.244605+00:00,128,1,
Kyber512,KEM,0.1,102,0.1553,0.0598,0.0321,768,32,736,0.2472,True,3902,2025-09-09T13:59:26.345342+00:00,128,1,
Kyber512,KEM,0.1,102,0.135,0.0842,0.0253,768,32,736,0.2445,True,3903,2025-09-09T13:59:26.446179+00:00,128,1,
Kyber512,KEM,0.1,102,0.1458,0.063,0.0243,768,32,736,0.2331,True,3904,2025-09-09T13:59:26.547100+00:00,128,1,
Kyber512,KEM,0.1,102,0.1468,0.0611,0.0243,768,32,736,0.2322,True,3905,2025-09-09T13:59:26.647863+00:00,128,1,
Kyber512,KEM,0.1,102,0.136,0.0601,0.0278,768,32,736,0.2239,True,3906,2025-09-09T13:59:26.748844+00:00,128,1,
Kyber512,KEM,0.1,102,0.1407,0.0594,0.029,768,32,736,0.2292,True,3907,2025-09-09T13:59:26.855137+00:00,128,1,
Kyber512,KEM,0.1,102,0.1854,0.0626,0.0323,768,32,736,0.2804,True,3908,2025-09-09T13:59:26.955925+00:00,128,1,
Kyber512,KEM,0.1,102,0.1522,0.0676,0.0349,768,32,736,0.2547,True,3909,2025-09-09T13:59:27.056750+00:00,128,1,
Kyber512,KEM,0.1,102,0.173,0.0597,0.0279,768,32,736,0.2605,True,3910,2025-09-09T13:59:27.157573+00:00,128,1,
Kyber512,KEM,0.1,102,0.144,0.0612,0.0239,768,32,736,0.2291,True,3911,2025-09-09T13:59:27.258379+00:00,128,1,
Kyber512,KEM,0.1,102,0.1615,0.0514,0.0258,768,32,736,0.2388,True,3912,2025-09-09T13:59:27.359240+00:00,128,1,
Kyber512,KEM,0.1,102,0.1219,0.0573,0.0247,768,32,736,0.204,True,3913,2025-09-09T13:59:27.460020+00:00,128,1,
Kyber512,KEM,0.1,102,0.1607,0.0581,0.0308,768,32,736,0.2496,True,3914,2025-09-09T13:59:27.560804+00:00,128,1,
Kyber512,KEM,0.1,102,0.1513,0.0563,0.0305,768,32,736,0.2381,True,3915,2025-09-09T13:59:27.661607+00:00,128,1,
Kyber512,KEM,0.1,102,0.1837,0.0581,0.0311,768,32,736,0.2729,True,3916,2025-09-09T13:59:27.762448+00:00,128,1,
Kyber512,KEM,0.1,102,0.1683,0.0569,0.0309,768,32,736,0.2561,True,3917,2025-09-09T13:59:27.863365+00:00,128,1,
Kyber512,KEM,0.1,102,0.1567,0.0585,0.0306,768,32,736,0.2458,True,3918,2025-09-09T13:59:27.964228+00:00,128,1,
Kyber512,KEM,0.1,102,0.1394,0.0661,0.0299,768,32,736,0.2353,True,3919,2025-09-09T13:59:28.065005+00:00,128,1,
Kyber512,KEM,0.1,102,0.1754,0.054,0.0236,768,32,736,0.253,True,3920,2025-09-09T13:59:28.165783+00:00,128,1,
Kyber512,KEM,0.1,102,0.1583,0.0767,0.0327,768,32,736,0.2677,True,3921,2025-09-09T13:59:28.266626+00:00,128,1,
Kyber512,KEM,0.1,102,0.2359,0.0555,0.0287,768,32,736,0.3201,True,3922,2025-09-09T13:59:28.367664+00:00,128,1,
Kyber512,KEM,0.1,102,0.1401,0.0616,0.0269,768,32,736,0.2286,True,3923,2025-09-09T13:59:28.468437+00:00,128,1,
Kyber512,KEM,0.1,102,0.1452,0.0512,0.0264,768,32,736,0.2228,True,3924,2025-09-09T13:59:28.569301+00:00,128,1,
Kyber512,KEM,0.1,102,0.1374,0.0595,0.0274,768,32,736,0.2243,True,3925,2025-09-09T13:59:28.670030+00:00,128,1,
Kyber512,KEM,0.1,102,0.1755,0.0583,0.032,768,32,736,0.2658,True,3926,2025-09-09T13:59:28.770809+00:00,128,1,
Kyber512,KEM,0.1,102,0.1837,0.0502,0.0252,768,32,736,0.2592,True,3927,2025-09-09T13:59:28.871623+00:00,128,1,
Kyber512,KEM,0.1,102,0.144,0.0597,0.054,768,32,736,0.2577,True,3928,2025-09-09T13:59:28.972449+00:00,128,1,
Kyber512,KEM,0.1,102,0.1163,0.0547,0.0251,768,32,736,0.1962,True,3929,2025-09-09T13:59:29.073197+00:00,128,1,
Kyber512,KEM,0.1,102,0.1399,0.0663,0.032,768,32,736,0.2382,True,3930,2025-09-09T13:59:29.173968+00:00,128,1,
Kyber512,KEM,0.1,102,0.1834,0.0552,0.0263,768,32,736,0.265,True,3931,2025-09-09T13:59:29.274772+00:00,128,1,
Kyber512,KEM,0.1,102,0.1349,0.0608,0.0295,768,32,736,0.2252,True,3932,2025-09-09T13:59:29.376194+00:00,128,1,
Kyber512,KEM,0.1,102,0.1313,0.0521,0.0214,768,32,736,0.2048,True,3933,2025-09-09T13:59:29.476924+00:00,128,1,
Kyber512,KEM,0.1,102,0.1798,0.0576,0.0273,768,32,736,0.2646,True,3934,2025-09-09T13:59:29.577703+00:00,128,1,
Kyber512,KEM,0.1,102,0.1237,0.0564,0.0275,768,32,736,0.2076,True,3935,2025-09-09T13:59:29.678400+00:00,128,1,
Kyber512,KEM,0.1,102,0.1478,0.0634,0.0277,768,32,736,0.2389,True,3936,2025-09-09T13:59:29.779175+00:00,128,1,
Kyber512,KEM,0.1,102,0.1069,0.0452,0.0182,768,32,736,0.1703,True,3937,2025-09-09T13:59:29.879892+00:00,128,1,
Kyber512,KEM,0.1,102,0.1187,0.0554,0.025,768,32,736,0.1991,True,3938,2025-09-09T13:59:29.980564+00:00,128,1,
Kyber512,KEM,0.1,102,0.1397,0.0581,0.0275,768,32,736,0.2253,True,3939,2025-09-09T13:59:30.081323+00:00,128,1,
Kyber512,KEM,0.1,102,0.1481,0.0525,0.0263,768,32,736,0.2269,True,3940,2025-09-09T13:59:30.182143+00:00,128,1,
Kyber512,KEM,0.1,102,0.1382,0.0527,0.0269,768,32,736,0.2179,True,3941,2025-09-09T13:59:30.283579+00:00,128,1,
Kyber512,KEM,0.1,102,0.1406,0.058,0.0262,768,32,736,0.2248,True,3942,2025-09-09T13:59:30.384326+00:00,128,1,
Kyber512,KEM,0.1,102,0.1531,0.0671,0.0246,768,32,736,0.2448,True,3943,2025-09-09T13:59:30.485185+00:00,128,1,
Kyber512,KEM,0.1,102,0.189,0.0604,0.0295,768,32,736,0.2789,True,3944,2025-09-09T13:59:30.586025+00:00,128,1,
Kyber512,KEM,0.1,102,0.1609,0.0487,0.0246,768,32,736,0.2343,True,3945,2025-09-09T13:59:30.686842+00:00,128,1,
Kyber512,KEM,0.1,102,0.1757,0.0508,0.0241,768,32,736,0.2505,True,3946,2025-09-09T13:59:30.787632+00:00,128,1,
Kyber512,KEM,0.1,102,0.1483,0.0575,0.0245,768,32,736,0.2303,True,3947,2025-09-09T13:59:30.888411+00:00,128,1,
Kyber512,KEM,0.1,102,0.1693,0.0512,0.0294,768,32,736,0.2499,True,3948,2025-09-09T13:59:30.989200+00:00,128,1,
Kyber512,KEM,0.1,102,0.1766,0.0555,0.0269,768,32,736,0.2591,True,3949,2025-09-09T13:59:31.089984+00:00,128,1,
Kyber512,KEM,0.1,102,0.2001,0.0514,0.0248,768,32,736,0.2762,True,3950,2025-09-09T13:59:31.190775+00:00,128,1,
Kyber512,KEM,0.5,512,0.1725,0.0543,0.0278,768,32,736,0.2546,True,3951,2025-09-09T13:59:31.291613+00:00,128,1,
Kyber512,KEM,0.5,512,0.1472,0.0747,0.0271,768,32,736,0.249,True,3952,2025-09-09T13:59:31.392499+00:00,128,1,
Kyber512,KEM,0.5,512,0.149,0.0526,0.0261,768,32,736,0.2278,True,3953,2025-09-09T13:59:31.493447+00:00,128,1,
Kyber512,KEM,0.5,512,0.1411,0.0606,0.028,768,32,736,0.2297,True,3954,2025-09-09T13:59:31.594318+00:00,128,1,
Kyber512,KEM,0.5,512,0.2163,0.0602,0.028,768,32,736,0.3045,True,3955,2025-09-09T13:59:31.712395+00:00,128,1,
Kyber512,KEM,0.5,512,0.1416,0.0541,0.0292,768,32,736,0.2248,True,3956,2025-09-09T13:59:31.813352+00:00,128,1,
Kyber512,KEM,0.5,512,0.1482,0.0867,0.0295,768,32,736,0.2644,True,3957,2025-09-09T13:59:31.914332+00:00,128,1,
Kyber512,KEM,0.5,512,0.1672,0.0693,0.0606,768,32,736,0.2972,True,3958,2025-09-09T13:59:32.015524+00:00,128,1,
Kyber512,KEM,0.5,512,0.2202,0.0573,0.0251,768,32,736,0.3026,True,3959,2025-09-09T13:59:32.118865+00:00,128,1,
Kyber512,KEM,0.5,512,0.1421,0.0582,0.0258,768,32,736,0.2261,True,3960,2025-09-09T13:59:32.219792+00:00,128,1,
Kyber512,KEM,0.5,512,0.2004,0.0773,0.0393,768,32,736,0.317,True,3961,2025-09-09T13:59:32.320775+00:00,128,1,
Kyber512,KEM,0.5,512,0.1368,0.0606,0.0284,768,32,736,0.2258,True,3962,2025-09-09T13:59:32.423090+00:00,128,1,
Kyber512,KEM,0.5,512,0.4408,0.0714,0.0266,768,32,736,0.5388,True,3963,2025-09-09T13:59:32.524271+00:00,128,1,
Kyber512,KEM,0.5,512,0.412,0.0667,0.0241,768,32,736,0.5029,True,3964,2025-09-09T13:59:32.625504+00:00,128,1,
Kyber512,KEM,0.5,512,0.2848,0.0713,0.1861,768,32,736,0.5422,True,3965,2025-09-09T13:59:32.726697+00:00,128,1,
Kyber512,KEM,0.5,512,0.1731,0.0573,0.0248,768,32,736,0.2552,True,3966,2025-09-09T13:59:32.827602+00:00,128,1,
Kyber512,KEM,0.5,512,0.1518,0.0618,0.0473,768,32,736,0.2609,True,3967,2025-09-09T13:59:32.928519+00:00,128,1,
Kyber512,KEM,0.5,512,0.3438,0.1053,0.0534,768,32,736,0.5025,True,3968,2025-09-09T13:59:33.029697+00:00,128,1,
Kyber512,KEM,0.5,512,0.1487,0.0619,0.0261,768,32,736,0.2367,True,3969,2025-09-09T13:59:33.131175+00:00,128,1,
Kyber512,KEM,0.5,512,0.141,0.051,0.0271,768,32,736,0.2192,True,3970,2025-09-09T13:59:33.232117+00:00,128,1,
Kyber512,KEM,0.5,512,0.1927,0.0576,0.0309,768,32,736,0.2812,True,3971,2025-09-09T13:59:33.332986+00:00,128,1,
Kyber512,KEM,0.5,512,0.1759,0.0526,0.025,768,32,736,0.2535,True,3972,2025-09-09T13:59:33.433950+00:00,128,1,
Kyber512,KEM,0.5,512,0.1961,0.0563,0.0246,768,32,736,0.2769,True,3973,2025-09-09T13:59:33.535014+00:00,128,1,
Kyber512,KEM,0.5,512,0.1549,0.055,0.0273,768,32,736,0.2371,True,3974,2025-09-09T13:59:33.635910+00:00,128,1,
Kyber512,KEM,0.5,512,0.1604,0.0618,0.027,768,32,736,0.2492,True,3975,2025-09-09T13:59:33.736823+00:00,128,1,
Kyber512,KEM,0.5,512,0.2174,0.0865,0.0286,768,32,736,0.3326,True,3976,2025-09-09T13:59:33.839695+00:00,128,1,
Kyber512,KEM,0.5,512,0.1598,0.1024,0.032,768,32,736,0.2942,True,3977,2025-09-09T13:59:33.940820+00:00,128,1,
Kyber512,KEM,0.5,512,0.1686,0.0552,0.027,768,32,736,0.2508,True,3978,2025-09-09T13:59:34.041691+00:00,128,1,
Kyber512,KEM,0.5,512,0.1492,0.0967,0.0303,768,32,736,0.2761,True,3979,2025-09-09T13:59:34.142673+00:00,128,1,
Kyber512,KEM,0.5,512,0.1535,0.0583,0.0279,768,32,736,0.2396,True,3980,2025-09-09T13:59:34.243913+00:00,128,1,
Kyber512,KEM,0.5,512,0.1455,0.4975,0.0648,768,32,736,0.7078,True,3981,2025-09-09T13:59:34.345486+00:00,128,1,
Kyber512,KEM,0.5,512,0.1525,0.0682,0.026,768,32,736,0.2467,True,3982,2025-09-09T13:59:34.446381+00:00,128,1,
Kyber512,KEM,0.5,512,0.1661,0.0591,0.0352,768,32,736,0.2604,True,3983,2025-09-09T13:59:34.547490+00:00,128,1,
Kyber512,KEM,0.5,512,0.1561,0.0531,0.023,768,32,736,0.2322,True,3984,2025-09-09T13:59:34.648234+00:00,128,1,
Kyber512,KEM,0.5,512,0.1385,0.0636,0.0286,768,32,736,0.2308,True,3985,2025-09-09T13:59:34.749158+00:00,128,1,
Kyber512,KEM,0.5,512,0.1175,0.0403,0.0417,768,32,736,0.1996,True,3986,2025-09-09T13:59:34.849898+00:00,128,1,
Kyber512,KEM,0.5,512,0.1758,0.0534,0.0308,768,32,736,0.2601,True,3987,2025-09-09T13:59:34.950805+00:00,128,1,
Kyber512,KEM,0.5,512,0.1392,0.0592,0.025,768,32,736,0.2233,True,3988,2025-09-09T13:59:35.051827+00:00,128,1,
Kyber512,KEM,0.5,512,0.1487,0.0743,0.0271,768,32,736,0.2501,True,3989,2025-09-09T13:59:35.152773+00:00,128,1,
Kyber512,KEM,0.5,512,0.1691,0.0522,0.0269,768,32,736,0.2482,True,3990,2025-09-09T13:59:35.253677+00:00,128,1,
Kyber512,KEM,0.5,512,0.146,0.0516,0.0232,768,32,736,0.2208,True,3991,2025-09-09T13:59:35.356127+00:00,128,1,
Kyber512,KEM,0.5,512,0.1392,0.0515,0.0662,768,32,736,0.2569,True,3992,2025-09-09T13:59:35.457220+00:00,128,1,
Kyber512,KEM,0.5,512,0.1612,0.0583,0.0253,768,32,736,0.2448,True,3993,2025-09-09T13:59:35.558095+00:00,128,1,
Kyber512,KEM,0.5,512,0.1616,0.0659,0.0311,768,32,736,0.2586,True,3994,2025-09-09T13:59:35.659030+00:00,128,1,
Kyber512,KEM,0.5,512,0.1333,0.0553,0.0243,768,32,736,0.2129,True,3995,2025-09-09T13:59:35.759872+00:00,128,1,
Kyber512,KEM,0.5,512,0.1409,0.0517,0.0212,768,32,736,0.2138,True,3996,2025-09-09T13:59:35.860600+00:00,128,1,
Kyber512,KEM,0.5,512,0.1551,0.0515,0.0269,768,32,736,0.2335,True,3997,2025-09-09T13:59:35.961496+00:00,128,1,
Kyber512,KEM,0.5,512,0.1361,0.0506,0.0282,768,32,736,0.2149,True,3998,2025-09-09T13:59:36.062421+00:00,128,1,
Kyber512,KEM,0.5,512,0.1711,0.0585,0.026,768,32,736,0.2556,True,3999,2025-09-09T13:59:36.163313+00:00,128,1,
Kyber512,KEM,0.5,512,0.1175,0.0669,0.0249,768,32,736,0.2093,True,4000,2025-09-09T13:59:36.264234+00:00,128,1,
Kyber512,KEM,1.0,1024,0.1521,0.0559,0.0493,768,32,736,0.2573,True,4001,2025-09-09T13:59:36.365332+00:00,128,1,
Kyber512,KEM,1.0,1024,0.1555,0.0644,0.0317,768,32,736,0.2515,True,4002,2025-09-09T13:59:36.466692+00:00,128,1,
Kyber512,KEM,1.0,1024,0.3408,0.0678,0.0252,768,32,736,0.4339,True,4003,2025-09-09T13:59:36.568251+00:00,128,1,
Kyber512,KEM,1.0,1024,0.1419,0.0535,0.0275,768,32,736,0.2229,True,4004,2025-09-09T13:59:36.669314+00:00,128,1,
Kyber512,KEM,1.0,1024,0.1859,0.0593,0.0336,768,32,736,0.2788,True,4005,2025-09-09T13:59:36.770796+00:00,128,1,
Kyber512,KEM,1.0,1024,0.1293,0.0515,0.0216,768,32,736,0.2024,True,4006,2025-09-09T13:59:36.871794+00:00,128,1,
Kyber512,KEM,1.0,1024,0.1748,0.0551,0.0233,768,32,736,0.2531,True,4007,2025-09-09T13:59:36.972732+00:00,128,1,
Kyber512,KEM,1.0,1024,0.135,0.0652,0.0275,768,32,736,0.2277,True,4008,2025-09-09T13:59:37.073868+00:00,128,1,
Kyber512,KEM,1.0,1024,0.1864,0.0596,0.0291,768,32,736,0.2751,True,4009,2025-09-09T13:59:37.175137+00:00,128,1,
Kyber512,KEM,1.0,1024,0.167,0.0614,0.0307,768,32,736,0.259,True,4010,2025-09-09T13:59:37.276171+00:00,128,1,
Kyber512,KEM,1.0,1024,0.1776,0.047,0.0236,768,32,736,0.2482,True,4011,2025-09-09T13:59:37.377155+00:00,128,1,
Kyber512,KEM,1.0,1024,0.1178,0.0573,0.0541,768,32,736,0.2291,True,4012,2025-09-09T13:59:37.478218+00:00,128,1,
Kyber512,KEM,1.0,1024,0.1427,0.0558,0.0467,768,32,736,0.2452,True,4013,2025-09-09T13:59:37.582582+00:00,128,1,
Kyber512,KEM,1.0,1024,0.21,0.0574,0.0275,768,32,736,0.2949,True,4014,2025-09-09T13:59:37.683615+00:00,128,1,
Kyber512,KEM,1.0,1024,0.1643,0.0642,0.0276,768,32,736,0.2561,True,4015,2025-09-09T13:59:37.784603+00:00,128,1,
Kyber512,KEM,1.0,1024,0.1526,0.0495,0.0248,768,32,736,0.227,True,4016,2025-09-09T13:59:37.885603+00:00,128,1,
Kyber512,KEM,1.0,1024,0.185,0.0553,0.0311,768,32,736,0.2714,True,4017,2025-09-09T13:59:37.987092+00:00,128,1,
Kyber512,KEM,1.0,1024,0.1517,0.0612,0.0269,768,32,736,0.2398,True,4018,2025-09-09T13:59:38.088119+00:00,128,1,
Kyber512,KEM,1.0,1024,0.1197,0.0562,0.0243,768,32,736,0.2002,True,4019,2025-09-09T13:59:38.189204+00:00,128,1,
Kyber512,KEM,1.0,1024,0.1578,0.0569,0.1177,768,32,736,0.3324,True,4020,2025-09-09T13:59:38.290261+00:00,128,1,
Kyber512,KEM,1.0,1024,0.1951,0.0685,0.0279,768,32,736,0.2915,True,4021,2025-09-09T13:59:38.391609+00:00,128,1,
Kyber512,KEM,1.0,1024,0.1382,0.058,0.0318,768,32,736,0.228,True,4022,2025-09-09T13:59:38.492618+00:00,128,1,
Kyber512,KEM,1.0,1024,0.1364,0.0735,0.0259,768,32,736,0.2358,True,4023,2025-09-09T13:59:38.593640+00:00,128,1,
Kyber512,KEM,1.0,1024,0.1873,0.0578,0.0259,768,32,736,0.271,True,4024,2025-09-09T13:59:38.694736+00:00,128,1,
Kyber512,KEM,1.0,1024,0.209,0.0638,0.0248,768,32,736,0.2976,True,4025,2025-09-09T13:59:38.795755+00:00,128,1,
Kyber512,KEM,1.0,1024,0.1223,0.056,0.0247,768,32,736,0.203,True,4026,2025-09-09T13:59:38.896776+00:00,128,1,
Kyber512,KEM,1.0,1024,0.1882,0.1042,0.0559,768,32,736,0.3483,True,4027,2025-09-09T13:59:39.007708+00:00,128,1,
Kyber512,KEM,1.0,1024,0.1413,0.0545,0.0259,768,32,736,0.2217,True,4028,2025-09-09T13:59:39.108697+00:00,128,1,
Kyber512,KEM,1.0,1024,0.1523,0.0602,0.0493,768,32,736,0.2619,True,4029,2025-09-09T13:59:39.210023+00:00,128,1,
Kyber512,KEM,1.0,1024,0.1423,0.0525,0.0258,768,32,736,0.2207,True,4030,2025-09-09T13:59:39.311058+00:00,128,1,
Kyber512,KEM,1.0,1024,0.1627,0.061,0.0266,768,32,736,0.2502,True,4031,2025-09-09T13:59:39.412116+00:00,128,1,
Kyber512,KEM,1.0,1024,0.1182,0.0564,0.0247,768,32,736,0.1994,True,4032,2025-09-09T13:59:39.513156+00:00,128,1,
Kyber512,KEM,1.0,1024,0.1575,0.0552,0.0266,768,32,736,0.2393,True,4033,2025-09-09T13:59:39.614068+00:00,128,1,
Kyber512,KEM,1.0,1024,0.1428,0.0525,0.0249,768,32,736,0.2202,True,4034,2025-09-09T13:59:39.715178+00:00,128,1,
Kyber512,KEM,1.0,1024,0.1601,0.1837,0.0622,768,32,736,0.4061,True,4035,2025-09-09T13:59:39.816278+00:00,128,1,
Kyber512,KEM,1.0,1024,0.1286,0.052,0.0215,768,32,736,0.2021,True,4036,2025-09-09T13:59:39.920576+00:00,128,1,
Kyber512,KEM,1.0,1024,0.1561,0.0589,0.0288,768,32,736,0.2438,True,4037,2025-09-09T13:59:40.021827+00:00,128,1,
Kyber512,KEM,1.0,1024,0.1728,0.0614,0.0284,768,32,736,0.2626,True,4038,2025-09-09T13:59:40.122944+00:00,128,1,
Kyber512,KEM,1.0,1024,0.1512,0.0617,0.0248,768,32,736,0.2377,True,4039,2025-09-09T13:59:40.224000+00:00,128,1,
Kyber512,KEM,1.0,1024,0.149,0.084,0.039,768,32,736,0.272,True,4040,2025-09-09T13:59:40.325126+00:00,128,1,
Kyber512,KEM,1.0,1024,0.1465,0.0516,0.0249,768,32,736,0.2231,True,4041,2025-09-09T13:59:40.426164+00:00,128,1,
Kyber512,KEM,1.0,1024,0.1578,0.057,0.0235,768,32,736,0.2383,True,4042,2025-09-09T13:59:40.527220+00:00,128,1,
Kyber512,KEM,1.0,1024,0.1468,0.0676,0.027,768,32,736,0.2414,True,4043,2025-09-09T13:59:40.628249+00:00,128,1,
Kyber512,KEM,1.0,1024,0.1141,0.0565,0.0252,768,32,736,0.1958,True,4044,2025-09-09T13:59:40.729329+00:00,128,1,
Kyber512,KEM,1.0,1024,0.1429,0.0625,0.0876,768,32,736,0.293,True,4045,2025-09-09T13:59:40.830633+00:00,128,1,
Kyber512,KEM,1.0,1024,0.1475,0.0653,0.0276,768,32,736,0.2403,True,4046,2025-09-09T13:59:40.932699+00:00,128,1,
Kyber512,KEM,1.0,1024,0.138,0.0595,0.0262,768,32,736,0.2237,True,4047,2025-09-09T13:59:41.033813+00:00,128,1,
Kyber512,KEM,1.0,1024,0.1401,0.0568,0.0243,768,32,736,0.2212,True,4048,2025-09-09T13:59:41.135114+00:00,128,1,
Kyber512,KEM,1.0,1024,0.1562,0.0545,0.0283,768,32,736,0.239,True,4049,2025-09-09T13:59:41.236129+00:00,128,1,
Kyber512,KEM,1.0,1024,0.1417,0.053,0.0258,768,32,736,0.2205,True,4050,2025-09-09T13:59:41.337231+00:00,128,1,
Kyber512,KEM,2.0,2048,0.1452,0.0463,0.0231,768,32,736,0.2146,True,4051,2025-09-09T13:59:41.438411+00:00,128,1,
Kyber512,KEM,2.0,2048,0.1329,0.0606,0.0277,768,32,736,0.2212,True,4052,2025-09-09T13:59:41.539725+00:00,128,1,
Kyber512,KEM,2.0,2048,0.1609,0.0535,0.0258,768,32,736,0.2402,True,4053,2025-09-09T13:59:41.640928+00:00,128,1,
Kyber512,KEM,2.0,2048,0.1671,0.0552,0.0257,768,32,736,0.248,True,4054,2025-09-09T13:59:41.742238+00:00,128,1,
Kyber512,KEM,2.0,2048,0.2064,0.0808,0.029,768,32,736,0.3163,True,4055,2025-09-09T13:59:41.843630+00:00,128,1,
Kyber512,KEM,2.0,2048,0.3099,0.0734,0.034,768,32,736,0.4173,True,4056,2025-09-09T13:59:41.945179+00:00,128,1,
Kyber512,KEM,2.0,2048,0.1176,0.0559,0.0243,768,32,736,0.1979,True,4057,2025-09-09T13:59:42.047441+00:00,128,1,
Kyber512,KEM,2.0,2048,0.1557,0.0649,0.0338,768,32,736,0.2544,True,4058,2025-09-09T13:59:42.148853+00:00,128,1,
Kyber512,KEM,2.0,2048,0.1539,0.057,0.0301,768,32,736,0.241,True,4059,2025-09-09T13:59:42.250102+00:00,128,1,
Kyber512,KEM,2.0,2048,0.1677,0.0554,0.0292,768,32,736,0.2523,True,4060,2025-09-09T13:59:42.353319+00:00,128,1,
Kyber512,KEM,2.0,2048,0.1579,0.0479,0.0241,768,32,736,0.2299,True,4061,2025-09-09T13:59:42.454570+00:00,128,1,
Kyber512,KEM,2.0,2048,0.1701,0.1053,0.028,768,32,736,0.3033,True,4062,2025-09-09T13:59:42.559051+00:00,128,1,
Kyber512,KEM,2.0,2048,0.1825,0.0533,0.0258,768,32,736,0.2616,True,4063,2025-09-09T13:59:42.660647+00:00,128,1,
Kyber512,KEM,2.0,2048,0.1989,0.0612,0.0303,768,32,736,0.2904,True,4064,2025-09-09T13:59:42.762800+00:00,128,1,
Kyber512,KEM,2.0,2048,0.1662,0.0521,0.0245,768,32,736,0.2429,True,4065,2025-09-09T13:59:42.864262+00:00,128,1,
Kyber512,KEM,2.0,2048,0.3521,0.0726,0.0324,768,32,736,0.457,True,4066,2025-09-09T13:59:42.966037+00:00,128,1,
Kyber512,KEM,2.0,2048,0.1581,0.0522,0.0283,768,32,736,0.2385,True,4067,2025-09-09T13:59:43.071410+00:00,128,1,
Kyber512,KEM,2.0,2048,0.1612,0.0922,0.0323,768,32,736,0.2858,True,4068,2025-09-09T13:59:43.172859+00:00,128,1,
Kyber512,KEM,2.0,2048,0.1404,0.0513,0.0271,768,32,736,0.2188,True,4069,2025-09-09T13:59:43.274192+00:00,128,1,
Kyber512,KEM,2.0,2048,0.1617,0.0547,0.098,768,32,736,0.3144,True,4070,2025-09-09T13:59:43.375569+00:00,128,1,
Kyber512,KEM,2.0,2048,0.2098,0.0538,0.0249,768,32,736,0.2886,True,4071,2025-09-09T13:59:43.477361+00:00,128,1,
Kyber512,KEM,2.0,2048,0.1928,0.0571,0.0427,768,32,736,0.2926,True,4072,2025-09-09T13:59:43.578821+00:00,128,1,
Kyber512,KEM,2.0,2048,0.1433,0.0603,0.025,768,32,736,0.2286,True,4073,2025-09-09T13:59:43.679997+00:00,128,1,
Kyber512,KEM,2.0,2048,0.1625,0.057,0.0263,768,32,736,0.2457,True,4074,2025-09-09T13:59:43.781183+00:00,128,1,
Kyber512,KEM,2.0,2048,0.1427,0.0579,0.0239,768,32,736,0.2246,True,4075,2025-09-09T13:59:43.882406+00:00,128,1,
Kyber512,KEM,2.0,2048,0.1479,0.0552,0.0282,768,32,736,0.2313,True,4076,2025-09-09T13:59:43.983790+00:00,128,1,
Kyber512,KEM,2.0,2048,0.1472,0.0578,0.0271,768,32,736,0.2321,True,4077,2025-09-09T13:59:44.085002+00:00,128,1,
Kyber512,KEM,2.0,2048,0.1366,0.2277,0.0389,768,32,736,0.4032,True,4078,2025-09-09T13:59:44.186512+00:00,128,1,
Kyber512,KEM,2.0,2048,0.1655,0.0504,0.0237,768,32,736,0.2396,True,4079,2025-09-09T13:59:44.287818+00:00,128,1,
Kyber512,KEM,2.0,2048,0.2241,0.0624,0.0249,768,32,736,0.3114,True,4080,2025-09-09T13:59:44.389048+00:00,128,1,
Kyber512,KEM,2.0,2048,0.1433,0.052,0.0265,768,32,736,0.2219,True,4081,2025-09-09T13:59:44.490469+00:00,128,1,
Kyber512,KEM,2.0,2048,0.1543,0.055,0.0289,768,32,736,0.2382,True,4082,2025-09-09T13:59:44.591851+00:00,128,1,
Kyber512,KEM,2.0,2048,0.1438,0.0626,0.0269,768,32,736,0.2333,True,4083,2025-09-09T13:59:44.701524+00:00,128,1,
Kyber512,KEM,2.0,2048,0.2224,0.0693,0.0358,768,32,736,0.3275,True,4084,2025-09-09T13:59:44.802821+00:00,128,1,
Kyber512,KEM,2.0,2048,0.1404,0.0511,0.0283,768,32,736,0.2198,True,4085,2025-09-09T13:59:44.904150+00:00,128,1,
Kyber512,KEM,2.0,2048,0.1848,0.0511,0.0258,768,32,736,0.2617,True,4086,2025-09-09T13:59:45.008683+00:00,128,1,
Kyber512,KEM,2.0,2048,0.2553,0.0552,0.0286,768,32,736,0.3391,True,4087,2025-09-09T13:59:45.111695+00:00,128,1,
Kyber512,KEM,2.0,2048,0.1246,0.057,0.0251,768,32,736,0.2068,True,4088,2025-09-09T13:59:45.213251+00:00,128,1,
Kyber512,KEM,2.0,2048,0.1483,0.0698,0.1515,768,32,736,0.3695,True,4089,2025-09-09T13:59:45.314642+00:00,128,1,
Kyber512,KEM,2.0,2048,0.1499,0.0633,0.0272,768,32,736,0.2404,True,4090,2025-09-09T13:59:45.424707+00:00,128,1,
Kyber512,KEM,2.0,2048,0.187,0.073,0.0282,768,32,736,0.2882,True,4091,2025-09-09T13:59:45.527184+00:00,128,1,
Kyber512,KEM,2.0,2048,0.1459,0.0584,0.024,768,32,736,0.2283,True,4092,2025-09-09T13:59:45.628456+00:00,128,1,
Kyber512,KEM,2.0,2048,0.1521,0.063,0.0261,768,32,736,0.2413,True,4093,2025-09-09T13:59:45.732912+00:00,128,1,
Kyber512,KEM,2.0,2048,0.1563,0.0474,0.024,768,32,736,0.2277,True,4094,2025-09-09T13:59:45.835215+00:00,128,1,
Kyber512,KEM,2.0,2048,0.1166,0.0557,0.0245,768,32,736,0.1968,True,4095,2025-09-09T13:59:45.940980+00:00,128,1,
Kyber512,KEM,2.0,2048,0.1685,0.051,0.0257,768,32,736,0.2452,True,4096,2025-09-09T13:59:46.042136+00:00,128,1,
Kyber512,KEM,2.0,2048,0.1483,0.0542,0.0215,768,32,736,0.2241,True,4097,2025-09-09T13:59:46.143272+00:00,128,1,
Kyber512,KEM,2.0,2048,0.155,0.0607,0.0274,768,32,736,0.2431,True,4098,2025-09-09T13:59:46.244788+00:00,128,1,
Kyber512,KEM,2.0,2048,0.1612,0.0515,0.0259,768,32,736,0.2385,True,4099,2025-09-09T13:59:46.345986+00:00,128,1,
Kyber512,KEM,2.0,2048,0.134,0.0532,0.0245,768,32,736,0.2117,True,4100,2025-09-09T13:59:46.447063+00:00,128,1,
Kyber512,KEM,5.0,5120,0.1625,0.0645,0.0332,768,32,736,0.2603,True,4101,2025-09-09T13:59:46.549112+00:00,128,1,
Kyber512,KEM,5.0,5120,0.1602,0.0531,0.0257,768,32,736,0.239,True,4102,2025-09-09T13:59:46.651191+00:00,128,1,
Kyber512,KEM,5.0,5120,0.1684,0.0597,0.0282,768,32,736,0.2563,True,4103,2025-09-09T13:59:46.753385+00:00,128,1,
Kyber512,KEM,5.0,5120,0.1618,0.0585,0.0243,768,32,736,0.2446,True,4104,2025-09-09T13:59:46.855644+00:00,128,1,
Kyber512,KEM,5.0,5120,0.149,0.047,0.1484,768,32,736,0.3444,True,4105,2025-09-09T13:59:46.957975+00:00,128,1,
Kyber512,KEM,5.0,5120,0.1767,0.0574,0.0263,768,32,736,0.2604,True,4106,2025-09-09T13:59:47.060210+00:00,128,1,
Kyber512,KEM,5.0,5120,0.1243,0.0626,0.0287,768,32,736,0.2156,True,4107,2025-09-09T13:59:47.162996+00:00,128,1,
Kyber512,KEM,5.0,5120,0.1729,0.0564,0.029,768,32,736,0.2582,True,4108,2025-09-09T13:59:47.265066+00:00,128,1,
Kyber512,KEM,5.0,5120,0.1616,0.0522,0.0298,768,32,736,0.2437,True,4109,2025-09-09T13:59:47.367405+00:00,128,1,
Kyber512,KEM,5.0,5120,0.1581,0.0769,0.028,768,32,736,0.2631,True,4110,2025-09-09T13:59:47.469405+00:00,128,1,
Kyber512,KEM,5.0,5120,0.1975,0.0622,0.0341,768,32,736,0.2938,True,4111,2025-09-09T13:59:47.572082+00:00,128,1,
Kyber512,KEM,5.0,5120,0.1407,0.0598,0.0279,768,32,736,0.2284,True,4112,2025-09-09T13:59:47.674455+00:00,128,1,
Kyber512,KEM,5.0,5120,0.1532,0.0621,0.0278,768,32,736,0.2432,True,4113,2025-09-09T13:59:47.776965+00:00,128,1,
Kyber512,KEM,5.0,5120,0.1705,0.0536,0.0259,768,32,736,0.25,True,4114,2025-09-09T13:59:47.879473+00:00,128,1,
Kyber512,KEM,5.0,5120,0.1475,0.0497,0.0234,768,32,736,0.2206,True,4115,2025-09-09T13:59:47.981977+00:00,128,1,
Kyber512,KEM,5.0,5120,0.1581,0.0553,0.0298,768,32,736,0.2432,True,4116,2025-09-09T13:59:48.084223+00:00,128,1,
Kyber512,KEM,5.0,5120,0.1436,0.0514,0.0263,768,32,736,0.2213,True,4117,2025-09-09T13:59:48.186366+00:00,128,1,
Kyber512,KEM,5.0,5120,0.148,0.0567,0.0257,768,32,736,0.2304,True,4118,2025-09-09T13:59:48.289327+00:00,128,1,
Kyber512,KEM,5.0,5120,0.1522,0.0541,0.0274,768,32,736,0.2338,True,4119,2025-09-09T13:59:48.392458+00:00,128,1,
Kyber512,KEM,5.0,5120,0.1811,0.0558,0.0278,768,32,736,0.2647,True,4120,2025-09-09T13:59:48.494816+00:00,128,1,
Kyber512,KEM,5.0,5120,0.1358,0.0479,0.0338,768,32,736,0.2175,True,4121,2025-09-09T13:59:48.597403+00:00,128,1,
Kyber512,KEM,5.0,5120,0.138,0.0526,0.0192,768,32,736,0.2099,True,4122,2025-09-09T13:59:48.699402+00:00,128,1,
Kyber512,KEM,5.0,5120,0.159,0.0534,0.0255,768,32,736,0.2379,True,4123,2025-09-09T13:59:48.801348+00:00,128,1,
Kyber512,KEM,5.0,5120,0.2036,0.0593,0.0288,768,32,736,0.2917,True,4124,2025-09-09T13:59:48.903707+00:00,128,1,
Kyber512,KEM,5.0,5120,0.149,0.0557,0.9617,768,32,736,1.1663,True,4125,2025-09-09T13:59:49.012439+00:00,128,1,
Kyber512,KEM,5.0,5120,5.3413,0.1104,0.0356,768,32,736,5.4873,True,4126,2025-09-09T13:59:49.124762+00:00,128,1,
Kyber512,KEM,5.0,5120,0.1444,0.0634,0.05,768,32,736,0.2579,True,4127,2025-09-09T13:59:49.227364+00:00,128,1,
Kyber512,KEM,5.0,5120,0.1667,0.1307,0.0312,768,32,736,0.3286,True,4128,2025-09-09T13:59:49.330886+00:00,128,1,
Kyber512,KEM,5.0,5120,0.1623,0.0545,0.0548,768,32,736,0.2716,True,4129,2025-09-09T13:59:49.433084+00:00,128,1,
Kyber512,KEM,5.0,5120,0.1454,0.0569,0.0279,768,32,736,0.2302,True,4130,2025-09-09T13:59:49.535370+00:00,128,1,
Kyber512,KEM,5.0,5120,0.1564,0.0569,0.0295,768,32,736,0.2428,True,4131,2025-09-09T13:59:49.637324+00:00,128,1,
Kyber512,KEM,5.0,5120,0.1752,0.0898,0.0379,768,32,736,0.3029,True,4132,2025-09-09T13:59:49.739578+00:00,128,1,
Kyber512,KEM,5.0,5120,0.143,0.0601,0.0257,768,32,736,0.2288,True,4133,2025-09-09T13:59:49.841552+00:00,128,1,
Kyber512,KEM,5.0,5120,0.1464,0.0659,0.0487,768,32,736,0.2609,True,4134,2025-09-09T13:59:49.943854+00:00,128,1,
Kyber512,KEM,5.0,5120,0.1511,0.0752,0.0293,768,32,736,0.2557,True,4135,2025-09-09T13:59:50.046264+00:00,128,1,
Kyber512,KEM,5.0,5120,0.1486,0.062,0.0253,768,32,736,0.2359,True,4136,2025-09-09T13:59:50.148474+00:00,128,1,
Kyber512,KEM,5.0,5120,0.1453,0.0572,0.0241,768,32,736,0.2266,True,4137,2025-09-09T13:59:50.250588+00:00,128,1,
Kyber512,KEM,5.0,5120,0.1414,0.0645,0.0313,768,32,736,0.2372,True,4138,2025-09-09T13:59:50.353256+00:00,128,1,
Kyber512,KEM,5.0,5120,0.1462,0.0612,0.026,768,32,736,0.2335,True,4139,2025-09-09T13:59:50.456971+00:00,128,1,
Kyber512,KEM,5.0,5120,0.1397,0.0535,0.0602,768,32,736,0.2534,True,4140,2025-09-09T13:59:50.561145+00:00,128,1,
Kyber512,KEM,5.0,5120,0.1518,0.0483,0.0235,768,32,736,0.2236,True,4141,2025-09-09T13:59:50.663353+00:00,128,1,
Kyber512,KEM,5.0,5120,0.1675,0.0596,0.026,768,32,736,0.2532,True,4142,2025-09-09T13:59:50.766127+00:00,128,1,
Kyber512,KEM,5.0,5120,0.1365,0.0629,0.0283,768,32,736,0.2278,True,4143,2025-09-09T13:59:50.877245+00:00,128,1,
Kyber512,KEM,5.0,5120,0.1477,0.0554,0.0324,768,32,736,0.2355,True,4144,2025-09-09T13:59:50.981096+00:00,128,1,
Kyber512,KEM,5.0,5120,0.1465,0.053,0.0491,768,32,736,0.2487,True,4145,2025-09-09T13:59:51.084999+00:00,128,1,
Kyber512,KEM,5.0,5120,0.1547,0.054,0.0278,768,32,736,0.2366,True,4146,2025-09-09T13:59:51.187077+00:00,128,1,
Kyber512,KEM,5.0,5120,0.1537,0.0597,0.0242,768,32,736,0.2377,True,4147,2025-09-09T13:59:51.289210+00:00,128,1,
Kyber512,KEM,5.0,5120,0.1648,0.0519,0.0288,768,32,736,0.2455,True,4148,2025-09-09T13:59:51.391203+00:00,128,1,
Kyber512,KEM,5.0,5120,0.1322,0.0543,0.0226,768,32,736,0.2091,True,4149,2025-09-09T13:59:51.493268+00:00,128,1,
Kyber512,KEM,5.0,5120,0.148,0.0538,0.0275,768,32,736,0.2293,True,4150,2025-09-09T13:59:51.595439+00:00,128,1,
Kyber512,KEM,10.0,10240,0.2298,0.061,0.0259,768,32,736,0.3167,True,4151,2025-09-09T13:59:51.698793+00:00,128,1,
Kyber512,KEM,10.0,10240,0.1524,0.0481,0.024,768,32,736,0.2245,True,4152,2025-09-09T13:59:51.802348+00:00,128,1,
Kyber512,KEM,10.0,10240,0.1552,0.0554,0.0254,768,32,736,0.2361,True,4153,2025-09-09T13:59:51.905853+00:00,128,1,
Kyber512,KEM,10.0,10240,0.1595,0.0529,0.0237,768,32,736,0.2361,True,4154,2025-09-09T13:59:52.009263+00:00,128,1,
Kyber512,KEM,10.0,10240,0.1498,0.0638,0.0286,768,32,736,0.2421,True,4155,2025-09-09T13:59:52.115924+00:00,128,1,
Kyber512,KEM,10.0,10240,0.2107,0.0655,0.0303,768,32,736,0.3066,True,4156,2025-09-09T13:59:52.224397+00:00,128,1,
Kyber512,KEM,10.0,10240,0.1712,0.0535,0.0275,768,32,736,0.2521,True,4157,2025-09-09T13:59:52.350118+00:00,128,1,
Kyber512,KEM,10.0,10240,0.1526,0.0715,0.0267,768,32,736,0.2508,True,4158,2025-09-09T13:59:52.453401+00:00,128,1,
Kyber512,KEM,10.0,10240,1.638,0.1477,0.039,768,32,736,1.8247,True,4159,2025-09-09T13:59:52.558179+00:00,128,1,
Kyber512,KEM,10.0,10240,0.1546,0.051,0.0241,768,32,736,0.2298,True,4160,2025-09-09T13:59:52.669316+00:00,128,1,
Kyber512,KEM,10.0,10240,0.1576,0.0687,0.0324,768,32,736,0.2587,True,4161,2025-09-09T13:59:52.772844+00:00,128,1,
Kyber512,KEM,10.0,10240,0.1643,0.0563,0.0263,768,32,736,0.2469,True,4162,2025-09-09T13:59:52.876332+00:00,128,1,
Kyber512,KEM,10.0,10240,0.1546,0.0648,0.0253,768,32,736,0.2447,True,4163,2025-09-09T13:59:52.980275+00:00,128,1,
Kyber512,KEM,10.0,10240,0.23,0.0569,0.0264,768,32,736,0.3133,True,4164,2025-09-09T13:59:53.083784+00:00,128,1,
Kyber512,KEM,10.0,10240,0.2003,0.0523,0.0261,768,32,736,0.2787,True,4165,2025-09-09T13:59:53.187750+00:00,128,1,
Kyber512,KEM,10.0,10240,0.1613,0.0632,0.0289,768,32,736,0.2535,True,4166,2025-09-09T13:59:53.291264+00:00,128,1,
Kyber512,KEM,10.0,10240,0.1659,0.0589,0.025,768,32,736,0.2497,True,4167,2025-09-09T13:59:53.394395+00:00,128,1,
Kyber512,KEM,10.0,10240,0.1332,0.0576,0.0254,768,32,736,0.2162,True,4168,2025-09-09T13:59:53.498302+00:00,128,1,
Kyber512,KEM,10.0,10240,0.2518,0.0671,0.0352,768,32,736,0.3541,True,4169,2025-09-09T13:59:53.602762+00:00,128,1,
Kyber512,KEM,10.0,10240,0.1833,0.0565,0.0258,768,32,736,0.2656,True,4170,2025-09-09T13:59:53.705785+00:00,128,1,
Kyber512,KEM,10.0,10240,0.1506,0.0634,0.2119,768,32,736,0.4259,True,4171,2025-09-09T13:59:53.810216+00:00,128,1,
Kyber512,KEM,10.0,10240,0.1648,0.0617,0.0416,768,32,736,0.2681,True,4172,2025-09-09T13:59:53.918200+00:00,128,1,
Kyber512,KEM,10.0,10240,0.2971,0.0708,0.0319,768,32,736,0.3998,True,4173,2025-09-09T13:59:54.023322+00:00,128,1,
Kyber512,KEM,10.0,10240,0.3397,0.0576,0.0292,768,32,736,0.4266,True,4174,2025-09-09T13:59:54.127868+00:00,128,1,
Kyber512,KEM,10.0,10240,0.1617,0.0574,0.0255,768,32,736,0.2446,True,4175,2025-09-09T13:59:54.231218+00:00,128,1,
Kyber512,KEM,10.0,10240,0.1652,0.0546,0.025,768,32,736,0.2448,True,4176,2025-09-09T13:59:54.335088+00:00,128,1,
Kyber512,KEM,10.0,10240,0.1554,0.0625,0.0279,768,32,736,0.2458,True,4177,2025-09-09T13:59:54.438424+00:00,128,1,
Kyber512,KEM,10.0,10240,0.1629,0.0564,0.0251,768,32,736,0.2444,True,4178,2025-09-09T13:59:54.541701+00:00,128,1,
Kyber512,KEM,10.0,10240,0.1775,0.0537,0.0321,768,32,736,0.2633,True,4179,2025-09-09T13:59:54.645210+00:00,128,1,
Kyber512,KEM,10.0,10240,0.1403,0.0477,0.0255,768,32,736,0.2135,True,4180,2025-09-09T13:59:54.749333+00:00,128,1,
Kyber512,KEM,10.0,10240,0.1466,0.049,0.0262,768,32,736,0.2218,True,4181,2025-09-09T13:59:54.852821+00:00,128,1,
Kyber512,KEM,10.0,10240,0.1493,0.0544,0.0257,768,32,736,0.2295,True,4182,2025-09-09T13:59:54.956263+00:00,128,1,
Kyber512,KEM,10.0,10240,0.1612,0.0595,0.0301,768,32,736,0.2508,True,4183,2025-09-09T13:59:55.059897+00:00,128,1,
Kyber512,KEM,10.0,10240,0.1525,0.0521,0.026,768,32,736,0.2306,True,4184,2025-09-09T13:59:55.163759+00:00,128,1,
Kyber512,KEM,10.0,10240,0.1511,0.0498,0.0245,768,32,736,0.2254,True,4185,2025-09-09T13:59:55.268551+00:00,128,1,
Kyber512,KEM,10.0,10240,0.1837,0.06,0.0314,768,32,736,0.275,True,4186,2025-09-09T13:59:55.373282+00:00,128,1,
Kyber512,KEM,10.0,10240,0.1634,0.0587,0.0255,768,32,736,0.2475,True,4187,2025-09-09T13:59:55.479241+00:00,128,1,
Kyber512,KEM,10.0,10240,0.154,0.0524,0.0263,768,32,736,0.2328,True,4188,2025-09-09T13:59:55.584111+00:00,128,1,
Kyber512,KEM,10.0,10240,0.1714,0.0598,0.0322,768,32,736,0.2634,True,4189,2025-09-09T13:59:55.688089+00:00,128,1,
Kyber512,KEM,10.0,10240,0.1546,0.0548,0.022,768,32,736,0.2315,True,4190,2025-09-09T13:59:55.791420+00:00,128,1,
Kyber512,KEM,10.0,10240,0.1635,0.0534,0.0265,768,32,736,0.2434,True,4191,2025-09-09T13:59:55.897421+00:00,128,1,
Kyber512,KEM,10.0,10240,0.1542,0.0566,0.0317,768,32,736,0.2425,True,4192,2025-09-09T13:59:56.001087+00:00,128,1,
Kyber512,KEM,10.0,10240,0.1429,0.0622,0.0274,768,32,736,0.2325,True,4193,2025-09-09T13:59:56.108387+00:00,128,1,
Kyber512,KEM,10.0,10240,0.1716,0.0706,0.0662,768,32,736,0.3084,True,4194,2025-09-09T13:59:56.212558+00:00,128,1,
Kyber512,KEM,10.0,10240,0.139,0.0478,0.0184,768,32,736,0.2053,True,4195,2025-09-09T13:59:56.315645+00:00,128,1,
Kyber512,KEM,10.0,10240,0.1732,0.054,0.028,768,32,736,0.2552,True,4196,2025-09-09T13:59:56.418882+00:00,128,1,
Kyber512,KEM,10.0,10240,0.1701,0.0607,0.0276,768,32,736,0.2584,True,4197,2025-09-09T13:59:56.525278+00:00,128,1,
Kyber512,KEM,10.0,10240,0.2007,0.0534,0.0271,768,32,736,0.2812,True,4198,2025-09-09T13:59:56.629400+00:00,128,1,
Kyber512,KEM,10.0,10240,0.1733,0.0658,0.0258,768,32,736,0.2649,True,4199,2025-09-09T13:59:56.738184+00:00,128,1,
Kyber512,KEM,10.0,10240,0.1545,0.0535,0.028,768,32,736,0.236,True,4200,2025-09-09T13:59:56.841207+00:00,128,1,
Kyber768,KEM,0.1,102,1.7323,0.1517,0.0347,1088,32,1056,1.9187,True,4201,2025-09-09T13:59:56.946464+00:00,192,2,
Kyber768,KEM,0.1,102,0.1722,0.0693,0.0337,1088,32,1056,0.2752,True,4202,2025-09-09T13:59:57.047373+00:00,192,2,
Kyber768,KEM,0.1,102,0.1551,0.0836,0.0407,1088,32,1056,0.2794,True,4203,2025-09-09T13:59:57.148360+00:00,192,2,
Kyber768,KEM,0.1,102,0.1593,0.0641,0.037,1088,32,1056,0.2604,True,4204,2025-09-09T13:59:57.255076+00:00,192,2,
Kyber768,KEM,0.1,102,0.3013,0.5441,0.0442,1088,32,1056,0.8896,True,4205,2025-09-09T13:59:57.361284+00:00,192,2,
Kyber768,KEM,0.1,102,0.1565,0.0677,0.0377,1088,32,1056,0.2619,True,4206,2025-09-09T13:59:57.462133+00:00,192,2,
Kyber768,KEM,0.1,102,0.155,0.0748,0.0397,1088,32,1056,0.2694,True,4207,2025-09-09T13:59:57.562964+00:00,192,2,
Kyber768,KEM,0.1,102,0.1741,0.0813,0.0443,1088,32,1056,0.2997,True,4208,2025-09-09T13:59:57.664042+00:00,192,2,
Kyber768,KEM,0.1,102,0.1579,0.0711,0.0361,1088,32,1056,0.265,True,4209,2025-09-09T13:59:57.780463+00:00,192,2,
Kyber768,KEM,0.1,102,0.1278,0.0644,0.0335,1088,32,1056,0.2257,True,4210,2025-09-09T13:59:57.881312+00:00,192,2,
Kyber768,KEM,0.1,102,0.1739,0.0784,0.0409,1088,32,1056,0.2931,True,4211,2025-09-09T13:59:57.986077+00:00,192,2,
Kyber768,KEM,0.1,102,0.1589,0.072,0.0372,1088,32,1056,0.2681,True,4212,2025-09-09T13:59:58.087066+00:00,192,2,
Kyber768,KEM,0.1,102,0.1688,0.0644,0.0361,1088,32,1056,0.2692,True,4213,2025-09-09T13:59:58.190069+00:00,192,2,
Kyber768,KEM,0.1,102,0.1525,0.1088,0.0541,1088,32,1056,0.3154,True,4214,2025-09-09T13:59:58.293243+00:00,192,2,
Kyber768,KEM,0.1,102,0.2309,0.0676,0.0446,1088,32,1056,0.3431,True,4215,2025-09-09T13:59:58.395732+00:00,192,2,
Kyber768,KEM,0.1,102,7.8814,0.1529,0.0457,1088,32,1056,8.08,True,4216,2025-09-09T13:59:58.504604+00:00,192,2,
Kyber768,KEM,0.1,102,0.153,0.0709,0.0377,1088,32,1056,0.2616,True,4217,2025-09-09T13:59:58.616195+00:00,192,2,
Kyber768,KEM,0.1,102,0.186,0.0662,0.0347,1088,32,1056,0.2869,True,4218,2025-09-09T13:59:58.717138+00:00,192,2,
Kyber768,KEM,0.1,102,0.1958,0.0646,0.0395,1088,32,1056,0.2999,True,4219,2025-09-09T13:59:58.818060+00:00,192,2,
Kyber768,KEM,0.1,102,0.2543,0.0656,0.0512,1088,32,1056,0.3711,True,4220,2025-09-09T13:59:58.919057+00:00,192,2,
Kyber768,KEM,0.1,102,0.201,0.0671,0.0376,1088,32,1056,0.3057,True,4221,2025-09-09T13:59:59.020447+00:00,192,2,
Kyber768,KEM,0.1,102,0.1815,0.0653,0.0888,1088,32,1056,0.3357,True,4222,2025-09-09T13:59:59.121618+00:00,192,2,
Kyber768,KEM,0.1,102,0.1596,0.0595,0.04,1088,32,1056,0.2592,True,4223,2025-09-09T13:59:59.233951+00:00,192,2,
Kyber768,KEM,0.1,102,0.1785,0.0584,0.0332,1088,32,1056,0.2701,True,4224,2025-09-09T13:59:59.334794+00:00,192,2,
Kyber768,KEM,0.1,102,0.163,0.0613,0.0376,1088,32,1056,0.2619,True,4225,2025-09-09T13:59:59.436152+00:00,192,2,
Kyber768,KEM,0.1,102,0.2103,0.0965,0.0516,1088,32,1056,0.3585,True,4226,2025-09-09T13:59:59.537206+00:00,192,2,
Kyber768,KEM,0.1,102,0.203,0.0637,0.0349,1088,32,1056,0.3017,True,4227,2025-09-09T13:59:59.638609+00:00,192,2,
Kyber768,KEM,0.1,102,0.1387,0.0595,0.0342,1088,32,1056,0.2324,True,4228,2025-09-09T13:59:59.739511+00:00,192,2,
Kyber768,KEM,0.1,102,0.1606,0.1074,0.0339,1088,32,1056,0.302,True,4229,2025-09-09T13:59:59.842826+00:00,192,2,
Kyber768,KEM,0.1,102,0.1738,0.092,0.0381,1088,32,1056,0.3039,True,4230,2025-09-09T13:59:59.944273+00:00,192,2,
Kyber768,KEM,0.1,102,0.1624,0.0643,0.0403,1088,32,1056,0.267,True,4231,2025-09-09T14:00:00.045297+00:00,192,2,
Kyber768,KEM,0.1,102,0.1547,0.0625,0.0596,1088,32,1056,0.2767,True,4232,2025-09-09T14:00:00.146496+00:00,192,2,
Kyber768,KEM,0.1,102,0.1697,0.069,0.0415,1088,32,1056,0.2802,True,4233,2025-09-09T14:00:00.247410+00:00,192,2,
Kyber768,KEM,0.1,102,0.1509,0.0714,0.0382,1088,32,1056,0.2605,True,4234,2025-09-09T14:00:00.351338+00:00,192,2,
Kyber768,KEM,0.1,102,0.1587,0.0743,0.0395,1088,32,1056,0.2724,True,4235,2025-09-09T14:00:00.456637+00:00,192,2,
Kyber768,KEM,0.1,102,0.217,0.0672,0.0582,1088,32,1056,0.3424,True,4236,2025-09-09T14:00:00.557577+00:00,192,2,
Kyber768,KEM,0.1,102,0.1938,0.0737,0.0602,1088,32,1056,0.3277,True,4237,2025-09-09T14:00:00.658502+00:00,192,2,
Kyber768,KEM,0.1,102,0.1652,0.067,0.0583,1088,32,1056,0.2905,True,4238,2025-09-09T14:00:00.759512+00:00,192,2,
Kyber768,KEM,0.1,102,0.1608,0.0595,0.0355,1088,32,1056,0.2559,True,4239,2025-09-09T14:00:00.860325+00:00,192,2,
Kyber768,KEM,0.1,102,0.1497,0.0607,0.0342,1088,32,1056,0.2446,True,4240,2025-09-09T14:00:00.961289+00:00,192,2,
Kyber768,KEM,0.1,102,0.1695,0.0619,0.033,1088,32,1056,0.2644,True,4241,2025-09-09T14:00:01.062213+00:00,192,2,
Kyber768,KEM,0.1,102,0.1629,0.0741,0.0404,1088,32,1056,0.2773,True,4242,2025-09-09T14:00:01.163031+00:00,192,2,
Kyber768,KEM,0.1,102,0.1796,0.0705,0.0388,1088,32,1056,0.2889,True,4243,2025-09-09T14:00:01.263918+00:00,192,2,
Kyber768,KEM,0.1,102,0.17,0.0612,0.0379,1088,32,1056,0.2691,True,4244,2025-09-09T14:00:01.364761+00:00,192,2,
Kyber768,KEM,0.1,102,0.1652,0.0696,0.0341,1088,32,1056,0.2689,True,4245,2025-09-09T14:00:01.465621+00:00,192,2,
Kyber768,KEM,0.1,102,0.1552,0.0643,0.036,1088,32,1056,0.2555,True,4246,2025-09-09T14:00:01.566455+00:00,192,2,
Kyber768,KEM,0.1,102,0.1506,0.0664,0.0336,1088,32,1056,0.2506,True,4247,2025-09-09T14:00:01.667307+00:00,192,2,
Kyber768,KEM,0.1,102,0.2012,0.0608,0.0343,1088,32,1056,0.2964,True,4248,2025-09-09T14:00:01.774138+00:00,192,2,
Kyber768,KEM,0.1,102,0.3324,0.0818,0.0373,1088,32,1056,0.4515,True,4249,2025-09-09T14:00:01.882607+00:00,192,2,
Kyber768,KEM,0.1,102,0.1474,0.0699,0.0375,1088,32,1056,0.2548,True,4250,2025-09-09T14:00:01.983439+00:00,192,2,
Kyber768,KEM,0.5,512,0.1576,0.0878,0.0379,1088,32,1056,0.2832,True,4251,2025-09-09T14:00:02.084370+00:00,192,2,
Kyber768,KEM,0.5,512,0.1566,0.0742,0.0381,1088,32,1056,0.2689,True,4252,2025-09-09T14:00:02.185318+00:00,192,2,
Kyber768,KEM,0.5,512,0.1679,0.0648,0.0333,1088,32,1056,0.266,True,4253,2025-09-09T14:00:02.286223+00:00,192,2,
Kyber768,KEM,0.5,512,0.174,0.0731,0.0572,1088,32,1056,0.3043,True,4254,2025-09-09T14:00:02.391380+00:00,192,2,
Kyber768,KEM,0.5,512,0.1583,0.0733,0.04,1088,32,1056,0.2717,True,4255,2025-09-09T14:00:02.492410+00:00,192,2,
Kyber768,KEM,0.5,512,0.1406,0.0634,0.0311,1088,32,1056,0.2351,True,4256,2025-09-09T14:00:02.593383+00:00,192,2,
Kyber768,KEM,0.5,512,0.1718,0.0646,0.0346,1088,32,1056,0.271,True,4257,2025-09-09T14:00:02.694380+00:00,192,2,
Kyber768,KEM,0.5,512,0.1585,0.0651,0.0405,1088,32,1056,0.2641,True,4258,2025-09-09T14:00:02.795438+00:00,192,2,
Kyber768,KEM,0.5,512,0.1882,0.0627,0.0355,1088,32,1056,0.2864,True,4259,2025-09-09T14:00:02.896532+00:00,192,2,
Kyber768,KEM,0.5,512,0.1557,0.0645,0.039,1088,32,1056,0.2592,True,4260,2025-09-09T14:00:02.999106+00:00,192,2,
Kyber768,KEM,0.5,512,0.187,0.0771,0.0346,1088,32,1056,0.2987,True,4261,2025-09-09T14:00:03.100025+00:00,192,2,
Kyber768,KEM,0.5,512,0.1806,0.2358,0.0512,1088,32,1056,0.4676,True,4262,2025-09-09T14:00:03.205868+00:00,192,2,
Kyber768,KEM,0.5,512,0.1819,0.0641,0.0317,1088,32,1056,0.2778,True,4263,2025-09-09T14:00:03.306822+00:00,192,2,
Kyber768,KEM,0.5,512,0.2144,0.0749,0.0375,1088,32,1056,0.3268,True,4264,2025-09-09T14:00:03.407792+00:00,192,2,
Kyber768,KEM,0.5,512,0.1711,0.0609,0.0342,1088,32,1056,0.2662,True,4265,2025-09-09T14:00:03.515267+00:00,192,2,
Kyber768,KEM,0.5,512,0.1549,0.0697,0.0362,1088,32,1056,0.2608,True,4266,2025-09-09T14:00:03.616260+00:00,192,2,
Kyber768,KEM,0.5,512,0.1578,0.0639,0.0403,1088,32,1056,0.262,True,4267,2025-09-09T14:00:03.717185+00:00,192,2,
Kyber768,KEM,0.5,512,0.1514,0.0614,0.0723,1088,32,1056,0.2852,True,4268,2025-09-09T14:00:03.818108+00:00,192,2,
Kyber768,KEM,0.5,512,0.1459,0.0605,0.0293,1088,32,1056,0.2357,True,4269,2025-09-09T14:00:03.918998+00:00,192,2,
Kyber768,KEM,0.5,512,0.1709,0.0618,0.035,1088,32,1056,0.2676,True,4270,2025-09-09T14:00:04.019891+00:00,192,2,
Kyber768,KEM,0.5,512,0.1545,0.0757,0.0398,1088,32,1056,0.27,True,4271,2025-09-09T14:00:04.120848+00:00,192,2,
Kyber768,KEM,0.5,512,0.7913,0.1015,0.0425,1088,32,1056,0.9354,True,4272,2025-09-09T14:00:04.222435+00:00,192,2,
Kyber768,KEM,0.5,512,0.1681,0.0626,0.0395,1088,32,1056,0.2703,True,4273,2025-09-09T14:00:04.324433+00:00,192,2,
Kyber768,KEM,0.5,512,0.1507,0.0698,0.0474,1088,32,1056,0.2678,True,4274,2025-09-09T14:00:04.425358+00:00,192,2,
Kyber768,KEM,0.5,512,0.1562,0.0757,0.0412,1088,32,1056,0.2731,True,4275,2025-09-09T14:00:04.526258+00:00,192,2,
Kyber768,KEM,0.5,512,0.1552,0.0634,0.0384,1088,32,1056,0.257,True,4276,2025-09-09T14:00:04.630557+00:00,192,2,
Kyber768,KEM,0.5,512,0.1584,0.0633,0.0446,1088,32,1056,0.2663,True,4277,2025-09-09T14:00:04.732137+00:00,192,2,
Kyber768,KEM,0.5,512,0.1538,0.0705,0.0361,1088,32,1056,0.2604,True,4278,2025-09-09T14:00:04.833072+00:00,192,2,
Kyber768,KEM,0.5,512,0.2126,0.0679,0.0375,1088,32,1056,0.3179,True,4279,2025-09-09T14:00:04.933998+00:00,192,2,
Kyber768,KEM,0.5,512,0.1586,0.071,0.0351,1088,32,1056,0.2647,True,4280,2025-09-09T14:00:05.034934+00:00,192,2,
Kyber768,KEM,0.5,512,0.1601,0.0712,0.0328,1088,32,1056,0.2641,True,4281,2025-09-09T14:00:05.135918+00:00,192,2,
Kyber768,KEM,0.5,512,0.166,0.0613,0.0348,1088,32,1056,0.2621,True,4282,2025-09-09T14:00:05.236814+00:00,192,2,
Kyber768,KEM,0.5,512,0.4912,0.0671,0.0346,1088,32,1056,0.5928,True,4283,2025-09-09T14:00:05.338098+00:00,192,2,
Kyber768,KEM,0.5,512,0.2046,0.0645,0.0369,1088,32,1056,0.306,True,4284,2025-09-09T14:00:05.439097+00:00,192,2,
Kyber768,KEM,0.5,512,0.1547,0.0688,0.0336,1088,32,1056,0.2571,True,4285,2025-09-09T14:00:05.539956+00:00,192,2,
Kyber768,KEM,0.5,512,0.1494,0.0693,0.0336,1088,32,1056,0.2524,True,4286,2025-09-09T14:00:05.640926+00:00,192,2,
Kyber768,KEM,0.5,512,0.15,0.0634,0.0373,1088,32,1056,0.2507,True,4287,2025-09-09T14:00:05.741836+00:00,192,2,
Kyber768,KEM,0.5,512,0.1786,0.0753,0.043,1088,32,1056,0.2968,True,4288,2025-09-09T14:00:05.845512+00:00,192,2,
Kyber768,KEM,0.5,512,0.1909,0.0763,0.0476,1088,32,1056,0.3147,True,4289,2025-09-09T14:00:05.946555+00:00,192,2,
Kyber768,KEM,0.5,512,0.1903,0.093,0.0394,1088,32,1056,0.3226,True,4290,2025-09-09T14:00:06.047588+00:00,192,2,
Kyber768,KEM,0.5,512,0.1569,0.0763,0.0423,1088,32,1056,0.2755,True,4291,2025-09-09T14:00:06.176204+00:00,192,2,
Kyber768,KEM,0.5,512,0.155,0.0669,0.0295,1088,32,1056,0.2513,True,4292,2025-09-09T14:00:06.277142+00:00,192,2,
Kyber768,KEM,0.5,512,0.1485,0.0675,0.0394,1088,32,1056,0.2554,True,4293,2025-09-09T14:00:06.378014+00:00,192,2,
Kyber768,KEM,0.5,512,0.1688,0.0604,0.0337,1088,32,1056,0.263,True,4294,2025-09-09T14:00:06.492976+00:00,192,2,
Kyber768,KEM,0.5,512,0.1697,0.0684,0.0406,1088,32,1056,0.2786,True,4295,2025-09-09T14:00:06.593917+00:00,192,2,
Kyber768,KEM,0.5,512,0.1511,0.0589,0.0293,1088,32,1056,0.2393,True,4296,2025-09-09T14:00:06.694767+00:00,192,2,
Kyber768,KEM,0.5,512,0.1758,0.0627,0.0405,1088,32,1056,0.279,True,4297,2025-09-09T14:00:06.795855+00:00,192,2,
Kyber768,KEM,0.5,512,0.23,0.0704,0.0352,1088,32,1056,0.3357,True,4298,2025-09-09T14:00:06.899717+00:00,192,2,
Kyber768,KEM,0.5,512,0.1619,0.0651,0.0351,1088,32,1056,0.2622,True,4299,2025-09-09T14:00:07.003137+00:00,192,2,
Kyber768,KEM,0.5,512,0.1549,0.063,0.0338,1088,32,1056,0.2517,True,4300,2025-09-09T14:00:07.104167+00:00,192,2,
Kyber768,KEM,1.0,1024,0.1561,0.066,0.038,1088,32,1056,0.2601,True,4301,2025-09-09T14:00:07.205431+00:00,192,2,
Kyber768,KEM,1.0,1024,0.17,0.0604,0.0349,1088,32,1056,0.2654,True,4302,2025-09-09T14:00:07.306488+00:00,192,2,
Kyber768,KEM,1.0,1024,0.2029,0.0757,0.0505,1088,32,1056,0.329,True,4303,2025-09-09T14:00:07.407731+00:00,192,2,
Kyber768,KEM,1.0,1024,0.1802,0.0705,0.0338,1088,32,1056,0.2844,True,4304,2025-09-09T14:00:07.508724+00:00,192,2,
Kyber768,KEM,1.0,1024,0.1705,0.0701,0.0374,1088,32,1056,0.2779,True,4305,2025-09-09T14:00:07.610184+00:00,192,2,
Kyber768,KEM,1.0,1024,0.1508,0.0588,0.0403,1088,32,1056,0.25,True,4306,2025-09-09T14:00:07.711118+00:00,192,2,
Kyber768,KEM,1.0,1024,1.1726,0.1529,0.0473,1088,32,1056,1.3728,True,4307,2025-09-09T14:00:07.817239+00:00,192,2,
Kyber768,KEM,1.0,1024,0.1553,0.0843,0.0444,1088,32,1056,0.2841,True,4308,2025-09-09T14:00:07.919146+00:00,192,2,
Kyber768,KEM,1.0,1024,0.1628,0.0601,0.0358,1088,32,1056,0.2587,True,4309,2025-09-09T14:00:08.020199+00:00,192,2,
Kyber768,KEM,1.0,1024,0.1774,0.0644,0.034,1088,32,1056,0.2758,True,4310,2025-09-09T14:00:08.121452+00:00,192,2,
Kyber768,KEM,1.0,1024,0.1626,0.096,0.0488,1088,32,1056,0.3074,True,4311,2025-09-09T14:00:08.222619+00:00,192,2,
Kyber768,KEM,1.0,1024,0.1493,0.0694,0.0362,1088,32,1056,0.2548,True,4312,2025-09-09T14:00:08.335767+00:00,192,2,
Kyber768,KEM,1.0,1024,0.538,0.0862,0.0384,1088,32,1056,0.6626,True,4313,2025-09-09T14:00:08.437469+00:00,192,2,
Kyber768,KEM,1.0,1024,0.1819,0.062,0.0355,1088,32,1056,0.2794,True,4314,2025-09-09T14:00:08.547235+00:00,192,2,
Kyber768,KEM,1.0,1024,0.2242,0.068,0.0343,1088,32,1056,0.3265,True,4315,2025-09-09T14:00:08.649082+00:00,192,2,
Kyber768,KEM,1.0,1024,0.2299,1.2504,0.0665,1088,32,1056,1.5468,True,4316,2025-09-09T14:00:08.752750+00:00,192,2,
Kyber768,KEM,1.0,1024,0.1601,0.0743,0.0346,1088,32,1056,0.269,True,4317,2025-09-09T14:00:08.854224+00:00,192,2,
Kyber768,KEM,1.0,1024,0.1671,0.0542,0.0313,1088,32,1056,0.2525,True,4318,2025-09-09T14:00:08.955311+00:00,192,2,
Kyber768,KEM,1.0,1024,0.1778,0.069,0.0522,1088,32,1056,0.299,True,4319,2025-09-09T14:00:09.056552+00:00,192,2,
Kyber768,KEM,1.0,1024,0.1488,0.0727,0.039,1088,32,1056,0.2605,True,4320,2025-09-09T14:00:09.157597+00:00,192,2,
Kyber768,KEM,1.0,1024,0.1823,0.0665,0.0408,1088,32,1056,0.2896,True,4321,2025-09-09T14:00:09.258686+00:00,192,2,
Kyber768,KEM,1.0,1024,0.1532,0.0754,0.0381,1088,32,1056,0.2668,True,4322,2025-09-09T14:00:09.359844+00:00,192,2,
Kyber768,KEM,1.0,1024,0.1664,0.0705,0.0423,1088,32,1056,0.2792,True,4323,2025-09-09T14:00:09.464133+00:00,192,2,
Kyber768,KEM,1.0,1024,0.1602,0.0557,0.0341,1088,32,1056,0.2501,True,4324,2025-09-09T14:00:09.582029+00:00,192,2,
Kyber768,KEM,1.0,1024,0.1491,0.0629,0.0389,1088,32,1056,0.2509,True,4325,2025-09-09T14:00:09.683272+00:00,192,2,
Kyber768,KEM,1.0,1024,0.1441,0.0624,0.037,1088,32,1056,0.2435,True,4326,2025-09-09T14:00:09.784354+00:00,192,2,
Kyber768,KEM,1.0,1024,0.1635,0.0743,0.0407,1088,32,1056,0.2784,True,4327,2025-09-09T14:00:09.886806+00:00,192,2,
Kyber768,KEM,1.0,1024,0.1796,0.062,0.0348,1088,32,1056,0.2764,True,4328,2025-09-09T14:00:09.988010+00:00,192,2,
Kyber768,KEM,1.0,1024,0.1383,0.0829,0.048,1088,32,1056,0.2692,True,4329,2025-09-09T14:00:10.089219+00:00,192,2,
Kyber768,KEM,1.0,1024,0.1524,0.0646,0.0395,1088,32,1056,0.2565,True,4330,2025-09-09T14:00:10.190198+00:00,192,2,
Kyber768,KEM,1.0,1024,0.1511,0.0639,0.0771,1088,32,1056,0.2921,True,4331,2025-09-09T14:00:10.291510+00:00,192,2,
Kyber768,KEM,1.0,1024,0.1507,0.0712,0.0359,1088,32,1056,0.2578,True,4332,2025-09-09T14:00:10.392460+00:00,192,2,
Kyber768,KEM,1.0,1024,0.4309,0.0811,0.0362,1088,32,1056,0.5481,True,4333,2025-09-09T14:00:10.493863+00:00,192,2,
Kyber768,KEM,1.0,1024,0.1734,0.0612,0.0406,1088,32,1056,0.2751,True,4334,2025-09-09T14:00:10.594954+00:00,192,2,
Kyber768,KEM,1.0,1024,0.2754,0.0623,0.0333,1088,32,1056,0.371,True,4335,2025-09-09T14:00:10.696784+00:00,192,2,
Kyber768,KEM,1.0,1024,0.1428,0.0765,0.0362,1088,32,1056,0.2555,True,4336,2025-09-09T14:00:10.797882+00:00,192,2,
Kyber768,KEM,1.0,1024,0.1554,0.06,0.0359,1088,32,1056,0.2514,True,4337,2025-09-09T14:00:10.899060+00:00,192,2,
Kyber768,KEM,1.0,1024,0.152,0.0595,0.0292,1088,32,1056,0.2407,True,4338,2025-09-09T14:00:11.000206+00:00,192,2,
Kyber768,KEM,1.0,1024,0.1438,0.0669,0.0355,1088,32,1056,0.2461,True,4339,2025-09-09T14:00:11.101218+00:00,192,2,
Kyber768,KEM,1.0,1024,0.1376,0.0637,0.0326,1088,32,1056,0.2339,True,4340,2025-09-09T14:00:11.202214+00:00,192,2,
Kyber768,KEM,1.0,1024,0.2335,0.0717,0.0472,1088,32,1056,0.3523,True,4341,2025-09-09T14:00:11.303659+00:00,192,2,
Kyber768,KEM,1.0,1024,0.147,0.071,0.04,1088,32,1056,0.258,True,4342,2025-09-09T14:00:11.404733+00:00,192,2,
Kyber768,KEM,1.0,1024,0.1699,0.0654,0.0396,1088,32,1056,0.2749,True,4343,2025-09-09T14:00:11.505812+00:00,192,2,
Kyber768,KEM,1.0,1024,0.1504,0.0654,0.0339,1088,32,1056,0.2498,True,4344,2025-09-09T14:00:11.606827+00:00,192,2,
Kyber768,KEM,1.0,1024,0.1772,0.0644,0.0422,1088,32,1056,0.2838,True,4345,2025-09-09T14:00:11.707880+00:00,192,2,
Kyber768,KEM,1.0,1024,0.1819,0.0973,0.0522,1088,32,1056,0.3315,True,4346,2025-09-09T14:00:11.809228+00:00,192,2,
Kyber768,KEM,1.0,1024,0.1812,0.0788,0.0531,1088,32,1056,0.3131,True,4347,2025-09-09T14:00:11.910586+00:00,192,2,
Kyber768,KEM,1.0,1024,0.1538,0.0568,0.0337,1088,32,1056,0.2442,True,4348,2025-09-09T14:00:12.011623+00:00,192,2,
Kyber768,KEM,1.0,1024,0.1492,0.081,0.0456,1088,32,1056,0.2759,True,4349,2025-09-09T14:00:12.112717+00:00,192,2,
Kyber768,KEM,1.0,1024,0.1653,0.0704,0.039,1088,32,1056,0.2746,True,4350,2025-09-09T14:00:12.213775+00:00,192,2,
Kyber768,KEM,2.0,2048,0.1607,0.0619,0.038,1088,32,1056,0.2607,True,4351,2025-09-09T14:00:12.315063+00:00,192,2,
Kyber768,KEM,2.0,2048,0.1562,0.0623,0.0309,1088,32,1056,0.2494,True,4352,2025-09-09T14:00:12.416199+00:00,192,2,
Kyber768,KEM,2.0,2048,0.1347,0.0674,0.0338,1088,32,1056,0.2359,True,4353,2025-09-09T14:00:12.517638+00:00,192,2,
Kyber768,KEM,2.0,2048,0.2035,0.0637,0.0357,1088,32,1056,0.3028,True,4354,2025-09-09T14:00:12.618833+00:00,192,2,
Kyber768,KEM,2.0,2048,0.1732,0.0594,0.0343,1088,32,1056,0.2669,True,4355,2025-09-09T14:00:12.720144+00:00,192,2,
Kyber768,KEM,2.0,2048,0.123,0.064,0.0332,1088,32,1056,0.2202,True,4356,2025-09-09T14:00:12.821547+00:00,192,2,
Kyber768,KEM,2.0,2048,0.1981,0.0666,0.0364,1088,32,1056,0.3011,True,4357,2025-09-09T14:00:12.922707+00:00,192,2,
Kyber768,KEM,2.0,2048,0.1792,0.091,0.0406,1088,32,1056,0.3107,True,4358,2025-09-09T14:00:13.024020+00:00,192,2,
Kyber768,KEM,2.0,2048,0.1663,0.0619,0.0373,1088,32,1056,0.2655,True,4359,2025-09-09T14:00:13.125353+00:00,192,2,
Kyber768,KEM,2.0,2048,0.1835,0.0604,0.0351,1088,32,1056,0.279,True,4360,2025-09-09T14:00:13.226719+00:00,192,2,
Kyber768,KEM,2.0,2048,0.1537,0.0602,0.0373,1088,32,1056,0.2511,True,4361,2025-09-09T14:00:13.327974+00:00,192,2,
Kyber768,KEM,2.0,2048,0.1364,0.0592,0.0292,1088,32,1056,0.2248,True,4362,2025-09-09T14:00:13.429136+00:00,192,2,
Kyber768,KEM,2.0,2048,0.1825,0.0741,0.0419,1088,32,1056,0.2986,True,4363,2025-09-09T14:00:13.530396+00:00,192,2,
Kyber768,KEM,2.0,2048,0.2937,0.0775,0.0459,1088,32,1056,0.4172,True,4364,2025-09-09T14:00:13.632079+00:00,192,2,
Kyber768,KEM,2.0,2048,0.1758,0.0653,0.0348,1088,32,1056,0.2759,True,4365,2025-09-09T14:00:13.737556+00:00,192,2,
Kyber768,KEM,2.0,2048,0.198,0.0644,0.0355,1088,32,1056,0.2979,True,4366,2025-09-09T14:00:13.838814+00:00,192,2,
Kyber768,KEM,2.0,2048,0.269,0.072,0.0365,1088,32,1056,0.3774,True,4367,2025-09-09T14:00:13.940321+00:00,192,2,
Kyber768,KEM,2.0,2048,0.1637,0.0691,0.0373,1088,32,1056,0.2701,True,4368,2025-09-09T14:00:14.041604+00:00,192,2,
Kyber768,KEM,2.0,2048,0.1558,0.0564,0.1003,1088,32,1056,0.3126,True,4369,2025-09-09T14:00:14.143006+00:00,192,2,
Kyber768,KEM,2.0,2048,0.1504,0.0686,0.0412,1088,32,1056,0.2603,True,4370,2025-09-09T14:00:14.244589+00:00,192,2,
Kyber768,KEM,2.0,2048,0.1896,0.0689,0.0363,1088,32,1056,0.2947,True,4371,2025-09-09T14:00:14.346267+00:00,192,2,
Kyber768,KEM,2.0,2048,0.1988,0.0916,0.0806,1088,32,1056,0.371,True,4372,2025-09-09T14:00:14.449233+00:00,192,2,
Kyber768,KEM,2.0,2048,0.1526,0.0732,0.0395,1088,32,1056,0.2653,True,4373,2025-09-09T14:00:14.550597+00:00,192,2,
Kyber768,KEM,2.0,2048,0.163,0.0723,0.0898,1088,32,1056,0.3251,True,4374,2025-09-09T14:00:14.652242+00:00,192,2,
Kyber768,KEM,2.0,2048,0.1681,0.0691,0.0366,1088,32,1056,0.2738,True,4375,2025-09-09T14:00:14.753539+00:00,192,2,
Kyber768,KEM,2.0,2048,0.1624,0.0711,0.0473,1088,32,1056,0.2808,True,4376,2025-09-09T14:00:14.854896+00:00,192,2,
Kyber768,KEM,2.0,2048,0.1696,0.075,0.04,1088,32,1056,0.2846,True,4377,2025-09-09T14:00:14.960464+00:00,192,2,
Kyber768,KEM,2.0,2048,0.1756,0.0681,0.0447,1088,32,1056,0.2885,True,4378,2025-09-09T14:00:15.061832+00:00,192,2,
Kyber768,KEM,2.0,2048,0.2035,0.1024,0.0438,1088,32,1056,0.3497,True,4379,2025-09-09T14:00:15.163594+00:00,192,2,
Kyber768,KEM,2.0,2048,0.1643,0.096,0.0502,1088,32,1056,0.3105,True,4380,2025-09-09T14:00:15.264951+00:00,192,2,
Kyber768,KEM,2.0,2048,0.2175,0.0759,0.037,1088,32,1056,0.3304,True,4381,2025-09-09T14:00:15.376631+00:00,192,2,
Kyber768,KEM,2.0,2048,0.1823,0.0639,0.0398,1088,32,1056,0.286,True,4382,2025-09-09T14:00:15.481382+00:00,192,2,
Kyber768,KEM,2.0,2048,0.2011,0.0936,0.5195,1088,32,1056,0.8142,True,4383,2025-09-09T14:00:15.584633+00:00,192,2,
Kyber768,KEM,2.0,2048,0.1883,0.0595,0.0398,1088,32,1056,0.2876,True,4384,2025-09-09T14:00:15.686237+00:00,192,2,
Kyber768,KEM,2.0,2048,0.1566,0.0575,0.0673,1088,32,1056,0.2814,True,4385,2025-09-09T14:00:15.787536+00:00,192,2,
Kyber768,KEM,2.0,2048,0.198,0.0928,0.1123,1088,32,1056,0.4032,True,4386,2025-09-09T14:00:15.890003+00:00,192,2,
Kyber768,KEM,2.0,2048,0.2201,0.0906,0.0444,1088,32,1056,0.3551,True,4387,2025-09-09T14:00:15.997550+00:00,192,2,
Kyber768,KEM,2.0,2048,0.2226,0.0713,0.0683,1088,32,1056,0.3622,True,4388,2025-09-09T14:00:16.098824+00:00,192,2,
Kyber768,KEM,2.0,2048,0.1572,0.058,0.0345,1088,32,1056,0.2496,True,4389,2025-09-09T14:00:16.200164+00:00,192,2,
Kyber768,KEM,2.0,2048,0.168,0.0617,0.04,1088,32,1056,0.2697,True,4390,2025-09-09T14:00:16.301339+00:00,192,2,
Kyber768,KEM,2.0,2048,0.1744,0.0666,0.0372,1088,32,1056,0.2782,True,4391,2025-09-09T14:00:16.402560+00:00,192,2,
Kyber768,KEM,2.0,2048,0.1455,0.0632,0.0386,1088,32,1056,0.2474,True,4392,2025-09-09T14:00:16.503858+00:00,192,2,
Kyber768,KEM,2.0,2048,0.1679,0.0717,0.0441,1088,32,1056,0.2837,True,4393,2025-09-09T14:00:16.605260+00:00,192,2,
Kyber768,KEM,2.0,2048,0.1744,0.147,0.0606,1088,32,1056,0.382,True,4394,2025-09-09T14:00:16.706895+00:00,192,2,
Kyber768,KEM,2.0,2048,0.1457,0.0722,0.0407,1088,32,1056,0.2586,True,4395,2025-09-09T14:00:16.808333+00:00,192,2,
Kyber768,KEM,2.0,2048,0.2181,0.088,0.057,1088,32,1056,0.3631,True,4396,2025-09-09T14:00:16.909826+00:00,192,2,
Kyber768,KEM,2.0,2048,0.1723,0.0662,0.0386,1088,32,1056,0.2771,True,4397,2025-09-09T14:00:17.014726+00:00,192,2,
Kyber768,KEM,2.0,2048,0.3674,0.0786,0.0369,1088,32,1056,0.483,True,4398,2025-09-09T14:00:17.116274+00:00,192,2,
Kyber768,KEM,2.0,2048,0.174,0.0628,0.04,1088,32,1056,0.2768,True,4399,2025-09-09T14:00:17.217828+00:00,192,2,
Kyber768,KEM,2.0,2048,0.1766,0.0582,0.0338,1088,32,1056,0.2686,True,4400,2025-09-09T14:00:17.319292+00:00,192,2,
Kyber768,KEM,5.0,5120,0.1859,0.0602,0.0369,1088,32,1056,0.283,True,4401,2025-09-09T14:00:17.422438+00:00,192,2,
Kyber768,KEM,5.0,5120,0.1447,0.0592,0.0307,1088,32,1056,0.2345,True,4402,2025-09-09T14:00:17.524703+00:00,192,2,
Kyber768,KEM,5.0,5120,0.1946,0.0861,0.0348,1088,32,1056,0.3155,True,4403,2025-09-09T14:00:17.627370+00:00,192,2,
Kyber768,KEM,5.0,5120,0.1361,0.0607,0.0448,1088,32,1056,0.2417,True,4404,2025-09-09T14:00:17.729967+00:00,192,2,
Kyber768,KEM,5.0,5120,0.1827,0.0612,0.0318,1088,32,1056,0.2756,True,4405,2025-09-09T14:00:17.832257+00:00,192,2,
Kyber768,KEM,5.0,5120,0.4245,0.0786,0.0602,1088,32,1056,0.5633,True,4406,2025-09-09T14:00:17.934584+00:00,192,2,
Kyber768,KEM,5.0,5120,0.1323,0.0555,0.0378,1088,32,1056,0.2256,True,4407,2025-09-09T14:00:18.036905+00:00,192,2,
Kyber768,KEM,5.0,5120,0.195,0.0644,0.0363,1088,32,1056,0.2956,True,4408,2025-09-09T14:00:18.138837+00:00,192,2,
Kyber768,KEM,5.0,5120,0.1857,0.0701,0.0357,1088,32,1056,0.2916,True,4409,2025-09-09T14:00:18.241902+00:00,192,2,
Kyber768,KEM,5.0,5120,0.212,0.0821,0.054,1088,32,1056,0.3481,True,4410,2025-09-09T14:00:18.353625+00:00,192,2,
Kyber768,KEM,5.0,5120,0.2035,0.0714,0.0349,1088,32,1056,0.3097,True,4411,2025-09-09T14:00:18.456131+00:00,192,2,
Kyber768,KEM,5.0,5120,0.152,0.0674,0.0384,1088,32,1056,0.2579,True,4412,2025-09-09T14:00:18.558458+00:00,192,2,
Kyber768,KEM,5.0,5120,0.1832,0.0633,0.0345,1088,32,1056,0.281,True,4413,2025-09-09T14:00:18.660874+00:00,192,2,
Kyber768,KEM,5.0,5120,0.1664,0.0561,0.063,1088,32,1056,0.2856,True,4414,2025-09-09T14:00:18.763399+00:00,192,2,
Kyber768,KEM,5.0,5120,0.2453,0.0834,0.0363,1088,32,1056,0.365,True,4415,2025-09-09T14:00:18.866779+00:00,192,2,
Kyber768,KEM,5.0,5120,0.1954,0.0701,0.0356,1088,32,1056,0.3011,True,4416,2025-09-09T14:00:18.969296+00:00,192,2,
Kyber768,KEM,5.0,5120,0.2222,0.2298,0.0492,1088,32,1056,0.5012,True,4417,2025-09-09T14:00:19.071828+00:00,192,2,
Kyber768,KEM,5.0,5120,0.1743,0.0668,0.0377,1088,32,1056,0.2788,True,4418,2025-09-09T14:00:19.177008+00:00,192,2,
Kyber768,KEM,5.0,5120,0.1779,0.0654,0.0364,1088,32,1056,0.2797,True,4419,2025-09-09T14:00:19.279199+00:00,192,2,
Kyber768,KEM,5.0,5120,0.252,0.1406,0.0452,1088,32,1056,0.4378,True,4420,2025-09-09T14:00:19.381568+00:00,192,2,
Kyber768,KEM,5.0,5120,0.1664,0.0743,0.0397,1088,32,1056,0.2804,True,4421,2025-09-09T14:00:19.483973+00:00,192,2,
Kyber768,KEM,5.0,5120,0.1788,0.0744,0.036,1088,32,1056,0.2891,True,4422,2025-09-09T14:00:19.585810+00:00,192,2,
Kyber768,KEM,5.0,5120,0.1568,0.0663,0.0328,1088,32,1056,0.2559,True,4423,2025-09-09T14:00:19.700395+00:00,192,2,
Kyber768,KEM,5.0,5120,0.4042,0.1126,0.0417,1088,32,1056,0.5584,True,4424,2025-09-09T14:00:19.804317+00:00,192,2,
Kyber768,KEM,5.0,5120,0.1575,0.074,0.0443,1088,32,1056,0.2758,True,4425,2025-09-09T14:00:19.909656+00:00,192,2,
Kyber768,KEM,5.0,5120,0.1495,0.0601,0.0363,1088,32,1056,0.2459,True,4426,2025-09-09T14:00:20.013413+00:00,192,2,
Kyber768,KEM,5.0,5120,0.237,0.0628,0.0364,1088,32,1056,0.3362,True,4427,2025-09-09T14:00:20.123781+00:00,192,2,
Kyber768,KEM,5.0,5120,0.2072,0.0648,0.04,1088,32,1056,0.3119,True,4428,2025-09-09T14:00:20.228985+00:00,192,2,
Kyber768,KEM,5.0,5120,0.356,0.0623,0.0359,1088,32,1056,0.4543,True,4429,2025-09-09T14:00:20.331781+00:00,192,2,
Kyber768,KEM,5.0,5120,0.1587,0.0683,0.0423,1088,32,1056,0.2694,True,4430,2025-09-09T14:00:20.433878+00:00,192,2,
Kyber768,KEM,5.0,5120,0.21,0.0696,0.0434,1088,32,1056,0.323,True,4431,2025-09-09T14:00:20.535960+00:00,192,2,
Kyber768,KEM,5.0,5120,0.1904,0.0757,0.0361,1088,32,1056,0.3022,True,4432,2025-09-09T14:00:20.637877+00:00,192,2,
Kyber768,KEM,5.0,5120,0.1813,0.0692,0.0589,1088,32,1056,0.3093,True,4433,2025-09-09T14:00:20.740035+00:00,192,2,
Kyber768,KEM,5.0,5120,0.1636,0.0768,0.0426,1088,32,1056,0.283,True,4434,2025-09-09T14:00:20.841993+00:00,192,2,
Kyber768,KEM,5.0,5120,0.1461,0.0715,0.04,1088,32,1056,0.2576,True,4435,2025-09-09T14:00:20.944360+00:00,192,2,
Kyber768,KEM,5.0,5120,0.1655,0.1192,0.0422,1088,32,1056,0.327,True,4436,2025-09-09T14:00:21.050673+00:00,192,2,
Kyber768,KEM,5.0,5120,0.1604,0.0768,0.0396,1088,32,1056,0.2768,True,4437,2025-09-09T14:00:21.153062+00:00,192,2,
Kyber768,KEM,5.0,5120,0.2139,0.1042,0.0509,1088,32,1056,0.369,True,4438,2025-09-09T14:00:21.255186+00:00,192,2,
Kyber768,KEM,5.0,5120,0.155,0.0551,0.0332,1088,32,1056,0.2433,True,4439,2025-09-09T14:00:21.357563+00:00,192,2,
Kyber768,KEM,5.0,5120,0.1975,0.0639,0.0379,1088,32,1056,0.2993,True,4440,2025-09-09T14:00:21.484161+00:00,192,2,
Kyber768,KEM,5.0,5120,0.1514,0.0647,0.033,1088,32,1056,0.2492,True,4441,2025-09-09T14:00:21.585917+00:00,192,2,
Kyber768,KEM,5.0,5120,0.1311,0.055,0.0338,1088,32,1056,0.2198,True,4442,2025-09-09T14:00:21.688529+00:00,192,2,
Kyber768,KEM,5.0,5120,0.2349,0.0963,0.0393,1088,32,1056,0.3705,True,4443,2025-09-09T14:00:21.790462+00:00,192,2,
Kyber768,KEM,5.0,5120,0.1598,0.0663,0.035,1088,32,1056,0.2612,True,4444,2025-09-09T14:00:21.892920+00:00,192,2,
Kyber768,KEM,5.0,5120,0.1501,0.0568,0.0398,1088,32,1056,0.2467,True,4445,2025-09-09T14:00:21.995413+00:00,192,2,
Kyber768,KEM,5.0,5120,0.1728,0.0765,0.0371,1088,32,1056,0.2864,True,4446,2025-09-09T14:00:22.097560+00:00,192,2,
Kyber768,KEM,5.0,5120,0.1923,0.0618,0.0382,1088,32,1056,0.2923,True,4447,2025-09-09T14:00:22.200048+00:00,192,2,
Kyber768,KEM,5.0,5120,0.1652,0.0707,0.0368,1088,32,1056,0.2727,True,4448,2025-09-09T14:00:22.302243+00:00,192,2,
Kyber768,KEM,5.0,5120,0.1673,0.059,0.0342,1088,32,1056,0.2605,True,4449,2025-09-09T14:00:22.404298+00:00,192,2,
Kyber768,KEM,5.0,5120,0.175,0.0651,0.0371,1088,32,1056,0.2772,True,4450,2025-09-09T14:00:22.516408+00:00,192,2,
Kyber768,KEM,10.0,10240,0.1785,0.3725,0.129,1088,32,1056,0.68,True,4451,2025-09-09T14:00:22.623721+00:00,192,2,
Kyber768,KEM,10.0,10240,0.1657,0.0669,0.0433,1088,32,1056,0.2759,True,4452,2025-09-09T14:00:22.728006+00:00,192,2,
Kyber768,KEM,10.0,10240,0.1551,0.0734,0.0397,1088,32,1056,0.2681,True,4453,2025-09-09T14:00:22.831443+00:00,192,2,
Kyber768,KEM,10.0,10240,0.1994,0.0981,0.0357,1088,32,1056,0.3332,True,4454,2025-09-09T14:00:22.950676+00:00,192,2,
Kyber768,KEM,10.0,10240,0.1741,0.061,0.0377,1088,32,1056,0.2728,True,4455,2025-09-09T14:00:23.054313+00:00,192,2,
Kyber768,KEM,10.0,10240,0.1996,0.0681,0.0373,1088,32,1056,0.3051,True,4456,2025-09-09T14:00:23.158737+00:00,192,2,
Kyber768,KEM,10.0,10240,0.1772,0.0688,0.0359,1088,32,1056,0.2819,True,4457,2025-09-09T14:00:23.261518+00:00,192,2,
Kyber768,KEM,10.0,10240,0.1696,0.0933,0.039,1088,32,1056,0.3019,True,4458,2025-09-09T14:00:23.365231+00:00,192,2,
Kyber768,KEM,10.0,10240,0.167,0.0675,0.0534,1088,32,1056,0.2879,True,4459,2025-09-09T14:00:23.469375+00:00,192,2,
Kyber768,KEM,10.0,10240,0.1515,0.0631,0.039,1088,32,1056,0.2536,True,4460,2025-09-09T14:00:23.573034+00:00,192,2,
Kyber768,KEM,10.0,10240,0.1493,0.0569,0.0333,1088,32,1056,0.2394,True,4461,2025-09-09T14:00:23.684388+00:00,192,2,
Kyber768,KEM,10.0,10240,0.4061,0.1057,0.0533,1088,32,1056,0.5651,True,4462,2025-09-09T14:00:23.787779+00:00,192,2,
Kyber768,KEM,10.0,10240,0.1326,0.0543,0.0334,1088,32,1056,0.2202,True,4463,2025-09-09T14:00:23.891820+00:00,192,2,
Kyber768,KEM,10.0,10240,0.1782,0.0718,0.0421,1088,32,1056,0.2921,True,4464,2025-09-09T14:00:23.995437+00:00,192,2,
Kyber768,KEM,10.0,10240,0.1699,0.0626,0.1095,1088,32,1056,0.3421,True,4465,2025-09-09T14:00:24.098619+00:00,192,2,
Kyber768,KEM,10.0,10240,0.1348,0.1383,0.0523,1088,32,1056,0.3254,True,4466,2025-09-09T14:00:24.202657+00:00,192,2,
Kyber768,KEM,10.0,10240,0.1764,0.0693,0.0389,1088,32,1056,0.2846,True,4467,2025-09-09T14:00:24.306910+00:00,192,2,
Kyber768,KEM,10.0,10240,0.1753,0.0635,0.0354,1088,32,1056,0.2742,True,4468,2025-09-09T14:00:24.409990+00:00,192,2,
Kyber768,KEM,10.0,10240,0.1414,0.057,0.0343,1088,32,1056,0.2326,True,4469,2025-09-09T14:00:24.514199+00:00,192,2,
Kyber768,KEM,10.0,10240,0.1344,0.0635,0.0331,1088,32,1056,0.231,True,4470,2025-09-09T14:00:24.617919+00:00,192,2,
Kyber768,KEM,10.0,10240,0.1791,0.0656,0.0349,1088,32,1056,0.2796,True,4471,2025-09-09T14:00:24.721108+00:00,192,2,
Kyber768,KEM,10.0,10240,0.1607,0.0829,0.0347,1088,32,1056,0.2783,True,4472,2025-09-09T14:00:24.824265+00:00,192,2,
Kyber768,KEM,10.0,10240,0.1703,0.0694,0.0421,1088,32,1056,0.2819,True,4473,2025-09-09T14:00:24.928892+00:00,192,2,
Kyber768,KEM,10.0,10240,0.1989,0.109,0.0446,1088,32,1056,0.3525,True,4474,2025-09-09T14:00:25.032778+00:00,192,2,
Kyber768,KEM,10.0,10240,0.1694,0.0659,0.041,1088,32,1056,0.2763,True,4475,2025-09-09T14:00:25.135987+00:00,192,2,
Kyber768,KEM,10.0,10240,0.2442,0.0848,0.038,1088,32,1056,0.367,True,4476,2025-09-09T14:00:25.239781+00:00,192,2,
Kyber768,KEM,10.0,10240,0.1848,0.057,0.0336,1088,32,1056,0.2754,True,4477,2025-09-09T14:00:25.343325+00:00,192,2,
Kyber768,KEM,10.0,10240,0.1843,0.0681,0.0336,1088,32,1056,0.286,True,4478,2025-09-09T14:00:25.446976+00:00,192,2,
Kyber768,KEM,10.0,10240,0.2116,0.07,0.0471,1088,32,1056,0.3287,True,4479,2025-09-09T14:00:25.550339+00:00,192,2,
Kyber768,KEM,10.0,10240,0.1839,0.0623,0.0372,1088,32,1056,0.2834,True,4480,2025-09-09T14:00:25.657567+00:00,192,2,
Kyber768,KEM,10.0,10240,0.1936,0.0654,0.0332,1088,32,1056,0.2922,True,4481,2025-09-09T14:00:25.761860+00:00,192,2,
Kyber768,KEM,10.0,10240,0.1485,0.0768,0.0386,1088,32,1056,0.2639,True,4482,2025-09-09T14:00:25.866080+00:00,192,2,
Kyber768,KEM,10.0,10240,0.1715,0.0709,0.0383,1088,32,1056,0.2806,True,4483,2025-09-09T14:00:25.969642+00:00,192,2,
Kyber768,KEM,10.0,10240,0.1467,0.0708,0.0391,1088,32,1056,0.2566,True,4484,2025-09-09T14:00:26.073564+00:00,192,2,
Kyber768,KEM,10.0,10240,0.1436,0.0577,0.0349,1088,32,1056,0.2361,True,4485,2025-09-09T14:00:26.177970+00:00,192,2,
Kyber768,KEM,10.0,10240,0.2083,0.0696,0.0369,1088,32,1056,0.3148,True,4486,2025-09-09T14:00:26.281615+00:00,192,2,
Kyber768,KEM,10.0,10240,0.1598,0.0715,0.0386,1088,32,1056,0.27,True,4487,2025-09-09T14:00:26.385043+00:00,192,2,
Kyber768,KEM,10.0,10240,0.1485,0.0599,0.0375,1088,32,1056,0.2459,True,4488,2025-09-09T14:00:26.489802+00:00,192,2,
Kyber768,KEM,10.0,10240,0.1784,0.062,0.0366,1088,32,1056,0.277,True,4489,2025-09-09T14:00:26.593641+00:00,192,2,
Kyber768,KEM,10.0,10240,0.1635,0.0648,0.0409,1088,32,1056,0.2692,True,4490,2025-09-09T14:00:26.697607+00:00,192,2,
Kyber768,KEM,10.0,10240,0.1541,0.0683,0.0353,1088,32,1056,0.2577,True,4491,2025-09-09T14:00:26.801095+00:00,192,2,
Kyber768,KEM,10.0,10240,0.1467,0.0638,0.0386,1088,32,1056,0.2491,True,4492,2025-09-09T14:00:26.905012+00:00,192,2,
Kyber768,KEM,10.0,10240,0.1783,0.1469,0.042,1088,32,1056,0.3671,True,4493,2025-09-09T14:00:27.008996+00:00,192,2,
Kyber768,KEM,10.0,10240,0.1554,0.0594,0.0345,1088,32,1056,0.2493,True,4494,2025-09-09T14:00:27.112525+00:00,192,2,
Kyber768,KEM,10.0,10240,0.1656,0.0641,0.0342,1088,32,1056,0.2638,True,4495,2025-09-09T14:00:27.215953+00:00,192,2,
Kyber768,KEM,10.0,10240,0.1364,0.0675,0.0352,1088,32,1056,0.2391,True,4496,2025-09-09T14:00:27.321350+00:00,192,2,
Kyber768,KEM,10.0,10240,0.1385,0.0551,0.0338,1088,32,1056,0.2274,True,4497,2025-09-09T14:00:27.425892+00:00,192,2,
Kyber768,KEM,10.0,10240,0.1582,0.0659,0.0349,1088,32,1056,0.259,True,4498,2025-09-09T14:00:27.533928+00:00,192,2,
Kyber768,KEM,10.0,10240,0.1917,0.0608,0.0352,1088,32,1056,0.2877,True,4499,2025-09-09T14:00:27.646423+00:00,192,2,
Kyber768,KEM,10.0,10240,0.1648,0.057,0.0341,1088,32,1056,0.2559,True,4500,2025-09-09T14:00:27.749907+00:00,192,2,
Kyber1024,KEM,0.1,102,2.9848,0.2916,0.5811,1568,32,1536,3.8575,True,4501,2025-09-09T14:00:27.880634+00:00,256,3,
Kyber1024,KEM,0.1,102,0.2468,0.0906,0.052,1568,32,1536,0.3895,True,4502,2025-09-09T14:00:27.982824+00:00,256,3,
Kyber1024,KEM,0.1,102,0.2025,0.083,0.0538,1568,32,1536,0.3393,True,4503,2025-09-09T14:00:28.083788+00:00,256,3,
Kyber1024,KEM,0.1,102,0.1812,0.08,0.0543,1568,32,1536,0.3155,True,4504,2025-09-09T14:00:28.184821+00:00,256,3,
Kyber1024,KEM,0.1,102,0.3211,0.1204,0.0957,1568,32,1536,0.5372,True,4505,2025-09-09T14:00:28.286090+00:00,256,3,
Kyber1024,KEM,0.1,102,0.1768,0.0718,0.0475,1568,32,1536,0.296,True,4506,2025-09-09T14:00:28.386941+00:00,256,3,
Kyber1024,KEM,0.1,102,0.2495,0.0804,0.0548,1568,32,1536,0.3848,True,4507,2025-09-09T14:00:28.487851+00:00,256,3,
Kyber1024,KEM,0.1,102,0.1709,0.0751,0.0474,1568,32,1536,0.2934,True,4508,2025-09-09T14:00:28.588676+00:00,256,3,
Kyber1024,KEM,0.1,102,0.1618,0.0821,0.0439,1568,32,1536,0.2879,True,4509,2025-09-09T14:00:28.689492+00:00,256,3,
Kyber1024,KEM,0.1,102,0.1781,0.0648,0.0427,1568,32,1536,0.2857,True,4510,2025-09-09T14:00:28.790315+00:00,256,3,
Kyber1024,KEM,0.1,102,0.2072,0.0731,0.0517,1568,32,1536,0.332,True,4511,2025-09-09T14:00:28.891291+00:00,256,3,
Kyber1024,KEM,0.1,102,0.1661,0.0759,0.0488,1568,32,1536,0.2908,True,4512,2025-09-09T14:00:28.992157+00:00,256,3,
Kyber1024,KEM,0.1,102,0.1433,0.0929,0.0427,1568,32,1536,0.279,True,4513,2025-09-09T14:00:29.092969+00:00,256,3,
Kyber1024,KEM,0.1,102,0.1727,0.0778,0.0581,1568,32,1536,0.3086,True,4514,2025-09-09T14:00:29.193849+00:00,256,3,
Kyber1024,KEM,0.1,102,0.2365,0.0914,0.052,1568,32,1536,0.3799,True,4515,2025-09-09T14:00:29.294757+00:00,256,3,
Kyber1024,KEM,0.1,102,0.2641,0.0852,0.0468,1568,32,1536,0.3961,True,4516,2025-09-09T14:00:29.395699+00:00,256,3,
Kyber1024,KEM,0.1,102,0.1669,0.0858,0.0539,1568,32,1536,0.3066,True,4517,2025-09-09T14:00:29.496552+00:00,256,3,
Kyber1024,KEM,0.1,102,0.1663,0.0739,0.0482,1568,32,1536,0.2885,True,4518,2025-09-09T14:00:29.597425+00:00,256,3,
Kyber1024,KEM,0.1,102,0.1958,0.0742,0.0468,1568,32,1536,0.3167,True,4519,2025-09-09T14:00:29.698321+00:00,256,3,
Kyber1024,KEM,0.1,102,0.1769,0.0997,0.0523,1568,32,1536,0.329,True,4520,2025-09-09T14:00:29.799274+00:00,256,3,
Kyber1024,KEM,0.1,102,0.1647,0.0707,0.0456,1568,32,1536,0.281,True,4521,2025-09-09T14:00:29.900066+00:00,256,3,
Kyber1024,KEM,0.1,102,0.1627,0.0789,0.0428,1568,32,1536,0.2844,True,4522,2025-09-09T14:00:30.000852+00:00,256,3,
Kyber1024,KEM,0.1,102,0.1895,0.082,0.0806,1568,32,1536,0.352,True,4523,2025-09-09T14:00:30.102478+00:00,256,3,
Kyber1024,KEM,0.1,102,0.192,0.0722,0.0492,1568,32,1536,0.3134,True,4524,2025-09-09T14:00:30.203738+00:00,256,3,
Kyber1024,KEM,0.1,102,0.1683,0.081,0.0461,1568,32,1536,0.2954,True,4525,2025-09-09T14:00:30.304557+00:00,256,3,
Kyber1024,KEM,0.1,102,0.1768,0.0696,0.0446,1568,32,1536,0.291,True,4526,2025-09-09T14:00:30.405389+00:00,256,3,
Kyber1024,KEM,0.1,102,0.2081,0.0778,0.0475,1568,32,1536,0.3335,True,4527,2025-09-09T14:00:30.506316+00:00,256,3,
Kyber1024,KEM,0.1,102,0.1631,0.0752,0.4332,1568,32,1536,0.6715,True,4528,2025-09-09T14:00:30.607620+00:00,256,3,
Kyber1024,KEM,0.1,102,0.192,0.0772,0.0461,1568,32,1536,0.3153,True,4529,2025-09-09T14:00:30.709026+00:00,256,3,
Kyber1024,KEM,0.1,102,0.2836,0.0804,0.0441,1568,32,1536,0.408,True,4530,2025-09-09T14:00:30.810510+00:00,256,3,
Kyber1024,KEM,0.1,102,0.1782,0.0766,0.049,1568,32,1536,0.3038,True,4531,2025-09-09T14:00:30.912453+00:00,256,3,
Kyber1024,KEM,0.1,102,0.1981,0.0968,0.0568,1568,32,1536,0.3518,True,4532,2025-09-09T14:00:31.013366+00:00,256,3,
Kyber1024,KEM,0.1,102,0.229,0.0733,0.0492,1568,32,1536,0.3516,True,4533,2025-09-09T14:00:31.114351+00:00,256,3,
Kyber1024,KEM,0.1,102,0.289,0.0867,0.0521,1568,32,1536,0.4278,True,4534,2025-09-09T14:00:31.215435+00:00,256,3,
Kyber1024,KEM,0.1,102,0.1967,0.0744,0.0748,1568,32,1536,0.3458,True,4535,2025-09-09T14:00:31.316390+00:00,256,3,
Kyber1024,KEM,0.1,102,0.1661,0.0734,0.0526,1568,32,1536,0.2921,True,4536,2025-09-09T14:00:31.417215+00:00,256,3,
Kyber1024,KEM,0.1,102,0.1519,0.0639,0.0425,1568,32,1536,0.2582,True,4537,2025-09-09T14:00:31.518027+00:00,256,3,
Kyber1024,KEM,0.1,102,0.1751,0.0796,0.1114,1568,32,1536,0.366,True,4538,2025-09-09T14:00:31.619111+00:00,256,3,
Kyber1024,KEM,0.1,102,0.1762,0.0741,0.0487,1568,32,1536,0.299,True,4539,2025-09-09T14:00:31.720357+00:00,256,3,
Kyber1024,KEM,0.1,102,0.1346,0.0734,0.0426,1568,32,1536,0.2506,True,4540,2025-09-09T14:00:31.821165+00:00,256,3,
Kyber1024,KEM,0.1,102,0.1713,0.0817,0.0535,1568,32,1536,0.3065,True,4541,2025-09-09T14:00:31.922032+00:00,256,3,
Kyber1024,KEM,0.1,102,0.1942,0.0894,0.0527,1568,32,1536,0.3363,True,4542,2025-09-09T14:00:32.023046+00:00,256,3,
Kyber1024,KEM,0.1,102,0.1319,0.0786,0.0443,1568,32,1536,0.2548,True,4543,2025-09-09T14:00:32.123887+00:00,256,3,
Kyber1024,KEM,0.1,102,0.1591,0.0762,0.0448,1568,32,1536,0.2801,True,4544,2025-09-09T14:00:32.224674+00:00,256,3,
Kyber1024,KEM,0.1,102,0.2777,0.0879,0.0463,1568,32,1536,0.4119,True,4545,2025-09-09T14:00:32.325734+00:00,256,3,
Kyber1024,KEM,0.1,102,0.1772,0.0722,0.0473,1568,32,1536,0.2967,True,4546,2025-09-09T14:00:32.426915+00:00,256,3,
Kyber1024,KEM,0.1,102,0.1504,0.0718,0.0435,1568,32,1536,0.2657,True,4547,2025-09-09T14:00:32.527832+00:00,256,3,
Kyber1024,KEM,0.1,102,0.21,0.0726,0.0486,1568,32,1536,0.3312,True,4548,2025-09-09T14:00:32.628719+00:00,256,3,
Kyber1024,KEM,0.1,102,0.1729,0.0692,0.056,1568,32,1536,0.298,True,4549,2025-09-09T14:00:32.729586+00:00,256,3,
Kyber1024,KEM,0.1,102,0.3973,0.2695,0.0621,1568,32,1536,0.7289,True,4550,2025-09-09T14:00:32.830798+00:00,256,3,
Kyber1024,KEM,0.5,512,0.153,0.072,0.0528,1568,32,1536,0.2778,True,4551,2025-09-09T14:00:32.932000+00:00,256,3,
Kyber1024,KEM,0.5,512,0.1643,0.115,0.0596,1568,32,1536,0.3389,True,4552,2025-09-09T14:00:33.033062+00:00,256,3,
Kyber1024,KEM,0.5,512,0.1747,0.1117,0.0665,1568,32,1536,0.3529,True,4553,2025-09-09T14:00:33.134049+00:00,256,3,
Kyber1024,KEM,0.5,512,0.1975,0.8347,0.0703,1568,32,1536,1.1024,True,4554,2025-09-09T14:00:33.235943+00:00,256,3,
Kyber1024,KEM,0.5,512,0.1772,0.0777,0.0535,1568,32,1536,0.3084,True,4555,2025-09-09T14:00:33.337043+00:00,256,3,
Kyber1024,KEM,0.5,512,0.17,0.0713,0.0496,1568,32,1536,0.2909,True,4556,2025-09-09T14:00:33.438192+00:00,256,3,
Kyber1024,KEM,0.5,512,0.2641,0.0792,0.0613,1568,32,1536,0.4046,True,4557,2025-09-09T14:00:33.539797+00:00,256,3,
Kyber1024,KEM,0.5,512,0.1908,0.0741,0.0474,1568,32,1536,0.3124,True,4558,2025-09-09T14:00:33.640717+00:00,256,3,
Kyber1024,KEM,0.5,512,0.1771,0.0817,0.0478,1568,32,1536,0.3065,True,4559,2025-09-09T14:00:33.741640+00:00,256,3,
Kyber1024,KEM,0.5,512,0.1703,0.154,0.0482,1568,32,1536,0.3725,True,4560,2025-09-09T14:00:33.842706+00:00,256,3,
Kyber1024,KEM,0.5,512,0.2008,0.0736,0.0452,1568,32,1536,0.3196,True,4561,2025-09-09T14:00:33.943648+00:00,256,3,
Kyber1024,KEM,0.5,512,0.1681,0.0831,0.0481,1568,32,1536,0.2993,True,4562,2025-09-09T14:00:34.044657+00:00,256,3,
Kyber1024,KEM,0.5,512,0.1301,0.0639,0.0425,1568,32,1536,0.2365,True,4563,2025-09-09T14:00:34.145584+00:00,256,3,
Kyber1024,KEM,0.5,512,0.166,0.1146,0.0537,1568,32,1536,0.3343,True,4564,2025-09-09T14:00:34.246682+00:00,256,3,
Kyber1024,KEM,0.5,512,0.583,0.3895,0.2175,1568,32,1536,1.19,True,4565,2025-09-09T14:00:34.350185+00:00,256,3,
Kyber1024,KEM,0.5,512,0.1744,0.0971,0.1757,1568,32,1536,0.4471,True,4566,2025-09-09T14:00:34.458720+00:00,256,3,
Kyber1024,KEM,0.5,512,0.2097,0.0989,0.049,1568,32,1536,0.3576,True,4567,2025-09-09T14:00:34.568658+00:00,256,3,
Kyber1024,KEM,0.5,512,0.1957,0.0778,0.0538,1568,32,1536,0.3273,True,4568,2025-09-09T14:00:34.671521+00:00,256,3,
Kyber1024,KEM,0.5,512,0.1776,0.0751,0.0552,1568,32,1536,0.3079,True,4569,2025-09-09T14:00:34.772539+00:00,256,3,
Kyber1024,KEM,0.5,512,0.1673,0.1052,0.0511,1568,32,1536,0.3236,True,4570,2025-09-09T14:00:34.873676+00:00,256,3,
Kyber1024,KEM,0.5,512,0.2336,0.094,0.0517,1568,32,1536,0.3794,True,4571,2025-09-09T14:00:34.974914+00:00,256,3,
Kyber1024,KEM,0.5,512,0.1697,0.0763,0.0523,1568,32,1536,0.2983,True,4572,2025-09-09T14:00:35.076015+00:00,256,3,
Kyber1024,KEM,0.5,512,0.1408,0.0749,0.043,1568,32,1536,0.2587,True,4573,2025-09-09T14:00:35.176943+00:00,256,3,
Kyber1024,KEM,0.5,512,0.1319,0.0638,0.043,1568,32,1536,0.2387,True,4574,2025-09-09T14:00:35.277819+00:00,256,3,
Kyber1024,KEM,0.5,512,0.4375,0.1124,0.1945,1568,32,1536,0.7444,True,4575,2025-09-09T14:00:35.379302+00:00,256,3,
Kyber1024,KEM,0.5,512,0.2121,0.0948,0.0602,1568,32,1536,0.367,True,4576,2025-09-09T14:00:35.480616+00:00,256,3,
Kyber1024,KEM,0.5,512,0.1648,0.0791,0.0539,1568,32,1536,0.2978,True,4577,2025-09-09T14:00:35.581665+00:00,256,3,
Kyber1024,KEM,0.5,512,0.1616,0.1626,0.059,1568,32,1536,0.3832,True,4578,2025-09-09T14:00:35.682746+00:00,256,3,
Kyber1024,KEM,0.5,512,0.19,0.0706,0.0575,1568,32,1536,0.3181,True,4579,2025-09-09T14:00:35.783650+00:00,256,3,
Kyber1024,KEM,0.5,512,0.1789,0.0774,0.0461,1568,32,1536,0.3024,True,4580,2025-09-09T14:00:35.884661+00:00,256,3,
Kyber1024,KEM,0.5,512,0.1506,0.0766,0.0472,1568,32,1536,0.2744,True,4581,2025-09-09T14:00:35.985588+00:00,256,3,
Kyber1024,KEM,0.5,512,0.1806,0.0745,0.0455,1568,32,1536,0.3006,True,4582,2025-09-09T14:00:36.086576+00:00,256,3,
Kyber1024,KEM,0.5,512,0.175,0.1662,0.065,1568,32,1536,0.4062,True,4583,2025-09-09T14:00:36.194669+00:00,256,3,
Kyber1024,KEM,0.5,512,0.2175,0.08,0.0493,1568,32,1536,0.3468,True,4584,2025-09-09T14:00:36.295787+00:00,256,3,
Kyber1024,KEM,0.5,512,0.2177,0.0902,0.0581,1568,32,1536,0.3661,True,4585,2025-09-09T14:00:36.396911+00:00,256,3,
Kyber1024,KEM,0.5,512,0.1754,0.1638,0.9121,1568,32,1536,1.2514,True,4586,2025-09-09T14:00:36.498862+00:00,256,3,
Kyber1024,KEM,0.5,512,0.1745,0.0855,0.0494,1568,32,1536,0.3095,True,4587,2025-09-09T14:00:36.600026+00:00,256,3,
Kyber1024,KEM,0.5,512,0.1722,0.0989,0.0538,1568,32,1536,0.3249,True,4588,2025-09-09T14:00:36.701073+00:00,256,3,
Kyber1024,KEM,0.5,512,0.1823,0.0853,0.0506,1568,32,1536,0.3182,True,4589,2025-09-09T14:00:36.802123+00:00,256,3,
Kyber1024,KEM,0.5,512,0.1842,0.0869,0.0559,1568,32,1536,0.327,True,4590,2025-09-09T14:00:36.906199+00:00,256,3,
Kyber1024,KEM,0.5,512,0.2382,0.1131,0.0536,1568,32,1536,0.405,True,4591,2025-09-09T14:00:37.007792+00:00,256,3,
Kyber1024,KEM,0.5,512,0.1588,0.0829,0.0459,1568,32,1536,0.2876,True,4592,2025-09-09T14:00:37.109435+00:00,256,3,
Kyber1024,KEM,0.5,512,0.1686,0.0661,0.0423,1568,32,1536,0.277,True,4593,2025-09-09T14:00:37.210322+00:00,256,3,
Kyber1024,KEM,0.5,512,0.1696,0.0749,0.0456,1568,32,1536,0.2901,True,4594,2025-09-09T14:00:37.311513+00:00,256,3,
Kyber1024,KEM,0.5,512,0.1541,0.0777,0.0467,1568,32,1536,0.2785,True,4595,2025-09-09T14:00:37.412474+00:00,256,3,
Kyber1024,KEM,0.5,512,0.176,0.0811,0.0572,1568,32,1536,0.3143,True,4596,2025-09-09T14:00:37.513567+00:00,256,3,
Kyber1024,KEM,0.5,512,0.1621,0.0695,0.067,1568,32,1536,0.2987,True,4597,2025-09-09T14:00:37.614565+00:00,256,3,
Kyber1024,KEM,0.5,512,0.1568,0.0769,0.0531,1568,32,1536,0.2868,True,4598,2025-09-09T14:00:37.719186+00:00,256,3,
Kyber1024,KEM,0.5,512,0.1785,0.0695,0.0457,1568,32,1536,0.2937,True,4599,2025-09-09T14:00:37.820467+00:00,256,3,
Kyber1024,KEM,0.5,512,0.1618,0.0783,0.0524,1568,32,1536,0.2925,True,4600,2025-09-09T14:00:37.921447+00:00,256,3,
Kyber1024,KEM,1.0,1024,0.1757,0.1362,0.0641,1568,32,1536,0.3759,True,4601,2025-09-09T14:00:38.022727+00:00,256,3,
Kyber1024,KEM,1.0,1024,0.2237,0.0863,0.049,1568,32,1536,0.359,True,4602,2025-09-09T14:00:38.123818+00:00,256,3,
Kyber1024,KEM,1.0,1024,1.3715,0.1143,0.058,1568,32,1536,1.5438,True,4603,2025-09-09T14:00:38.226191+00:00,256,3,
Kyber1024,KEM,1.0,1024,0.1735,0.0714,0.0448,1568,32,1536,0.2897,True,4604,2025-09-09T14:00:38.329678+00:00,256,3,
Kyber1024,KEM,1.0,1024,1.9687,0.1261,0.058,1568,32,1536,2.1529,True,4605,2025-09-09T14:00:38.432671+00:00,256,3,
Kyber1024,KEM,1.0,1024,0.2476,0.1425,0.0699,1568,32,1536,0.46,True,4606,2025-09-09T14:00:38.534713+00:00,256,3,
Kyber1024,KEM,1.0,1024,0.1677,0.094,0.0545,1568,32,1536,0.3162,True,4607,2025-09-09T14:00:38.635833+00:00,256,3,
Kyber1024,KEM,1.0,1024,0.1953,0.0782,0.0495,1568,32,1536,0.323,True,4608,2025-09-09T14:00:38.736927+00:00,256,3,
Kyber1024,KEM,1.0,1024,0.176,0.102,0.0549,1568,32,1536,0.3329,True,4609,2025-09-09T14:00:38.838332+00:00,256,3,
Kyber1024,KEM,1.0,1024,0.1773,0.1385,0.0543,1568,32,1536,0.3701,True,4610,2025-09-09T14:00:38.939597+00:00,256,3,
Kyber1024,KEM,1.0,1024,0.334,0.0824,0.0462,1568,32,1536,0.4627,True,4611,2025-09-09T14:00:39.042426+00:00,256,3,
Kyber1024,KEM,1.0,1024,0.1715,0.0805,0.0538,1568,32,1536,0.3058,True,4612,2025-09-09T14:00:39.145584+00:00,256,3,
Kyber1024,KEM,1.0,1024,0.4017,0.0888,0.0874,1568,32,1536,0.5778,True,4613,2025-09-09T14:00:39.247062+00:00,256,3,
Kyber1024,KEM,1.0,1024,0.1671,0.0796,0.0541,1568,32,1536,0.3007,True,4614,2025-09-09T14:00:39.348146+00:00,256,3,
Kyber1024,KEM,1.0,1024,0.1934,0.0874,0.059,1568,32,1536,0.3399,True,4615,2025-09-09T14:00:39.449334+00:00,256,3,
Kyber1024,KEM,1.0,1024,0.2197,0.0718,0.0506,1568,32,1536,0.3421,True,4616,2025-09-09T14:00:39.551817+00:00,256,3,
Kyber1024,KEM,1.0,1024,0.2672,0.0942,0.054,1568,32,1536,0.4154,True,4617,2025-09-09T14:00:39.668769+00:00,256,3,
Kyber1024,KEM,1.0,1024,0.1534,0.0927,0.052,1568,32,1536,0.2981,True,4618,2025-09-09T14:00:39.769890+00:00,256,3,
Kyber1024,KEM,1.0,1024,0.1896,0.0829,0.071,1568,32,1536,0.3436,True,4619,2025-09-09T14:00:39.871025+00:00,256,3,
Kyber1024,KEM,1.0,1024,0.1726,0.0774,0.0563,1568,32,1536,0.3064,True,4620,2025-09-09T14:00:39.972092+00:00,256,3,
Kyber1024,KEM,1.0,1024,3.1512,0.2047,0.056,1568,32,1536,3.4119,True,4621,2025-09-09T14:00:40.079626+00:00,256,3,
Kyber1024,KEM,1.0,1024,0.1673,0.0761,0.0514,1568,32,1536,0.2948,True,4622,2025-09-09T14:00:40.180721+00:00,256,3,
Kyber1024,KEM,1.0,1024,0.1714,0.082,0.0538,1568,32,1536,0.3072,True,4623,2025-09-09T14:00:40.281857+00:00,256,3,
Kyber1024,KEM,1.0,1024,0.1698,0.0715,0.0458,1568,32,1536,0.2871,True,4624,2025-09-09T14:00:40.384907+00:00,256,3,
Kyber1024,KEM,1.0,1024,0.1731,0.0789,0.0451,1568,32,1536,0.2971,True,4625,2025-09-09T14:00:40.486296+00:00,256,3,
Kyber1024,KEM,1.0,1024,0.1857,0.0739,0.0456,1568,32,1536,0.3051,True,4626,2025-09-09T14:00:40.589175+00:00,256,3,
Kyber1024,KEM,1.0,1024,0.1991,0.0751,0.0492,1568,32,1536,0.3234,True,4627,2025-09-09T14:00:40.690301+00:00,256,3,
Kyber1024,KEM,1.0,1024,0.2332,0.0849,0.0518,1568,32,1536,0.3699,True,4628,2025-09-09T14:00:40.791725+00:00,256,3,
Kyber1024,KEM,1.0,1024,0.1749,0.1228,0.0565,1568,32,1536,0.3542,True,4629,2025-09-09T14:00:40.893137+00:00,256,3,
Kyber1024,KEM,1.0,1024,0.206,0.077,0.0479,1568,32,1536,0.3309,True,4630,2025-09-09T14:00:40.994316+00:00,256,3,
Kyber1024,KEM,1.0,1024,0.2226,0.0805,0.047,1568,32,1536,0.35,True,4631,2025-09-09T14:00:41.095495+00:00,256,3,
Kyber1024,KEM,1.0,1024,0.1573,0.0712,0.0514,1568,32,1536,0.2799,True,4632,2025-09-09T14:00:41.197262+00:00,256,3,
Kyber1024,KEM,1.0,1024,0.1774,0.0754,0.0493,1568,32,1536,0.302,True,4633,2025-09-09T14:00:41.303171+00:00,256,3,
Kyber1024,KEM,1.0,1024,0.2394,0.0862,0.0511,1568,32,1536,0.3767,True,4634,2025-09-09T14:00:41.404418+00:00,256,3,
Kyber1024,KEM,1.0,1024,0.177,0.0792,0.0497,1568,32,1536,0.3059,True,4635,2025-09-09T14:00:41.505733+00:00,256,3,
Kyber1024,KEM,1.0,1024,0.1974,0.0959,0.0582,1568,32,1536,0.3514,True,4636,2025-09-09T14:00:41.607006+00:00,256,3,
Kyber1024,KEM,1.0,1024,0.1991,0.0718,0.0477,1568,32,1536,0.3187,True,4637,2025-09-09T14:00:41.711509+00:00,256,3,
Kyber1024,KEM,1.0,1024,0.162,0.0781,0.0552,1568,32,1536,0.2954,True,4638,2025-09-09T14:00:41.813802+00:00,256,3,
Kyber1024,KEM,1.0,1024,0.1971,0.0778,0.0459,1568,32,1536,0.3209,True,4639,2025-09-09T14:00:41.914936+00:00,256,3,
Kyber1024,KEM,1.0,1024,0.3308,0.1528,0.0483,1568,32,1536,0.5319,True,4640,2025-09-09T14:00:42.016543+00:00,256,3,
Kyber1024,KEM,1.0,1024,0.1543,0.0678,0.0422,1568,32,1536,0.2643,True,4641,2025-09-09T14:00:42.117539+00:00,256,3,
Kyber1024,KEM,1.0,1024,0.1996,0.0752,0.0465,1568,32,1536,0.3213,True,4642,2025-09-09T14:00:42.219000+00:00,256,3,
Kyber1024,KEM,1.0,1024,0.178,0.0701,0.041,1568,32,1536,0.2891,True,4643,2025-09-09T14:00:42.321385+00:00,256,3,
Kyber1024,KEM,1.0,1024,0.1775,0.3254,1.0815,1568,32,1536,1.5844,True,4644,2025-09-09T14:00:42.423779+00:00,256,3,
Kyber1024,KEM,1.0,1024,0.1931,0.1115,0.0503,1568,32,1536,0.3549,True,4645,2025-09-09T14:00:42.525173+00:00,256,3,
Kyber1024,KEM,1.0,1024,0.1644,0.0973,0.0501,1568,32,1536,0.3118,True,4646,2025-09-09T14:00:42.626624+00:00,256,3,
Kyber1024,KEM,1.0,1024,0.1691,0.0895,0.0478,1568,32,1536,0.3064,True,4647,2025-09-09T14:00:42.728302+00:00,256,3,
Kyber1024,KEM,1.0,1024,0.1835,0.1021,0.0524,1568,32,1536,0.3381,True,4648,2025-09-09T14:00:42.829359+00:00,256,3,
Kyber1024,KEM,1.0,1024,0.2205,0.0717,0.0451,1568,32,1536,0.3373,True,4649,2025-09-09T14:00:42.930735+00:00,256,3,
Kyber1024,KEM,1.0,1024,0.2129,0.7585,0.0544,1568,32,1536,1.0257,True,4650,2025-09-09T14:00:43.032769+00:00,256,3,
Kyber1024,KEM,2.0,2048,0.2381,0.0787,0.0472,1568,32,1536,0.364,True,4651,2025-09-09T14:00:43.143978+00:00,256,3,
Kyber1024,KEM,2.0,2048,0.1806,0.0821,0.0498,1568,32,1536,0.3125,True,4652,2025-09-09T14:00:43.245440+00:00,256,3,
Kyber1024,KEM,2.0,2048,0.2211,0.1041,0.0511,1568,32,1536,0.3763,True,4653,2025-09-09T14:00:43.347359+00:00,256,3,
Kyber1024,KEM,2.0,2048,0.1909,0.082,0.048,1568,32,1536,0.3209,True,4654,2025-09-09T14:00:43.449060+00:00,256,3,
Kyber1024,KEM,2.0,2048,0.1887,0.0748,0.0455,1568,32,1536,0.309,True,4655,2025-09-09T14:00:43.550564+00:00,256,3,
Kyber1024,KEM,2.0,2048,0.2013,0.0789,0.052,1568,32,1536,0.3322,True,4656,2025-09-09T14:00:43.651962+00:00,256,3,
Kyber1024,KEM,2.0,2048,0.3664,0.2698,0.1388,1568,32,1536,0.7749,True,4657,2025-09-09T14:00:43.754219+00:00,256,3,
Kyber1024,KEM,2.0,2048,0.1769,0.0769,0.0475,1568,32,1536,0.3012,True,4658,2025-09-09T14:00:43.856038+00:00,256,3,
Kyber1024,KEM,2.0,2048,0.1902,0.0791,0.076,1568,32,1536,0.3453,True,4659,2025-09-09T14:00:43.957657+00:00,256,3,
Kyber1024,KEM,2.0,2048,0.2028,0.0736,0.051,1568,32,1536,0.3273,True,4660,2025-09-09T14:00:44.059090+00:00,256,3,
Kyber1024,KEM,2.0,2048,0.64,0.0993,0.0434,1568,32,1536,0.7827,True,4661,2025-09-09T14:00:44.161524+00:00,256,3,
Kyber1024,KEM,2.0,2048,0.3861,0.1128,0.047,1568,32,1536,0.5459,True,4662,2025-09-09T14:00:44.263421+00:00,256,3,
Kyber1024,KEM,2.0,2048,0.1929,0.0782,0.0483,1568,32,1536,0.3193,True,4663,2025-09-09T14:00:44.364775+00:00,256,3,
Kyber1024,KEM,2.0,2048,0.1615,0.072,0.05,1568,32,1536,0.2836,True,4664,2025-09-09T14:00:44.466230+00:00,256,3,
Kyber1024,KEM,2.0,2048,0.1851,0.0774,0.0541,1568,32,1536,0.3166,True,4665,2025-09-09T14:00:44.568533+00:00,256,3,
Kyber1024,KEM,2.0,2048,0.1781,0.074,0.0641,1568,32,1536,0.3162,True,4666,2025-09-09T14:00:44.669873+00:00,256,3,
Kyber1024,KEM,2.0,2048,0.1627,0.0861,0.0531,1568,32,1536,0.3019,True,4667,2025-09-09T14:00:44.771340+00:00,256,3,
Kyber1024,KEM,2.0,2048,0.2349,0.0953,0.0541,1568,32,1536,0.3844,True,4668,2025-09-09T14:00:44.875776+00:00,256,3,
Kyber1024,KEM,2.0,2048,0.1939,0.0804,0.083,1568,32,1536,0.3573,True,4669,2025-09-09T14:00:44.982486+00:00,256,3,
Kyber1024,KEM,2.0,2048,0.1567,0.0787,0.0418,1568,32,1536,0.2772,True,4670,2025-09-09T14:00:45.092255+00:00,256,3,
Kyber1024,KEM,2.0,2048,0.151,0.0675,0.0487,1568,32,1536,0.2672,True,4671,2025-09-09T14:00:45.193694+00:00,256,3,
Kyber1024,KEM,2.0,2048,0.2077,0.0772,0.0573,1568,32,1536,0.3422,True,4672,2025-09-09T14:00:45.297624+00:00,256,3,
Kyber1024,KEM,2.0,2048,0.2322,0.0738,0.0465,1568,32,1536,0.3525,True,4673,2025-09-09T14:00:45.399226+00:00,256,3,
Kyber1024,KEM,2.0,2048,0.2004,0.0738,0.0471,1568,32,1536,0.3213,True,4674,2025-09-09T14:00:45.500963+00:00,256,3,
Kyber1024,KEM,2.0,2048,0.1983,0.1304,0.0554,1568,32,1536,0.384,True,4675,2025-09-09T14:00:45.603604+00:00,256,3,
Kyber1024,KEM,2.0,2048,0.1798,0.0724,0.3524,1568,32,1536,0.6046,True,4676,2025-09-09T14:00:45.705311+00:00,256,3,
Kyber1024,KEM,2.0,2048,0.1592,0.0774,0.0401,1568,32,1536,0.2767,True,4677,2025-09-09T14:00:45.810617+00:00,256,3,
Kyber1024,KEM,2.0,2048,0.1771,0.0775,0.0523,1568,32,1536,0.3069,True,4678,2025-09-09T14:00:45.911978+00:00,256,3,
Kyber1024,KEM,2.0,2048,0.2092,0.0841,0.0553,1568,32,1536,0.3486,True,4679,2025-09-09T14:00:46.013415+00:00,256,3,
Kyber1024,KEM,2.0,2048,0.2216,0.1218,0.0614,1568,32,1536,0.4048,True,4680,2025-09-09T14:00:46.114992+00:00,256,3,
Kyber1024,KEM,2.0,2048,0.2113,0.0836,0.0513,1568,32,1536,0.3462,True,4681,2025-09-09T14:00:46.216401+00:00,256,3,
Kyber1024,KEM,2.0,2048,0.147,0.0748,0.0436,1568,32,1536,0.2655,True,4682,2025-09-09T14:00:46.318104+00:00,256,3,
Kyber1024,KEM,2.0,2048,0.1814,0.0769,0.0968,1568,32,1536,0.3551,True,4683,2025-09-09T14:00:46.419549+00:00,256,3,
Kyber1024,KEM,2.0,2048,0.1839,0.0801,0.0486,1568,32,1536,0.3126,True,4684,2025-09-09T14:00:46.521654+00:00,256,3,
Kyber1024,KEM,2.0,2048,0.1705,0.0759,0.0478,1568,32,1536,0.2942,True,4685,2025-09-09T14:00:46.623152+00:00,256,3,
Kyber1024,KEM,2.0,2048,0.1794,0.0725,0.0573,1568,32,1536,0.3091,True,4686,2025-09-09T14:00:46.725304+00:00,256,3,
Kyber1024,KEM,2.0,2048,0.1805,0.0785,0.0781,1568,32,1536,0.3371,True,4687,2025-09-09T14:00:46.826816+00:00,256,3,
Kyber1024,KEM,2.0,2048,0.1438,0.0655,0.05,1568,32,1536,0.2593,True,4688,2025-09-09T14:00:46.928285+00:00,256,3,
Kyber1024,KEM,2.0,2048,0.2574,0.0876,0.0536,1568,32,1536,0.3985,True,4689,2025-09-09T14:00:47.030238+00:00,256,3,
Kyber1024,KEM,2.0,2048,0.1636,0.0731,0.0588,1568,32,1536,0.2955,True,4690,2025-09-09T14:00:47.132193+00:00,256,3,
Kyber1024,KEM,2.0,2048,0.1561,0.0864,0.0766,1568,32,1536,0.319,True,4691,2025-09-09T14:00:47.233613+00:00,256,3,
Kyber1024,KEM,2.0,2048,0.1803,0.0766,0.0767,1568,32,1536,0.3337,True,4692,2025-09-09T14:00:47.335272+00:00,256,3,
Kyber1024,KEM,2.0,2048,0.1801,0.0869,0.0534,1568,32,1536,0.3204,True,4693,2025-09-09T14:00:47.436800+00:00,256,3,
Kyber1024,KEM,2.0,2048,0.1759,0.076,0.049,1568,32,1536,0.3009,True,4694,2025-09-09T14:00:47.538211+00:00,256,3,
Kyber1024,KEM,2.0,2048,0.1618,0.0797,0.323,1568,32,1536,0.5645,True,4695,2025-09-09T14:00:47.639794+00:00,256,3,
Kyber1024,KEM,2.0,2048,0.1963,0.0875,0.0605,1568,32,1536,0.3442,True,4696,2025-09-09T14:00:47.741287+00:00,256,3,
Kyber1024,KEM,2.0,2048,0.2118,0.0779,0.0475,1568,32,1536,0.3372,True,4697,2025-09-09T14:00:47.842735+00:00,256,3,
Kyber1024,KEM,2.0,2048,0.1468,0.0604,0.0688,1568,32,1536,0.2759,True,4698,2025-09-09T14:00:47.947526+00:00,256,3,
Kyber1024,KEM,2.0,2048,0.1606,0.0887,0.0468,1568,32,1536,0.2961,True,4699,2025-09-09T14:00:48.049011+00:00,256,3,
Kyber1024,KEM,2.0,2048,0.18,0.0781,0.0547,1568,32,1536,0.3129,True,4700,2025-09-09T14:00:48.150442+00:00,256,3,
Kyber1024,KEM,5.0,5120,0.16,0.0761,0.0521,1568,32,1536,0.2882,True,4701,2025-09-09T14:00:48.264205+00:00,256,3,
Kyber1024,KEM,5.0,5120,0.1896,0.074,0.048,1568,32,1536,0.3116,True,4702,2025-09-09T14:00:48.367371+00:00,256,3,
Kyber1024,KEM,5.0,5120,0.1666,0.0768,0.0498,1568,32,1536,0.2932,True,4703,2025-09-09T14:00:48.469655+00:00,256,3,
Kyber1024,KEM,5.0,5120,0.1853,0.0789,0.0536,1568,32,1536,0.3178,True,4704,2025-09-09T14:00:48.572356+00:00,256,3,
Kyber1024,KEM,5.0,5120,0.1908,0.0766,0.0457,1568,32,1536,0.3131,True,4705,2025-09-09T14:00:48.675069+00:00,256,3,
Kyber1024,KEM,5.0,5120,0.189,0.078,0.0475,1568,32,1536,0.3145,True,4706,2025-09-09T14:00:48.777083+00:00,256,3,
Kyber1024,KEM,5.0,5120,0.2724,0.0854,0.0529,1568,32,1536,0.4107,True,4707,2025-09-09T14:00:48.879736+00:00,256,3,
Kyber1024,KEM,5.0,5120,0.3886,0.1373,0.0534,1568,32,1536,0.5792,True,4708,2025-09-09T14:00:48.983163+00:00,256,3,
Kyber1024,KEM,5.0,5120,0.1666,0.0773,0.0542,1568,32,1536,0.2981,True,4709,2025-09-09T14:00:49.088655+00:00,256,3,
Kyber1024,KEM,5.0,5120,0.2546,0.1031,0.0506,1568,32,1536,0.4082,True,4710,2025-09-09T14:00:49.190887+00:00,256,3,
Kyber1024,KEM,5.0,5120,0.1581,0.0765,0.0528,1568,32,1536,0.2875,True,4711,2025-09-09T14:00:49.293121+00:00,256,3,
Kyber1024,KEM,5.0,5120,0.1446,0.0645,0.0428,1568,32,1536,0.2519,True,4712,2025-09-09T14:00:49.395508+00:00,256,3,
Kyber1024,KEM,5.0,5120,0.1502,0.075,0.0448,1568,32,1536,0.27,True,4713,2025-09-09T14:00:49.497980+00:00,256,3,
Kyber1024,KEM,5.0,5120,0.1924,0.0742,0.0545,1568,32,1536,0.3212,True,4714,2025-09-09T14:00:49.600303+00:00,256,3,
Kyber1024,KEM,5.0,5120,0.2144,0.0925,0.0493,1568,32,1536,0.3562,True,4715,2025-09-09T14:00:49.702826+00:00,256,3,
Kyber1024,KEM,5.0,5120,0.1736,0.0715,0.0462,1568,32,1536,0.2913,True,4716,2025-09-09T14:00:49.804827+00:00,256,3,
Kyber1024,KEM,5.0,5120,0.1678,0.089,0.0495,1568,32,1536,0.3063,True,4717,2025-09-09T14:00:49.906989+00:00,256,3,
Kyber1024,KEM,5.0,5120,0.1815,0.0716,0.0829,1568,32,1536,0.336,True,4718,2025-09-09T14:00:50.009544+00:00,256,3,
Kyber1024,KEM,5.0,5120,0.1748,0.0727,0.0454,1568,32,1536,0.293,True,4719,2025-09-09T14:00:50.112334+00:00,256,3,
Kyber1024,KEM,5.0,5120,0.2005,0.0749,0.0557,1568,32,1536,0.3312,True,4720,2025-09-09T14:00:50.229073+00:00,256,3,
Kyber1024,KEM,5.0,5120,0.2047,0.0815,0.0545,1568,32,1536,0.3408,True,4721,2025-09-09T14:00:50.331341+00:00,256,3,
Kyber1024,KEM,5.0,5120,0.2141,0.0829,0.0449,1568,32,1536,0.3419,True,4722,2025-09-09T14:00:50.448332+00:00,256,3,
Kyber1024,KEM,5.0,5120,0.1808,0.0906,0.0522,1568,32,1536,0.3235,True,4723,2025-09-09T14:00:50.552539+00:00,256,3,
Kyber1024,KEM,5.0,5120,0.2043,0.0973,0.0583,1568,32,1536,0.3599,True,4724,2025-09-09T14:00:50.659981+00:00,256,3,
Kyber1024,KEM,5.0,5120,0.1987,0.0909,0.047,1568,32,1536,0.3366,True,4725,2025-09-09T14:00:50.762371+00:00,256,3,
Kyber1024,KEM,5.0,5120,0.1928,0.0676,0.0452,1568,32,1536,0.3056,True,4726,2025-09-09T14:00:50.864612+00:00,256,3,
Kyber1024,KEM,5.0,5120,0.1586,0.0885,0.0538,1568,32,1536,0.3009,True,4727,2025-09-09T14:00:50.968088+00:00,256,3,
Kyber1024,KEM,5.0,5120,0.1856,0.0749,0.0495,1568,32,1536,0.31,True,4728,2025-09-09T14:00:51.069989+00:00,256,3,
Kyber1024,KEM,5.0,5120,0.179,0.0755,0.0521,1568,32,1536,0.3066,True,4729,2025-09-09T14:00:51.172419+00:00,256,3,
Kyber1024,KEM,5.0,5120,0.1925,0.0867,0.0749,1568,32,1536,0.3541,True,4730,2025-09-09T14:00:51.275006+00:00,256,3,
Kyber1024,KEM,5.0,5120,0.1846,0.0743,0.0618,1568,32,1536,0.3207,True,4731,2025-09-09T14:00:51.377143+00:00,256,3,
Kyber1024,KEM,5.0,5120,0.1834,0.0881,0.0584,1568,32,1536,0.3299,True,4732,2025-09-09T14:00:51.479369+00:00,256,3,
Kyber1024,KEM,5.0,5120,0.2339,0.104,0.0539,1568,32,1536,0.3917,True,4733,2025-09-09T14:00:51.581783+00:00,256,3,
Kyber1024,KEM,5.0,5120,0.2102,0.0857,0.0536,1568,32,1536,0.3494,True,4734,2025-09-09T14:00:51.684046+00:00,256,3,
Kyber1024,KEM,5.0,5120,0.1588,0.0876,0.0546,1568,32,1536,0.301,True,4735,2025-09-09T14:00:51.786374+00:00,256,3,
Kyber1024,KEM,5.0,5120,0.2113,0.0826,0.0564,1568,32,1536,0.3503,True,4736,2025-09-09T14:00:51.888686+00:00,256,3,
Kyber1024,KEM,5.0,5120,0.1717,0.0709,0.0482,1568,32,1536,0.2907,True,4737,2025-09-09T14:00:51.991109+00:00,256,3,
Kyber1024,KEM,5.0,5120,0.1736,0.0717,0.0474,1568,32,1536,0.2927,True,4738,2025-09-09T14:00:52.093026+00:00,256,3,
Kyber1024,KEM,5.0,5120,0.1793,0.0848,0.0546,1568,32,1536,0.3187,True,4739,2025-09-09T14:00:52.195171+00:00,256,3,
Kyber1024,KEM,5.0,5120,0.1709,0.0681,0.0445,1568,32,1536,0.2835,True,4740,2025-09-09T14:00:52.297166+00:00,256,3,
Kyber1024,KEM,5.0,5120,0.1826,0.0757,0.0581,1568,32,1536,0.3163,True,4741,2025-09-09T14:00:52.399156+00:00,256,3,
Kyber1024,KEM,5.0,5120,2.5287,0.1578,0.0539,1568,32,1536,2.7404,True,4742,2025-09-09T14:00:52.520012+00:00,256,3,
Kyber1024,KEM,5.0,5120,0.1778,0.0735,0.0466,1568,32,1536,0.2979,True,4743,2025-09-09T14:00:52.621925+00:00,256,3,
Kyber1024,KEM,5.0,5120,0.1874,0.0913,0.0503,1568,32,1536,0.329,True,4744,2025-09-09T14:00:52.724675+00:00,256,3,
Kyber1024,KEM,5.0,5120,0.238,0.0883,0.0483,1568,32,1536,0.3747,True,4745,2025-09-09T14:00:52.826754+00:00,256,3,
Kyber1024,KEM,5.0,5120,0.1726,0.1038,0.0534,1568,32,1536,0.3298,True,4746,2025-09-09T14:00:52.948274+00:00,256,3,
Kyber1024,KEM,5.0,5120,0.1816,0.0811,0.0488,1568,32,1536,0.3115,True,4747,2025-09-09T14:00:53.050357+00:00,256,3,
Kyber1024,KEM,5.0,5120,0.1858,0.0784,0.0426,1568,32,1536,0.3068,True,4748,2025-09-09T14:00:53.152582+00:00,256,3,
Kyber1024,KEM,5.0,5120,0.1834,0.096,0.0852,1568,32,1536,0.3646,True,4749,2025-09-09T14:00:53.257084+00:00,256,3,
Kyber1024,KEM,5.0,5120,0.2228,0.1011,0.1132,1568,32,1536,0.4371,True,4750,2025-09-09T14:00:53.359539+00:00,256,3,
Kyber1024,KEM,10.0,10240,0.6848,0.1235,0.0443,1568,32,1536,0.8526,True,4751,2025-09-09T14:00:53.463267+00:00,256,3,
Kyber1024,KEM,10.0,10240,0.1847,0.0814,0.0468,1568,32,1536,0.3129,True,4752,2025-09-09T14:00:53.566331+00:00,256,3,
Kyber1024,KEM,10.0,10240,0.1814,0.3116,0.0711,1568,32,1536,0.5642,True,4753,2025-09-09T14:00:53.670257+00:00,256,3,
Kyber1024,KEM,10.0,10240,0.1798,0.0732,0.0479,1568,32,1536,0.3009,True,4754,2025-09-09T14:00:53.774165+00:00,256,3,
Kyber1024,KEM,10.0,10240,0.2569,0.0879,0.0589,1568,32,1536,0.4037,True,4755,2025-09-09T14:00:53.878807+00:00,256,3,
Kyber1024,KEM,10.0,10240,0.1819,0.0808,0.0492,1568,32,1536,0.3119,True,4756,2025-09-09T14:00:53.981964+00:00,256,3,
Kyber1024,KEM,10.0,10240,0.1962,0.074,0.0488,1568,32,1536,0.319,True,4757,2025-09-09T14:00:54.085540+00:00,256,3,
Kyber1024,KEM,10.0,10240,0.2026,0.0844,0.0577,1568,32,1536,0.3448,True,4758,2025-09-09T14:00:54.189730+00:00,256,3,
Kyber1024,KEM,10.0,10240,0.1889,0.0808,0.0455,1568,32,1536,0.3152,True,4759,2025-09-09T14:00:54.292928+00:00,256,3,
Kyber1024,KEM,10.0,10240,0.1849,0.1125,0.0456,1568,32,1536,0.343,True,4760,2025-09-09T14:00:54.397229+00:00,256,3,
Kyber1024,KEM,10.0,10240,0.2149,0.0862,0.0639,1568,32,1536,0.365,True,4761,2025-09-09T14:00:54.502776+00:00,256,3,
Kyber1024,KEM,10.0,10240,0.1863,0.0752,0.0471,1568,32,1536,0.3086,True,4762,2025-09-09T14:00:54.605786+00:00,256,3,
Kyber1024,KEM,10.0,10240,0.1824,0.075,0.0458,1568,32,1536,0.3033,True,4763,2025-09-09T14:00:54.708877+00:00,256,3,
Kyber1024,KEM,10.0,10240,0.1849,0.0856,0.0544,1568,32,1536,0.3249,True,4764,2025-09-09T14:00:54.812764+00:00,256,3,
Kyber1024,KEM,10.0,10240,0.182,0.0746,0.0487,1568,32,1536,0.3053,True,4765,2025-09-09T14:00:54.916077+00:00,256,3,
Kyber1024,KEM,10.0,10240,0.3676,0.0888,0.0545,1568,32,1536,0.5108,True,4766,2025-09-09T14:00:55.019520+00:00,256,3,
Kyber1024,KEM,10.0,10240,0.1844,0.0721,0.0498,1568,32,1536,0.3063,True,4767,2025-09-09T14:00:55.123403+00:00,256,3,
Kyber1024,KEM,10.0,10240,1.4958,0.1629,0.0526,1568,32,1536,1.7114,True,4768,2025-09-09T14:00:55.228760+00:00,256,3,
Kyber1024,KEM,10.0,10240,0.1829,0.0778,0.0548,1568,32,1536,0.3154,True,4769,2025-09-09T14:00:55.332205+00:00,256,3,
Kyber1024,KEM,10.0,10240,0.1854,0.0724,0.0495,1568,32,1536,0.3073,True,4770,2025-09-09T14:00:55.435306+00:00,256,3,
Kyber1024,KEM,10.0,10240,0.1786,0.0754,0.1995,1568,32,1536,0.4535,True,4771,2025-09-09T14:00:55.538669+00:00,256,3,
Kyber1024,KEM,10.0,10240,0.2059,0.0931,0.0793,1568,32,1536,0.3783,True,4772,2025-09-09T14:00:55.642446+00:00,256,3,
Kyber1024,KEM,10.0,10240,0.1887,0.0861,0.0546,1568,32,1536,0.3293,True,4773,2025-09-09T14:00:55.745621+00:00,256,3,
Kyber1024,KEM,10.0,10240,0.2062,0.0773,0.0506,1568,32,1536,0.3341,True,4774,2025-09-09T14:00:55.849812+00:00,256,3,
Kyber1024,KEM,10.0,10240,0.1807,0.0773,0.0496,1568,32,1536,0.3075,True,4775,2025-09-09T14:00:55.956240+00:00,256,3,
Kyber1024,KEM,10.0,10240,0.1906,0.0804,0.0525,1568,32,1536,0.3235,True,4776,2025-09-09T14:00:56.060041+00:00,256,3,
Kyber1024,KEM,10.0,10240,0.1901,0.0837,0.054,1568,32,1536,0.3278,True,4777,2025-09-09T14:00:56.164087+00:00,256,3,
Kyber1024,KEM,10.0,10240,0.1381,0.077,0.0496,1568,32,1536,0.2647,True,4778,2025-09-09T14:00:56.267953+00:00,256,3,
Kyber1024,KEM,10.0,10240,0.1585,0.0732,0.0427,1568,32,1536,0.2744,True,4779,2025-09-09T14:00:56.372286+00:00,256,3,
Kyber1024,KEM,10.0,10240,0.191,0.0755,0.0448,1568,32,1536,0.3113,True,4780,2025-09-09T14:00:56.475323+00:00,256,3,
Kyber1024,KEM,10.0,10240,0.206,0.0927,0.0531,1568,32,1536,0.3518,True,4781,2025-09-09T14:00:56.579052+00:00,256,3,
Kyber1024,KEM,10.0,10240,0.2381,0.0741,0.055,1568,32,1536,0.3671,True,4782,2025-09-09T14:00:56.682526+00:00,256,3,
Kyber1024,KEM,10.0,10240,0.2109,0.0702,0.0423,1568,32,1536,0.3235,True,4783,2025-09-09T14:00:56.786796+00:00,256,3,
Kyber1024,KEM,10.0,10240,0.1827,0.1305,0.0568,1568,32,1536,0.3699,True,4784,2025-09-09T14:00:56.891116+00:00,256,3,
Kyber1024,KEM,10.0,10240,0.2551,0.0698,0.0479,1568,32,1536,0.3728,True,4785,2025-09-09T14:00:56.995004+00:00,256,3,
Kyber1024,KEM,10.0,10240,0.2061,0.0731,0.0449,1568,32,1536,0.3241,True,4786,2025-09-09T14:00:57.098029+00:00,256,3,
Kyber1024,KEM,10.0,10240,0.1876,0.08,0.0525,1568,32,1536,0.3201,True,4787,2025-09-09T14:00:57.201294+00:00,256,3,
Kyber1024,KEM,10.0,10240,0.1799,0.0788,0.0475,1568,32,1536,0.3061,True,4788,2025-09-09T14:00:57.304413+00:00,256,3,
Kyber1024,KEM,10.0,10240,0.2027,0.0816,0.0505,1568,32,1536,0.3349,True,4789,2025-09-09T14:00:57.408536+00:00,256,3,
Kyber1024,KEM,10.0,10240,0.1965,0.0731,0.0528,1568,32,1536,0.3225,True,4790,2025-09-09T14:00:57.512702+00:00,256,3,
Kyber1024,KEM,10.0,10240,0.2239,0.0883,0.0469,1568,32,1536,0.3591,True,4791,2025-09-09T14:00:57.615931+00:00,256,3,
Kyber1024,KEM,10.0,10240,0.2194,0.3911,0.0837,1568,32,1536,0.6942,True,4792,2025-09-09T14:00:57.721195+00:00,256,3,
Kyber1024,KEM,10.0,10240,0.1806,0.0881,0.0636,1568,32,1536,0.3323,True,4793,2025-09-09T14:00:57.824621+00:00,256,3,
Kyber1024,KEM,10.0,10240,0.1948,0.0776,0.0523,1568,32,1536,0.3247,True,4794,2025-09-09T14:00:57.928315+00:00,256,3,
Kyber1024,KEM,10.0,10240,0.1357,0.0761,0.056,1568,32,1536,0.2678,True,4795,2025-09-09T14:00:58.033300+00:00,256,3,
Kyber1024,KEM,10.0,10240,0.197,0.0795,0.0517,1568,32,1536,0.3282,True,4796,2025-09-09T14:00:58.136697+00:00,256,3,
Kyber1024,KEM,10.0,10240,0.1881,0.0748,0.0488,1568,32,1536,0.3118,True,4797,2025-09-09T14:00:58.240256+00:00,256,3,
Kyber1024,KEM,10.0,10240,0.1822,0.0711,0.0431,1568,32,1536,0.2964,True,4798,2025-09-09T14:00:58.343972+00:00,256,3,
Kyber1024,KEM,10.0,10240,0.1609,0.0716,0.0436,1568,32,1536,0.276,True,4799,2025-09-09T14:00:58.447484+00:00,256,3,
Kyber1024,KEM,10.0,10240,0.256,0.0783,0.0491,1568,32,1536,0.3835,True,4800,2025-09-09T14:00:58.550425+00:00,256,3,
ML-KEM-512,KEM,0.1,102,1.4472,0.1538,0.0315,768,32,736,1.6325,True,4801,2025-09-09T14:00:58.658088+00:00,128,1,
ML-KEM-512,KEM,0.1,102,0.1703,0.0596,0.0311,768,32,736,0.261,True,4802,2025-09-09T14:00:58.758941+00:00,128,1,
ML-KEM-512,KEM,0.1,102,0.1431,0.0522,0.0261,768,32,736,0.2214,True,4803,2025-09-09T14:00:58.859705+00:00,128,1,
ML-KEM-512,KEM,0.1,102,0.1435,0.0614,0.0345,768,32,736,0.2394,True,4804,2025-09-09T14:00:58.960439+00:00,128,1,
ML-KEM-512,KEM,0.1,102,0.156,0.0572,0.0379,768,32,736,0.251,True,4805,2025-09-09T14:00:59.061391+00:00,128,1,
ML-KEM-512,KEM,0.1,102,0.1399,0.0676,0.0339,768,32,736,0.2414,True,4806,2025-09-09T14:00:59.162345+00:00,128,1,
ML-KEM-512,KEM,0.1,102,0.1768,0.0669,0.0349,768,32,736,0.2786,True,4807,2025-09-09T14:00:59.263245+00:00,128,1,
ML-KEM-512,KEM,0.1,102,0.1753,0.0732,0.0374,768,32,736,0.286,True,4808,2025-09-09T14:00:59.364163+00:00,128,1,
ML-KEM-512,KEM,0.1,102,0.1782,0.0657,0.0369,768,32,736,0.2808,True,4809,2025-09-09T14:00:59.465021+00:00,128,1,
ML-KEM-512,KEM,0.1,102,0.1225,0.055,0.0286,768,32,736,0.2061,True,4810,2025-09-09T14:00:59.565757+00:00,128,1,
ML-KEM-512,KEM,0.1,102,0.1332,0.0545,0.0292,768,32,736,0.2169,True,4811,2025-09-09T14:00:59.666546+00:00,128,1,
ML-KEM-512,KEM,0.1,102,0.1533,0.0658,0.0372,768,32,736,0.2563,True,4812,2025-09-09T14:00:59.767368+00:00,128,1,
ML-KEM-512,KEM,0.1,102,0.1337,0.0554,0.0301,768,32,736,0.2191,True,4813,2025-09-09T14:00:59.868144+00:00,128,1,
ML-KEM-512,KEM,0.1,102,0.1223,0.0652,0.0307,768,32,736,0.2182,True,4814,2025-09-09T14:00:59.968936+00:00,128,1,
ML-KEM-512,KEM,0.1,102,0.138,0.0583,0.029,768,32,736,0.2254,True,4815,2025-09-09T14:01:00.069663+00:00,128,1,
ML-KEM-512,KEM,0.1,102,0.1476,0.0716,0.0353,768,32,736,0.2545,True,4816,2025-09-09T14:01:00.170570+00:00,128,1,
ML-KEM-512,KEM,0.1,102,0.1945,0.0735,0.029,768,32,736,0.297,True,4817,2025-09-09T14:01:00.271531+00:00,128,1,
ML-KEM-512,KEM,0.1,102,0.2177,0.0863,0.0418,768,32,736,0.3457,True,4818,2025-09-09T14:01:00.372822+00:00,128,1,
ML-KEM-512,KEM,0.1,102,0.1436,0.0564,0.0273,768,32,736,0.2273,True,4819,2025-09-09T14:01:00.473719+00:00,128,1,
ML-KEM-512,KEM,0.1,102,0.1638,0.0534,0.0311,768,32,736,0.2484,True,4820,2025-09-09T14:01:00.575173+00:00,128,1,
ML-KEM-512,KEM,0.1,102,0.1366,0.0704,0.0334,768,32,736,0.2404,True,4821,2025-09-09T14:01:00.676044+00:00,128,1,
ML-KEM-512,KEM,0.1,102,0.1413,0.071,0.031,768,32,736,0.2434,True,4822,2025-09-09T14:01:00.776826+00:00,128,1,
ML-KEM-512,KEM,0.1,102,0.1345,0.0574,0.0338,768,32,736,0.2257,True,4823,2025-09-09T14:01:00.878029+00:00,128,1,
ML-KEM-512,KEM,0.1,102,0.1395,0.0571,0.0293,768,32,736,0.2259,True,4824,2025-09-09T14:01:00.991003+00:00,128,1,
ML-KEM-512,KEM,0.1,102,0.1605,0.0597,0.0314,768,32,736,0.2516,True,4825,2025-09-09T14:01:01.091846+00:00,128,1,
ML-KEM-512,KEM,0.1,102,0.1095,0.0505,0.0305,768,32,736,0.1905,True,4826,2025-09-09T14:01:01.192536+00:00,128,1,
ML-KEM-512,KEM,0.1,102,0.1343,0.0622,0.0334,768,32,736,0.23,True,4827,2025-09-09T14:01:01.293293+00:00,128,1,
ML-KEM-512,KEM,0.1,102,0.1169,0.0554,0.0412,768,32,736,0.2135,True,4828,2025-09-09T14:01:01.394082+00:00,128,1,
ML-KEM-512,KEM,0.1,102,0.1154,0.0533,0.0292,768,32,736,0.198,True,4829,2025-09-09T14:01:01.494889+00:00,128,1,
ML-KEM-512,KEM,0.1,102,0.1276,0.0509,0.0272,768,32,736,0.2058,True,4830,2025-09-09T14:01:01.596298+00:00,128,1,
ML-KEM-512,KEM,0.1,102,0.1375,0.0545,0.0314,768,32,736,0.2233,True,4831,2025-09-09T14:01:01.700416+00:00,128,1,
ML-KEM-512,KEM,0.1,102,0.1505,0.0696,0.0363,768,32,736,0.2563,True,4832,2025-09-09T14:01:01.801312+00:00,128,1,
ML-KEM-512,KEM,0.1,102,0.141,0.0605,0.0343,768,32,736,0.2358,True,4833,2025-09-09T14:01:01.902199+00:00,128,1,
ML-KEM-512,KEM,0.1,102,0.1789,0.0614,0.0277,768,32,736,0.2681,True,4834,2025-09-09T14:01:02.003118+00:00,128,1,
ML-KEM-512,KEM,0.1,102,0.1356,0.0812,0.0366,768,32,736,0.2533,True,4835,2025-09-09T14:01:02.104025+00:00,128,1,
ML-KEM-512,KEM,0.1,102,0.1366,0.0573,0.0287,768,32,736,0.2226,True,4836,2025-09-09T14:01:02.204776+00:00,128,1,
ML-KEM-512,KEM,0.1,102,0.1363,0.0578,0.0387,768,32,736,0.2329,True,4837,2025-09-09T14:01:02.305587+00:00,128,1,
ML-KEM-512,KEM,0.1,102,0.1345,0.0553,0.0473,768,32,736,0.237,True,4838,2025-09-09T14:01:02.406608+00:00,128,1,
ML-KEM-512,KEM,0.1,102,0.1275,0.0704,0.0377,768,32,736,0.2356,True,4839,2025-09-09T14:01:02.507435+00:00,128,1,
ML-KEM-512,KEM,0.1,102,0.1408,0.059,0.8048,768,32,736,1.0045,True,4840,2025-09-09T14:01:02.609165+00:00,128,1,
ML-KEM-512,KEM,0.1,102,0.1761,0.0654,0.0317,768,32,736,0.2733,True,4841,2025-09-09T14:01:02.710177+00:00,128,1,
ML-KEM-512,KEM,0.1,102,0.1157,0.0598,0.0387,768,32,736,0.2142,True,4842,2025-09-09T14:01:02.810979+00:00,128,1,
ML-KEM-512,KEM,0.1,102,0.1779,0.0524,0.0295,768,32,736,0.2598,True,4843,2025-09-09T14:01:02.911887+00:00,128,1,
ML-KEM-512,KEM,0.1,102,0.1861,0.0619,0.0329,768,32,736,0.2809,True,4844,2025-09-09T14:01:03.012719+00:00,128,1,
ML-KEM-512,KEM,0.1,102,0.1411,0.06,0.0319,768,32,736,0.233,True,4845,2025-09-09T14:01:03.113640+00:00,128,1,
ML-KEM-512,KEM,0.1,102,0.1333,0.0546,0.0282,768,32,736,0.2161,True,4846,2025-09-09T14:01:03.214396+00:00,128,1,
ML-KEM-512,KEM,0.1,102,0.1463,0.0724,0.0445,768,32,736,0.2632,True,4847,2025-09-09T14:01:03.315283+00:00,128,1,
ML-KEM-512,KEM,0.1,102,0.1497,0.0629,0.032,768,32,736,0.2447,True,4848,2025-09-09T14:01:03.416076+00:00,128,1,
ML-KEM-512,KEM,0.1,102,0.1574,0.076,0.0339,768,32,736,0.2674,True,4849,2025-09-09T14:01:03.516875+00:00,128,1,
ML-KEM-512,KEM,0.1,102,0.1938,0.0739,0.0357,768,32,736,0.3033,True,4850,2025-09-09T14:01:03.617767+00:00,128,1,
ML-KEM-512,KEM,0.5,512,0.1617,0.0653,0.0353,768,32,736,0.2623,True,4851,2025-09-09T14:01:03.718805+00:00,128,1,
ML-KEM-512,KEM,0.5,512,0.1665,0.0492,0.0216,768,32,736,0.2373,True,4852,2025-09-09T14:01:03.819625+00:00,128,1,
ML-KEM-512,KEM,0.5,512,0.1375,0.0594,0.0296,768,32,736,0.2265,True,4853,2025-09-09T14:01:03.920471+00:00,128,1,
ML-KEM-512,KEM,0.5,512,0.1582,0.0549,0.0306,768,32,736,0.2436,True,4854,2025-09-09T14:01:04.021419+00:00,128,1,
ML-KEM-512,KEM,0.5,512,0.1284,0.0561,0.0323,768,32,736,0.2168,True,4855,2025-09-09T14:01:04.122225+00:00,128,1,
ML-KEM-512,KEM,0.5,512,0.1479,0.0531,0.0298,768,32,736,0.2308,True,4856,2025-09-09T14:01:04.223086+00:00,128,1,
ML-KEM-512,KEM,0.5,512,0.1589,0.0595,0.0294,768,32,736,0.2478,True,4857,2025-09-09T14:01:04.323938+00:00,128,1,
ML-KEM-512,KEM,0.5,512,0.1445,0.0602,0.0297,768,32,736,0.2344,True,4858,2025-09-09T14:01:04.424772+00:00,128,1,
ML-KEM-512,KEM,0.5,512,0.1222,0.0546,0.0285,768,32,736,0.2053,True,4859,2025-09-09T14:01:04.525592+00:00,128,1,
ML-KEM-512,KEM,0.5,512,0.1854,0.0605,0.0446,768,32,736,0.2905,True,4860,2025-09-09T14:01:04.630569+00:00,128,1,
ML-KEM-512,KEM,0.5,512,0.1645,0.0539,0.0317,768,32,736,0.2501,True,4861,2025-09-09T14:01:04.731475+00:00,128,1,
ML-KEM-512,KEM,0.5,512,0.1363,0.0621,0.0348,768,32,736,0.2332,True,4862,2025-09-09T14:01:04.832349+00:00,128,1,
ML-KEM-512,KEM,0.5,512,0.1471,0.0553,0.0279,768,32,736,0.2304,True,4863,2025-09-09T14:01:04.933341+00:00,128,1,
ML-KEM-512,KEM,0.5,512,0.1329,0.0548,0.0299,768,32,736,0.2176,True,4864,2025-09-09T14:01:05.034328+00:00,128,1,
ML-KEM-512,KEM,0.5,512,0.1417,0.1184,0.0324,768,32,736,0.2925,True,4865,2025-09-09T14:01:05.135260+00:00,128,1,
ML-KEM-512,KEM,0.5,512,0.1516,0.0666,0.0353,768,32,736,0.2535,True,4866,2025-09-09T14:01:05.236310+00:00,128,1,
ML-KEM-512,KEM,0.5,512,0.1279,0.0569,0.0314,768,32,736,0.2162,True,4867,2025-09-09T14:01:05.338895+00:00,128,1,
ML-KEM-512,KEM,0.5,512,0.1356,0.0555,0.03,768,32,736,0.2211,True,4868,2025-09-09T14:01:05.439753+00:00,128,1,
ML-KEM-512,KEM,0.5,512,0.1398,0.0585,0.0394,768,32,736,0.2377,True,4869,2025-09-09T14:01:05.540612+00:00,128,1,
ML-KEM-512,KEM,0.5,512,0.1776,0.061,0.0305,768,32,736,0.2692,True,4870,2025-09-09T14:01:05.641744+00:00,128,1,
ML-KEM-512,KEM,0.5,512,0.1491,0.1104,0.0325,768,32,736,0.2921,True,4871,2025-09-09T14:01:05.742661+00:00,128,1,
ML-KEM-512,KEM,0.5,512,0.1219,0.0925,0.0326,768,32,736,0.247,True,4872,2025-09-09T14:01:05.843572+00:00,128,1,
ML-KEM-512,KEM,0.5,512,0.1274,0.0652,0.0328,768,32,736,0.2253,True,4873,2025-09-09T14:01:05.944456+00:00,128,1,
ML-KEM-512,KEM,0.5,512,0.1165,0.0531,0.0288,768,32,736,0.1984,True,4874,2025-09-09T14:01:06.045295+00:00,128,1,
ML-KEM-512,KEM,0.5,512,0.1358,0.2712,0.031,768,32,736,0.4381,True,4875,2025-09-09T14:01:06.146337+00:00,128,1,
ML-KEM-512,KEM,0.5,512,0.1222,0.0522,0.0292,768,32,736,0.2035,True,4876,2025-09-09T14:01:06.247492+00:00,128,1,
ML-KEM-512,KEM,0.5,512,0.1385,0.0594,0.0276,768,32,736,0.2256,True,4877,2025-09-09T14:01:06.351916+00:00,128,1,
ML-KEM-512,KEM,0.5,512,0.1142,0.0532,0.0286,768,32,736,0.196,True,4878,2025-09-09T14:01:06.452770+00:00,128,1,
ML-KEM-512,KEM,0.5,512,0.1537,0.0512,0.0289,768,32,736,0.2338,True,4879,2025-09-09T14:01:06.553612+00:00,128,1,
ML-KEM-512,KEM,0.5,512,0.1288,0.0554,0.029,768,32,736,0.2133,True,4880,2025-09-09T14:01:06.655913+00:00,128,1,
ML-KEM-512,KEM,0.5,512,0.1476,0.0568,0.0289,768,32,736,0.2333,True,4881,2025-09-09T14:01:06.756766+00:00,128,1,
ML-KEM-512,KEM,0.5,512,0.137,0.0573,0.0278,768,32,736,0.2221,True,4882,2025-09-09T14:01:06.857686+00:00,128,1,
ML-KEM-512,KEM,0.5,512,0.1099,0.1007,0.0389,768,32,736,0.2495,True,4883,2025-09-09T14:01:06.958670+00:00,128,1,
ML-KEM-512,KEM,0.5,512,0.1604,0.0581,0.0285,768,32,736,0.247,True,4884,2025-09-09T14:01:07.059625+00:00,128,1,
ML-KEM-512,KEM,0.5,512,0.1295,0.0595,0.0332,768,32,736,0.2222,True,4885,2025-09-09T14:01:07.160454+00:00,128,1,
ML-KEM-512,KEM,0.5,512,0.1333,0.0643,0.0346,768,32,736,0.2322,True,4886,2025-09-09T14:01:07.261433+00:00,128,1,
ML-KEM-512,KEM,0.5,512,0.1235,0.0639,0.0338,768,32,736,0.2212,True,4887,2025-09-09T14:01:07.362354+00:00,128,1,
ML-KEM-512,KEM,0.5,512,0.1342,0.0553,0.0411,768,32,736,0.2306,True,4888,2025-09-09T14:01:07.463527+00:00,128,1,
ML-KEM-512,KEM,0.5,512,0.1133,0.052,0.0282,768,32,736,0.1935,True,4889,2025-09-09T14:01:07.564327+00:00,128,1,
ML-KEM-512,KEM,0.5,512,0.1751,0.0572,0.029,768,32,736,0.2613,True,4890,2025-09-09T14:01:07.665202+00:00,128,1,
ML-KEM-512,KEM,0.5,512,0.1326,0.0637,0.0298,768,32,736,0.2262,True,4891,2025-09-09T14:01:07.766024+00:00,128,1,
ML-KEM-512,KEM,0.5,512,0.1402,0.0582,0.0329,768,32,736,0.2313,True,4892,2025-09-09T14:01:07.866843+00:00,128,1,
ML-KEM-512,KEM,0.5,512,0.1319,0.0575,0.0306,768,32,736,0.2201,True,4893,2025-09-09T14:01:07.967728+00:00,128,1,
ML-KEM-512,KEM,0.5,512,0.1271,0.0649,0.0299,768,32,736,0.2219,True,4894,2025-09-09T14:01:08.068639+00:00,128,1,
ML-KEM-512,KEM,0.5,512,0.1393,0.0594,0.0312,768,32,736,0.2299,True,4895,2025-09-09T14:01:08.169491+00:00,128,1,
ML-KEM-512,KEM,0.5,512,0.1235,0.0522,0.0286,768,32,736,0.2042,True,4896,2025-09-09T14:01:08.270373+00:00,128,1,
ML-KEM-512,KEM,0.5,512,0.1335,0.0599,0.0287,768,32,736,0.2221,True,4897,2025-09-09T14:01:08.371359+00:00,128,1,
ML-KEM-512,KEM,0.5,512,0.1113,0.0521,0.029,768,32,736,0.1923,True,4898,2025-09-09T14:01:08.472293+00:00,128,1,
ML-KEM-512,KEM,0.5,512,0.1357,0.057,0.0274,768,32,736,0.2201,True,4899,2025-09-09T14:01:08.573239+00:00,128,1,
ML-KEM-512,KEM,0.5,512,0.1146,0.0527,0.0317,768,32,736,0.1991,True,4900,2025-09-09T14:01:08.674415+00:00,128,1,
ML-KEM-512,KEM,1.0,1024,0.1419,0.0537,0.0357,768,32,736,0.2313,True,4901,2025-09-09T14:01:08.775685+00:00,128,1,
ML-KEM-512,KEM,1.0,1024,0.1396,0.0572,0.032,768,32,736,0.2288,True,4902,2025-09-09T14:01:08.876659+00:00,128,1,
ML-KEM-512,KEM,1.0,1024,0.1343,0.0672,0.0322,768,32,736,0.2337,True,4903,2025-09-09T14:01:08.977664+00:00,128,1,
ML-KEM-512,KEM,1.0,1024,0.1073,0.0441,0.0221,768,32,736,0.1735,True,4904,2025-09-09T14:01:09.078436+00:00,128,1,
ML-KEM-512,KEM,1.0,1024,0.1425,0.0549,0.0304,768,32,736,0.2278,True,4905,2025-09-09T14:01:09.179391+00:00,128,1,
ML-KEM-512,KEM,1.0,1024,0.1107,0.0699,0.0301,768,32,736,0.2107,True,4906,2025-09-09T14:01:09.280459+00:00,128,1,
ML-KEM-512,KEM,1.0,1024,0.1111,0.079,0.0284,768,32,736,0.2185,True,4907,2025-09-09T14:01:09.381466+00:00,128,1,
ML-KEM-512,KEM,1.0,1024,0.1344,0.061,0.0284,768,32,736,0.2238,True,4908,2025-09-09T14:01:09.482467+00:00,128,1,
ML-KEM-512,KEM,1.0,1024,0.1529,0.0537,0.0357,768,32,736,0.2423,True,4909,2025-09-09T14:01:09.583701+00:00,128,1,
ML-KEM-512,KEM,1.0,1024,0.1427,0.0796,0.0294,768,32,736,0.2517,True,4910,2025-09-09T14:01:09.684773+00:00,128,1,
ML-KEM-512,KEM,1.0,1024,0.1189,0.053,0.0282,768,32,736,0.2001,True,4911,2025-09-09T14:01:09.785782+00:00,128,1,
ML-KEM-512,KEM,1.0,1024,0.2,0.0582,0.0296,768,32,736,0.2878,True,4912,2025-09-09T14:01:09.886901+00:00,128,1,
ML-KEM-512,KEM,1.0,1024,0.1093,0.0523,0.0325,768,32,736,0.194,True,4913,2025-09-09T14:01:09.987987+00:00,128,1,
ML-KEM-512,KEM,1.0,1024,0.1451,0.0637,0.03,768,32,736,0.2389,True,4914,2025-09-09T14:01:10.089079+00:00,128,1,
ML-KEM-512,KEM,1.0,1024,0.124,0.0573,0.0288,768,32,736,0.21,True,4915,2025-09-09T14:01:10.190107+00:00,128,1,
ML-KEM-512,KEM,1.0,1024,0.1771,0.1448,0.0381,768,32,736,0.36,True,4916,2025-09-09T14:01:10.291251+00:00,128,1,
ML-KEM-512,KEM,1.0,1024,0.1403,0.058,0.0286,768,32,736,0.2269,True,4917,2025-09-09T14:01:10.392494+00:00,128,1,
ML-KEM-512,KEM,1.0,1024,0.1325,0.0655,0.0366,768,32,736,0.2347,True,4918,2025-09-09T14:01:10.493635+00:00,128,1,
ML-KEM-512,KEM,1.0,1024,0.1407,0.0658,0.0303,768,32,736,0.2368,True,4919,2025-09-09T14:01:10.595009+00:00,128,1,
ML-KEM-512,KEM,1.0,1024,0.1219,0.0531,0.0285,768,32,736,0.2035,True,4920,2025-09-09T14:01:10.696065+00:00,128,1,
ML-KEM-512,KEM,1.0,1024,0.1595,0.0638,0.0352,768,32,736,0.2585,True,4921,2025-09-09T14:01:10.797122+00:00,128,1,
ML-KEM-512,KEM,1.0,1024,0.1328,0.0542,0.0291,768,32,736,0.2161,True,4922,2025-09-09T14:01:10.898237+00:00,128,1,
ML-KEM-512,KEM,1.0,1024,0.1433,0.0632,0.0344,768,32,736,0.2409,True,4923,2025-09-09T14:01:10.999246+00:00,128,1,
ML-KEM-512,KEM,1.0,1024,0.1958,0.0508,0.0295,768,32,736,0.2761,True,4924,2025-09-09T14:01:11.100272+00:00,128,1,
ML-KEM-512,KEM,1.0,1024,0.134,0.0564,0.0279,768,32,736,0.2183,True,4925,2025-09-09T14:01:11.201271+00:00,128,1,
ML-KEM-512,KEM,1.0,1024,0.1618,0.0621,0.0764,768,32,736,0.3003,True,4926,2025-09-09T14:01:11.302589+00:00,128,1,
ML-KEM-512,KEM,1.0,1024,0.1505,0.0647,0.0334,768,32,736,0.2485,True,4927,2025-09-09T14:01:11.404026+00:00,128,1,
ML-KEM-512,KEM,1.0,1024,0.1364,0.0607,0.0291,768,32,736,0.2262,True,4928,2025-09-09T14:01:11.505132+00:00,128,1,
ML-KEM-512,KEM,1.0,1024,0.1746,0.0605,0.0324,768,32,736,0.2675,True,4929,2025-09-09T14:01:11.606063+00:00,128,1,
ML-KEM-512,KEM,1.0,1024,0.6213,0.2189,0.042,768,32,736,0.8823,True,4930,2025-09-09T14:01:11.707863+00:00,128,1,
ML-KEM-512,KEM,1.0,1024,0.1714,0.0604,0.0291,768,32,736,0.2609,True,4931,2025-09-09T14:01:11.809354+00:00,128,1,
ML-KEM-512,KEM,1.0,1024,0.2062,0.0639,0.1138,768,32,736,0.384,True,4932,2025-09-09T14:01:11.910658+00:00,128,1,
ML-KEM-512,KEM,1.0,1024,0.196,0.0681,0.0342,768,32,736,0.2984,True,4933,2025-09-09T14:01:12.011764+00:00,128,1,
ML-KEM-512,KEM,1.0,1024,0.2731,0.0715,0.0308,768,32,736,0.3754,True,4934,2025-09-09T14:01:12.112939+00:00,128,1,
ML-KEM-512,KEM,1.0,1024,0.1366,0.0534,0.0303,768,32,736,0.2203,True,4935,2025-09-09T14:01:12.214106+00:00,128,1,
ML-KEM-512,KEM,1.0,1024,0.1568,0.0665,0.0365,768,32,736,0.2599,True,4936,2025-09-09T14:01:12.315271+00:00,128,1,
ML-KEM-512,KEM,1.0,1024,0.1754,0.055,0.0293,768,32,736,0.2596,True,4937,2025-09-09T14:01:12.416390+00:00,128,1,
ML-KEM-512,KEM,1.0,1024,0.1226,0.0551,0.0381,768,32,736,0.2158,True,4938,2025-09-09T14:01:12.517458+00:00,128,1,
ML-KEM-512,KEM,1.0,1024,0.1635,0.0603,0.0286,768,32,736,0.2524,True,4939,2025-09-09T14:01:12.618546+00:00,128,1,
ML-KEM-512,KEM,1.0,1024,0.194,0.1208,0.0494,768,32,736,0.3642,True,4940,2025-09-09T14:01:12.719748+00:00,128,1,
ML-KEM-512,KEM,1.0,1024,0.1332,0.0676,0.0295,768,32,736,0.2303,True,4941,2025-09-09T14:01:12.820965+00:00,128,1,
ML-KEM-512,KEM,1.0,1024,0.1766,0.0631,0.0341,768,32,736,0.2737,True,4942,2025-09-09T14:01:12.922393+00:00,128,1,
ML-KEM-512,KEM,1.0,1024,0.3811,0.0508,0.0309,768,32,736,0.4628,True,4943,2025-09-09T14:01:13.023867+00:00,128,1,
ML-KEM-512,KEM,1.0,1024,0.1361,0.0679,0.0335,768,32,736,0.2376,True,4944,2025-09-09T14:01:13.124927+00:00,128,1,
ML-KEM-512,KEM,1.0,1024,0.141,0.0618,0.0374,768,32,736,0.2402,True,4945,2025-09-09T14:01:13.226049+00:00,128,1,
ML-KEM-512,KEM,1.0,1024,0.1657,0.0615,0.0329,768,32,736,0.2601,True,4946,2025-09-09T14:01:13.327231+00:00,128,1,
ML-KEM-512,KEM,1.0,1024,0.1261,0.0576,0.0301,768,32,736,0.2137,True,4947,2025-09-09T14:01:13.428334+00:00,128,1,
ML-KEM-512,KEM,1.0,1024,0.1198,0.0507,0.0286,768,32,736,0.1992,True,4948,2025-09-09T14:01:13.529519+00:00,128,1,
ML-KEM-512,KEM,1.0,1024,0.1334,0.07,0.0302,768,32,736,0.2336,True,4949,2025-09-09T14:01:13.630478+00:00,128,1,
ML-KEM-512,KEM,1.0,1024,0.1336,0.059,0.0635,768,32,736,0.2561,True,4950,2025-09-09T14:01:13.731510+00:00,128,1,
ML-KEM-512,KEM,2.0,2048,0.133,0.0536,0.0295,768,32,736,0.2161,True,4951,2025-09-09T14:01:13.832997+00:00,128,1,
ML-KEM-512,KEM,2.0,2048,0.1474,0.0634,0.0799,768,32,736,0.2908,True,4952,2025-09-09T14:01:13.934597+00:00,128,1,
ML-KEM-512,KEM,2.0,2048,0.1577,0.0527,0.0288,768,32,736,0.2392,True,4953,2025-09-09T14:01:14.035804+00:00,128,1,
ML-KEM-512,KEM,2.0,2048,0.1339,0.0617,0.0288,768,32,736,0.2243,True,4954,2025-09-09T14:01:14.137199+00:00,128,1,
ML-KEM-512,KEM,2.0,2048,0.1108,0.0753,0.03,768,32,736,0.2161,True,4955,2025-09-09T14:01:14.238490+00:00,128,1,
ML-KEM-512,KEM,2.0,2048,0.1327,0.0655,0.0359,768,32,736,0.2342,True,4956,2025-09-09T14:01:14.339974+00:00,128,1,
ML-KEM-512,KEM,2.0,2048,0.1586,0.0675,0.0297,768,32,736,0.2558,True,4957,2025-09-09T14:01:14.441329+00:00,128,1,
ML-KEM-512,KEM,2.0,2048,3.5499,0.0947,0.0258,768,32,736,3.6703,True,4958,2025-09-09T14:01:14.546883+00:00,128,1,
ML-KEM-512,KEM,2.0,2048,0.1331,0.0523,0.1291,768,32,736,0.3145,True,4959,2025-09-09T14:01:14.648377+00:00,128,1,
ML-KEM-512,KEM,2.0,2048,0.155,0.0657,0.0695,768,32,736,0.2902,True,4960,2025-09-09T14:01:14.754590+00:00,128,1,
ML-KEM-512,KEM,2.0,2048,0.1112,0.0524,0.0281,768,32,736,0.1917,True,4961,2025-09-09T14:01:14.855990+00:00,128,1,
ML-KEM-512,KEM,2.0,2048,0.3258,0.0756,0.0338,768,32,736,0.4353,True,4962,2025-09-09T14:01:14.957304+00:00,128,1,
ML-KEM-512,KEM,2.0,2048,0.1394,0.1287,0.031,768,32,736,0.2991,True,4963,2025-09-09T14:01:15.058669+00:00,128,1,
ML-KEM-512,KEM,2.0,2048,0.1173,0.0527,0.0286,768,32,736,0.1985,True,4964,2025-09-09T14:01:15.160012+00:00,128,1,
ML-KEM-512,KEM,2.0,2048,0.1436,0.06,0.0333,768,32,736,0.2368,True,4965,2025-09-09T14:01:15.261246+00:00,128,1,
ML-KEM-512,KEM,2.0,2048,0.1605,0.0552,0.0285,768,32,736,0.2442,True,4966,2025-09-09T14:01:15.362699+00:00,128,1,
ML-KEM-512,KEM,2.0,2048,0.1192,0.0589,0.0383,768,32,736,0.2164,True,4967,2025-09-09T14:01:15.463970+00:00,128,1,
ML-KEM-512,KEM,2.0,2048,0.143,0.0692,0.0331,768,32,736,0.2453,True,4968,2025-09-09T14:01:15.565109+00:00,128,1,
ML-KEM-512,KEM,2.0,2048,0.1709,0.1756,0.0411,768,32,736,0.3876,True,4969,2025-09-09T14:01:15.666661+00:00,128,1,
ML-KEM-512,KEM,2.0,2048,0.1386,0.0595,0.0312,768,32,736,0.2293,True,4970,2025-09-09T14:01:15.767955+00:00,128,1,
ML-KEM-512,KEM,2.0,2048,0.119,0.0589,0.06,768,32,736,0.2379,True,4971,2025-09-09T14:01:15.883527+00:00,128,1,
ML-KEM-512,KEM,2.0,2048,0.1294,0.0523,0.0285,768,32,736,0.2102,True,4972,2025-09-09T14:01:15.984877+00:00,128,1,
ML-KEM-512,KEM,2.0,2048,0.1157,0.0532,0.0282,768,32,736,0.197,True,4973,2025-09-09T14:01:16.086034+00:00,128,1,
ML-KEM-512,KEM,2.0,2048,0.1855,0.0587,0.0292,768,32,736,0.2734,True,4974,2025-09-09T14:01:16.187635+00:00,128,1,
ML-KEM-512,KEM,2.0,2048,0.1245,0.0559,0.0284,768,32,736,0.2088,True,4975,2025-09-09T14:01:16.289161+00:00,128,1,
ML-KEM-512,KEM,2.0,2048,0.1438,0.0586,0.0552,768,32,736,0.2576,True,4976,2025-09-09T14:01:16.390359+00:00,128,1,
ML-KEM-512,KEM,2.0,2048,0.1402,0.0652,0.0355,768,32,736,0.2409,True,4977,2025-09-09T14:01:16.491788+00:00,128,1,
ML-KEM-512,KEM,2.0,2048,0.1466,0.0596,0.0318,768,32,736,0.238,True,4978,2025-09-09T14:01:16.593121+00:00,128,1,
ML-KEM-512,KEM,2.0,2048,0.1745,0.0633,0.0292,768,32,736,0.2669,True,4979,2025-09-09T14:01:16.694710+00:00,128,1,
ML-KEM-512,KEM,2.0,2048,0.1403,0.1112,0.0439,768,32,736,0.2953,True,4980,2025-09-09T14:01:16.800843+00:00,128,1,
ML-KEM-512,KEM,2.0,2048,0.1306,0.0563,0.0319,768,32,736,0.2188,True,4981,2025-09-09T14:01:16.902009+00:00,128,1,
ML-KEM-512,KEM,2.0,2048,0.1445,0.0665,0.0323,768,32,736,0.2433,True,4982,2025-09-09T14:01:17.003347+00:00,128,1,
ML-KEM-512,KEM,2.0,2048,0.1365,0.0588,0.0336,768,32,736,0.2289,True,4983,2025-09-09T14:01:17.105188+00:00,128,1,
ML-KEM-512,KEM,2.0,2048,0.1214,0.0652,0.0783,768,32,736,0.2649,True,4984,2025-09-09T14:01:17.206603+00:00,128,1,
ML-KEM-512,KEM,2.0,2048,0.1754,0.0847,0.0311,768,32,736,0.2912,True,4985,2025-09-09T14:01:17.308260+00:00,128,1,
ML-KEM-512,KEM,2.0,2048,0.1185,0.0602,0.0481,768,32,736,0.2268,True,4986,2025-09-09T14:01:17.410223+00:00,128,1,
ML-KEM-512,KEM,2.0,2048,0.1361,0.059,0.0321,768,32,736,0.2272,True,4987,2025-09-09T14:01:17.511359+00:00,128,1,
ML-KEM-512,KEM,2.0,2048,0.1443,0.09,0.0395,768,32,736,0.2738,True,4988,2025-09-09T14:01:17.612659+00:00,128,1,
ML-KEM-512,KEM,2.0,2048,0.1246,0.0544,0.0286,768,32,736,0.2076,True,4989,2025-09-09T14:01:17.713909+00:00,128,1,
ML-KEM-512,KEM,2.0,2048,0.142,0.0559,0.0307,768,32,736,0.2286,True,4990,2025-09-09T14:01:17.820173+00:00,128,1,
ML-KEM-512,KEM,2.0,2048,0.1813,0.0581,0.0312,768,32,736,0.2706,True,4991,2025-09-09T14:01:17.922428+00:00,128,1,
ML-KEM-512,KEM,2.0,2048,0.1444,0.0621,0.03,768,32,736,0.2365,True,4992,2025-09-09T14:01:18.023936+00:00,128,1,
ML-KEM-512,KEM,2.0,2048,0.5912,0.0842,0.1871,768,32,736,0.8624,True,4993,2025-09-09T14:01:18.128730+00:00,128,1,
ML-KEM-512,KEM,2.0,2048,0.1502,0.244,0.0854,768,32,736,0.4796,True,4994,2025-09-09T14:01:18.230598+00:00,128,1,
ML-KEM-512,KEM,2.0,2048,0.1422,0.0614,0.0343,768,32,736,0.2379,True,4995,2025-09-09T14:01:18.332045+00:00,128,1,
ML-KEM-512,KEM,2.0,2048,0.2005,0.0645,0.0352,768,32,736,0.3003,True,4996,2025-09-09T14:01:18.435740+00:00,128,1,
ML-KEM-512,KEM,2.0,2048,0.1347,0.0736,0.0405,768,32,736,0.2489,True,4997,2025-09-09T14:01:18.537030+00:00,128,1,
ML-KEM-512,KEM,2.0,2048,0.8367,0.0676,0.0301,768,32,736,0.9344,True,4998,2025-09-09T14:01:18.639359+00:00,128,1,
ML-KEM-512,KEM,2.0,2048,0.1513,0.0693,0.0315,768,32,736,0.2521,True,4999,2025-09-09T14:01:18.741042+00:00,128,1,
ML-KEM-512,KEM,2.0,2048,0.1535,0.067,0.0297,768,32,736,0.2502,True,5000,2025-09-09T14:01:18.848617+00:00,128,1,
ML-KEM-512,KEM,5.0,5120,0.1682,0.0569,0.0291,768,32,736,0.2542,True,5001,2025-09-09T14:01:18.950447+00:00,128,1,
ML-KEM-512,KEM,5.0,5120,0.1446,0.061,0.0294,768,32,736,0.235,True,5002,2025-09-09T14:01:19.052887+00:00,128,1,
ML-KEM-512,KEM,5.0,5120,0.1398,0.0514,0.0282,768,32,736,0.2194,True,5003,2025-09-09T14:01:19.155093+00:00,128,1,
ML-KEM-512,KEM,5.0,5120,0.1458,0.0589,0.0286,768,32,736,0.2332,True,5004,2025-09-09T14:01:19.257150+00:00,128,1,
ML-KEM-512,KEM,5.0,5120,0.173,0.0605,0.0292,768,32,736,0.2627,True,5005,2025-09-09T14:01:19.360308+00:00,128,1,
ML-KEM-512,KEM,5.0,5120,0.1503,0.0553,0.0318,768,32,736,0.2374,True,5006,2025-09-09T14:01:19.462914+00:00,128,1,
ML-KEM-512,KEM,5.0,5120,0.1439,0.285,0.0446,768,32,736,0.4735,True,5007,2025-09-09T14:01:19.565304+00:00,128,1,
ML-KEM-512,KEM,5.0,5120,0.1303,0.061,0.0357,768,32,736,0.2271,True,5008,2025-09-09T14:01:19.667800+00:00,128,1,
ML-KEM-512,KEM,5.0,5120,0.1412,0.0617,0.0393,768,32,736,0.2423,True,5009,2025-09-09T14:01:19.769991+00:00,128,1,
ML-KEM-512,KEM,5.0,5120,0.1651,0.0548,0.0314,768,32,736,0.2513,True,5010,2025-09-09T14:01:19.880305+00:00,128,1,
ML-KEM-512,KEM,5.0,5120,0.1244,0.1167,0.0409,768,32,736,0.2819,True,5011,2025-09-09T14:01:19.982643+00:00,128,1,
ML-KEM-512,KEM,5.0,5120,0.1975,0.0616,0.033,768,32,736,0.2921,True,5012,2025-09-09T14:01:20.084623+00:00,128,1,
ML-KEM-512,KEM,5.0,5120,0.2429,0.0673,0.0358,768,32,736,0.346,True,5013,2025-09-09T14:01:20.186841+00:00,128,1,
ML-KEM-512,KEM,5.0,5120,0.1493,0.0623,0.0523,768,32,736,0.2638,True,5014,2025-09-09T14:01:20.289169+00:00,128,1,
ML-KEM-512,KEM,5.0,5120,0.1541,0.0851,0.0392,768,32,736,0.2784,True,5015,2025-09-09T14:01:20.391822+00:00,128,1,
ML-KEM-512,KEM,5.0,5120,0.1627,0.0678,0.0362,768,32,736,0.2667,True,5016,2025-09-09T14:01:20.494937+00:00,128,1,
ML-KEM-512,KEM,5.0,5120,0.1449,0.0606,0.0302,768,32,736,0.2357,True,5017,2025-09-09T14:01:20.598105+00:00,128,1,
ML-KEM-512,KEM,5.0,5120,0.1477,0.0581,0.0326,768,32,736,0.2385,True,5018,2025-09-09T14:01:20.702977+00:00,128,1,
ML-KEM-512,KEM,5.0,5120,0.153,0.0623,0.0361,768,32,736,0.2513,True,5019,2025-09-09T14:01:20.805141+00:00,128,1,
ML-KEM-512,KEM,5.0,5120,0.1609,0.0578,0.0373,768,32,736,0.2561,True,5020,2025-09-09T14:01:20.906987+00:00,128,1,
ML-KEM-512,KEM,5.0,5120,0.153,0.0642,0.0365,768,32,736,0.2536,True,5021,2025-09-09T14:01:21.009450+00:00,128,1,
ML-KEM-512,KEM,5.0,5120,0.1345,0.0591,0.0331,768,32,736,0.2266,True,5022,2025-09-09T14:01:21.111826+00:00,128,1,
ML-KEM-512,KEM,5.0,5120,0.1355,0.0541,0.0283,768,32,736,0.2179,True,5023,2025-09-09T14:01:21.213931+00:00,128,1,
ML-KEM-512,KEM,5.0,5120,0.3181,0.0862,0.0372,768,32,736,0.4415,True,5024,2025-09-09T14:01:21.317149+00:00,128,1,
ML-KEM-512,KEM,5.0,5120,0.1708,0.0586,0.0308,768,32,736,0.2603,True,5025,2025-09-09T14:01:21.419211+00:00,128,1,
ML-KEM-512,KEM,5.0,5120,0.1529,0.0521,0.0312,768,32,736,0.2362,True,5026,2025-09-09T14:01:21.521019+00:00,128,1,
ML-KEM-512,KEM,5.0,5120,0.4423,0.0795,0.0372,768,32,736,0.5589,True,5027,2025-09-09T14:01:21.623903+00:00,128,1,
ML-KEM-512,KEM,5.0,5120,0.4036,0.2653,0.1387,768,32,736,0.8076,True,5028,2025-09-09T14:01:21.726937+00:00,128,1,
ML-KEM-512,KEM,5.0,5120,1.6755,0.0989,0.0332,768,32,736,1.8076,True,5029,2025-09-09T14:01:21.832089+00:00,128,1,
ML-KEM-512,KEM,5.0,5120,0.1579,0.3891,0.1156,768,32,736,0.6626,True,5030,2025-09-09T14:01:21.934641+00:00,128,1,
ML-KEM-512,KEM,5.0,5120,0.1524,0.0587,0.0501,768,32,736,0.2611,True,5031,2025-09-09T14:01:22.036735+00:00,128,1,
ML-KEM-512,KEM,5.0,5120,0.1531,0.0591,0.0274,768,32,736,0.2396,True,5032,2025-09-09T14:01:22.141046+00:00,128,1,
ML-KEM-512,KEM,5.0,5120,0.1472,0.0575,0.0821,768,32,736,0.2867,True,5033,2025-09-09T14:01:22.243528+00:00,128,1,
ML-KEM-512,KEM,5.0,5120,0.1549,0.0673,0.0313,768,32,736,0.2535,True,5034,2025-09-09T14:01:22.346471+00:00,128,1,
ML-KEM-512,KEM,5.0,5120,0.1588,0.1245,0.0348,768,32,736,0.3181,True,5035,2025-09-09T14:01:22.449032+00:00,128,1,
ML-KEM-512,KEM,5.0,5120,0.1487,0.0596,0.0296,768,32,736,0.2379,True,5036,2025-09-09T14:01:22.550982+00:00,128,1,
ML-KEM-512,KEM,5.0,5120,0.1451,0.0618,0.0337,768,32,736,0.2406,True,5037,2025-09-09T14:01:22.656471+00:00,128,1,
ML-KEM-512,KEM,5.0,5120,0.1474,0.0527,0.0291,768,32,736,0.2292,True,5038,2025-09-09T14:01:22.761925+00:00,128,1,
ML-KEM-512,KEM,5.0,5120,0.1538,0.0694,0.0321,768,32,736,0.2553,True,5039,2025-09-09T14:01:22.886945+00:00,128,1,
ML-KEM-512,KEM,5.0,5120,0.1532,0.0592,0.0318,768,32,736,0.2443,True,5040,2025-09-09T14:01:22.996151+00:00,128,1,
ML-KEM-512,KEM,5.0,5120,0.147,0.0605,0.0299,768,32,736,0.2373,True,5041,2025-09-09T14:01:23.103918+00:00,128,1,
ML-KEM-512,KEM,5.0,5120,0.167,0.0524,0.0295,768,32,736,0.2488,True,5042,2025-09-09T14:01:23.205778+00:00,128,1,
ML-KEM-512,KEM,5.0,5120,0.1381,0.0559,0.0307,768,32,736,0.2246,True,5043,2025-09-09T14:01:23.320540+00:00,128,1,
ML-KEM-512,KEM,5.0,5120,0.1483,0.3512,0.033,768,32,736,0.5325,True,5044,2025-09-09T14:01:23.436602+00:00,128,1,
ML-KEM-512,KEM,5.0,5120,0.1602,0.1142,0.0366,768,32,736,0.311,True,5045,2025-09-09T14:01:23.540432+00:00,128,1,
ML-KEM-512,KEM,5.0,5120,0.1554,0.0755,0.0361,768,32,736,0.267,True,5046,2025-09-09T14:01:23.642549+00:00,128,1,
ML-KEM-512,KEM,5.0,5120,0.1781,0.0715,0.0363,768,32,736,0.2859,True,5047,2025-09-09T14:01:23.744885+00:00,128,1,
ML-KEM-512,KEM,5.0,5120,0.174,0.0551,0.0371,768,32,736,0.2663,True,5048,2025-09-09T14:01:23.850720+00:00,128,1,
ML-KEM-512,KEM,5.0,5120,0.165,0.0658,0.0331,768,32,736,0.2639,True,5049,2025-09-09T14:01:23.960638+00:00,128,1,
ML-KEM-512,KEM,5.0,5120,0.5426,0.1171,0.0376,768,32,736,0.6973,True,5050,2025-09-09T14:01:24.064932+00:00,128,1,
ML-KEM-512,KEM,10.0,10240,0.1664,0.0636,0.03,768,32,736,0.26,True,5051,2025-09-09T14:01:24.169597+00:00,128,1,
ML-KEM-512,KEM,10.0,10240,0.1536,0.0541,0.0267,768,32,736,0.2344,True,5052,2025-09-09T14:01:24.279081+00:00,128,1,
ML-KEM-512,KEM,10.0,10240,0.2182,0.0626,0.0315,768,32,736,0.3122,True,5053,2025-09-09T14:01:24.382776+00:00,128,1,
ML-KEM-512,KEM,10.0,10240,0.1679,0.0659,0.0342,768,32,736,0.2679,True,5054,2025-09-09T14:01:24.486405+00:00,128,1,
ML-KEM-512,KEM,10.0,10240,0.1655,0.0549,0.0349,768,32,736,0.2553,True,5055,2025-09-09T14:01:24.590537+00:00,128,1,
ML-KEM-512,KEM,10.0,10240,0.1428,0.0597,0.0953,768,32,736,0.2978,True,5056,2025-09-09T14:01:24.696769+00:00,128,1,
ML-KEM-512,KEM,10.0,10240,0.1652,0.0626,0.034,768,32,736,0.2618,True,5057,2025-09-09T14:01:24.800657+00:00,128,1,
ML-KEM-512,KEM,10.0,10240,0.3467,0.0866,0.0379,768,32,736,0.4712,True,5058,2025-09-09T14:01:24.904118+00:00,128,1,
ML-KEM-512,KEM,10.0,10240,0.2138,0.0544,0.028,768,32,736,0.2962,True,5059,2025-09-09T14:01:25.008287+00:00,128,1,
ML-KEM-512,KEM,10.0,10240,0.1526,0.0611,0.0345,768,32,736,0.2482,True,5060,2025-09-09T14:01:25.112982+00:00,128,1,
ML-KEM-512,KEM,10.0,10240,0.1585,0.0584,0.029,768,32,736,0.2459,True,5061,2025-09-09T14:01:25.222849+00:00,128,1,
ML-KEM-512,KEM,10.0,10240,0.1636,0.0802,0.0342,768,32,736,0.2779,True,5062,2025-09-09T14:01:25.326628+00:00,128,1,
ML-KEM-512,KEM,10.0,10240,0.1532,0.0591,0.0299,768,32,736,0.2422,True,5063,2025-09-09T14:01:25.430906+00:00,128,1,
ML-KEM-512,KEM,10.0,10240,0.1481,0.0497,0.0279,768,32,736,0.2258,True,5064,2025-09-09T14:01:25.534069+00:00,128,1,
ML-KEM-512,KEM,10.0,10240,0.1907,0.062,0.0334,768,32,736,0.2861,True,5065,2025-09-09T14:01:25.637445+00:00,128,1,
ML-KEM-512,KEM,10.0,10240,0.1431,0.0503,0.026,768,32,736,0.2194,True,5066,2025-09-09T14:01:25.743888+00:00,128,1,
ML-KEM-512,KEM,10.0,10240,0.1653,0.0582,0.0323,768,32,736,0.2558,True,5067,2025-09-09T14:01:25.847103+00:00,128,1,
ML-KEM-512,KEM,10.0,10240,0.5624,0.1475,0.0351,768,32,736,0.7449,True,5068,2025-09-09T14:01:25.966579+00:00,128,1,
ML-KEM-512,KEM,10.0,10240,0.1633,0.0705,0.0296,768,32,736,0.2634,True,5069,2025-09-09T14:01:26.072170+00:00,128,1,
ML-KEM-512,KEM,10.0,10240,0.1695,0.0534,0.0329,768,32,736,0.2559,True,5070,2025-09-09T14:01:26.189519+00:00,128,1,
ML-KEM-512,KEM,10.0,10240,0.2607,0.1678,0.0415,768,32,736,0.47,True,5071,2025-09-09T14:01:26.303154+00:00,128,1,
ML-KEM-512,KEM,10.0,10240,0.1675,0.0583,0.0314,768,32,736,0.2572,True,5072,2025-09-09T14:01:26.407388+00:00,128,1,
ML-KEM-512,KEM,10.0,10240,0.1564,0.0632,0.037,768,32,736,0.2567,True,5073,2025-09-09T14:01:26.514414+00:00,128,1,
ML-KEM-512,KEM,10.0,10240,0.179,0.0564,0.0327,768,32,736,0.268,True,5074,2025-09-09T14:01:26.618907+00:00,128,1,
ML-KEM-512,KEM,10.0,10240,0.1577,0.0623,0.0285,768,32,736,0.2485,True,5075,2025-09-09T14:01:26.721983+00:00,128,1,
ML-KEM-512,KEM,10.0,10240,0.2423,0.0575,0.0293,768,32,736,0.3291,True,5076,2025-09-09T14:01:26.828797+00:00,128,1,
ML-KEM-512,KEM,10.0,10240,0.1777,0.0567,0.0368,768,32,736,0.2711,True,5077,2025-09-09T14:01:26.945753+00:00,128,1,
ML-KEM-512,KEM,10.0,10240,0.3063,0.06,0.0276,768,32,736,0.3939,True,5078,2025-09-09T14:01:27.056701+00:00,128,1,
ML-KEM-512,KEM,10.0,10240,0.1785,0.0644,0.0352,768,32,736,0.2782,True,5079,2025-09-09T14:01:27.163058+00:00,128,1,
ML-KEM-512,KEM,10.0,10240,4.3929,0.0966,0.033,768,32,736,4.5224,True,5080,2025-09-09T14:01:27.276017+00:00,128,1,
ML-KEM-512,KEM,10.0,10240,0.168,0.054,0.0311,768,32,736,0.2531,True,5081,2025-09-09T14:01:27.378935+00:00,128,1,
ML-KEM-512,KEM,10.0,10240,0.2504,0.0797,0.0318,768,32,736,0.3619,True,5082,2025-09-09T14:01:27.491739+00:00,128,1,
ML-KEM-512,KEM,10.0,10240,0.1553,0.064,0.0283,768,32,736,0.2476,True,5083,2025-09-09T14:01:27.610493+00:00,128,1,
ML-KEM-512,KEM,10.0,10240,0.1674,0.06,0.032,768,32,736,0.2595,True,5084,2025-09-09T14:01:27.720328+00:00,128,1,
ML-KEM-512,KEM,10.0,10240,0.1566,0.0601,0.0316,768,32,736,0.2483,True,5085,2025-09-09T14:01:27.824088+00:00,128,1,
ML-KEM-512,KEM,10.0,10240,0.1798,0.0531,0.0294,768,32,736,0.2623,True,5086,2025-09-09T14:01:27.927577+00:00,128,1,
ML-KEM-512,KEM,10.0,10240,0.1759,0.0642,0.0339,768,32,736,0.274,True,5087,2025-09-09T14:01:28.034322+00:00,128,1,
ML-KEM-512,KEM,10.0,10240,0.1503,0.0515,0.1563,768,32,736,0.3581,True,5088,2025-09-09T14:01:28.140703+00:00,128,1,
ML-KEM-512,KEM,10.0,10240,0.1624,0.0504,0.0541,768,32,736,0.2669,True,5089,2025-09-09T14:01:28.246915+00:00,128,1,
ML-KEM-512,KEM,10.0,10240,3.2641,0.1916,0.1005,768,32,736,3.5562,True,5090,2025-09-09T14:01:28.373461+00:00,128,1,
ML-KEM-512,KEM,10.0,10240,0.1644,0.0603,0.0327,768,32,736,0.2574,True,5091,2025-09-09T14:01:28.477114+00:00,128,1,
ML-KEM-512,KEM,10.0,10240,0.168,0.0571,0.0272,768,32,736,0.2523,True,5092,2025-09-09T14:01:28.581024+00:00,128,1,
ML-KEM-512,KEM,10.0,10240,0.1636,0.0624,0.0332,768,32,736,0.2592,True,5093,2025-09-09T14:01:28.686223+00:00,128,1,
ML-KEM-512,KEM,10.0,10240,0.1544,0.0568,0.0281,768,32,736,0.2393,True,5094,2025-09-09T14:01:28.790203+00:00,128,1,
ML-KEM-512,KEM,10.0,10240,0.1576,0.0605,0.03,768,32,736,0.248,True,5095,2025-09-09T14:01:28.893397+00:00,128,1,
ML-KEM-512,KEM,10.0,10240,0.3885,0.1173,0.0333,768,32,736,0.5391,True,5096,2025-09-09T14:01:28.998688+00:00,128,1,
ML-KEM-512,KEM,10.0,10240,0.3315,0.377,0.046,768,32,736,0.7545,True,5097,2025-09-09T14:01:29.106193+00:00,128,1,
ML-KEM-512,KEM,10.0,10240,0.15,0.0656,0.0313,768,32,736,0.2469,True,5098,2025-09-09T14:01:29.209200+00:00,128,1,
ML-KEM-512,KEM,10.0,10240,0.1696,0.0576,0.0338,768,32,736,0.261,True,5099,2025-09-09T14:01:29.318947+00:00,128,1,
ML-KEM-512,KEM,10.0,10240,0.1591,0.099,0.0267,768,32,736,0.2848,True,5100,2025-09-09T14:01:29.421884+00:00,128,1,
ML-KEM-768,KEM,0.1,102,9.7095,0.2813,0.167,1088,32,1056,10.1578,True,5101,2025-09-09T14:01:29.588788+00:00,192,2,
ML-KEM-768,KEM,0.1,102,0.2079,0.0809,0.047,1088,32,1056,0.3359,True,5102,2025-09-09T14:01:29.690340+00:00,192,2,
ML-KEM-768,KEM,0.1,102,0.1607,0.16,0.1254,1088,32,1056,0.4461,True,5103,2025-09-09T14:01:29.791745+00:00,192,2,
ML-KEM-768,KEM,0.1,102,0.1451,0.072,0.042,1088,32,1056,0.2591,True,5104,2025-09-09T14:01:29.892890+00:00,192,2,
ML-KEM-768,KEM,0.1,102,0.1834,0.7669,0.2946,1088,32,1056,1.2449,True,5105,2025-09-09T14:01:30.000488+00:00,192,2,
ML-KEM-768,KEM,0.1,102,0.4921,0.1267,0.0932,1088,32,1056,0.712,True,5106,2025-09-09T14:01:30.103555+00:00,192,2,
ML-KEM-768,KEM,0.1,102,0.179,0.0592,0.0416,1088,32,1056,0.2798,True,5107,2025-09-09T14:01:30.207246+00:00,192,2,
ML-KEM-768,KEM,0.1,102,0.163,0.2149,0.0471,1088,32,1056,0.425,True,5108,2025-09-09T14:01:30.308638+00:00,192,2,
ML-KEM-768,KEM,0.1,102,0.1825,0.0826,0.0524,1088,32,1056,0.3176,True,5109,2025-09-09T14:01:30.411161+00:00,192,2,
ML-KEM-768,KEM,0.1,102,0.1532,0.0709,0.0492,1088,32,1056,0.2733,True,5110,2025-09-09T14:01:30.512144+00:00,192,2,
ML-KEM-768,KEM,0.1,102,0.1598,0.0671,0.0466,1088,32,1056,0.2735,True,5111,2025-09-09T14:01:30.613427+00:00,192,2,
ML-KEM-768,KEM,0.1,102,0.1889,0.0714,0.1076,1088,32,1056,0.3679,True,5112,2025-09-09T14:01:30.717572+00:00,192,2,
ML-KEM-768,KEM,0.1,102,0.1775,0.0714,0.047,1088,32,1056,0.2959,True,5113,2025-09-09T14:01:30.818462+00:00,192,2,
ML-KEM-768,KEM,0.1,102,0.1571,0.1093,0.0503,1088,32,1056,0.3166,True,5114,2025-09-09T14:01:30.926684+00:00,192,2,
ML-KEM-768,KEM,0.1,102,0.1608,0.143,0.05,1088,32,1056,0.3538,True,5115,2025-09-09T14:01:31.027630+00:00,192,2,
ML-KEM-768,KEM,0.1,102,0.1493,0.0729,0.0475,1088,32,1056,0.2697,True,5116,2025-09-09T14:01:31.128456+00:00,192,2,
ML-KEM-768,KEM,0.1,102,0.1766,0.0722,0.0437,1088,32,1056,0.2925,True,5117,2025-09-09T14:01:31.229317+00:00,192,2,
ML-KEM-768,KEM,0.1,102,0.1568,0.0643,0.0422,1088,32,1056,0.2633,True,5118,2025-09-09T14:01:31.330085+00:00,192,2,
ML-KEM-768,KEM,0.1,102,0.1509,0.072,0.0508,1088,32,1056,0.2736,True,5119,2025-09-09T14:01:31.430985+00:00,192,2,
ML-KEM-768,KEM,0.1,102,0.154,0.0635,0.0443,1088,32,1056,0.2619,True,5120,2025-09-09T14:01:31.531811+00:00,192,2,
ML-KEM-768,KEM,0.1,102,0.155,0.0886,0.0469,1088,32,1056,0.2905,True,5121,2025-09-09T14:01:31.632748+00:00,192,2,
ML-KEM-768,KEM,0.1,102,0.1546,0.0734,0.0431,1088,32,1056,0.2711,True,5122,2025-09-09T14:01:31.733646+00:00,192,2,
ML-KEM-768,KEM,0.1,102,0.16,0.1061,0.046,1088,32,1056,0.312,True,5123,2025-09-09T14:01:31.834596+00:00,192,2,
ML-KEM-768,KEM,0.1,102,0.1451,0.068,0.047,1088,32,1056,0.2601,True,5124,2025-09-09T14:01:31.935441+00:00,192,2,
ML-KEM-768,KEM,0.1,102,0.6128,0.0985,0.0607,1088,32,1056,0.7721,True,5125,2025-09-09T14:01:32.038593+00:00,192,2,
ML-KEM-768,KEM,0.1,102,7.0357,0.1432,0.053,1088,32,1056,7.2319,True,5126,2025-09-09T14:01:32.151116+00:00,192,2,
ML-KEM-768,KEM,0.1,102,0.169,0.0683,0.2565,1088,32,1056,0.4939,True,5127,2025-09-09T14:01:32.252337+00:00,192,2,
ML-KEM-768,KEM,0.1,102,0.1588,0.0683,0.0423,1088,32,1056,0.2695,True,5128,2025-09-09T14:01:32.353183+00:00,192,2,
ML-KEM-768,KEM,0.1,102,0.1756,0.0749,0.0493,1088,32,1056,0.2999,True,5129,2025-09-09T14:01:32.454057+00:00,192,2,
ML-KEM-768,KEM,0.1,102,0.1615,0.2368,0.0609,1088,32,1056,0.4592,True,5130,2025-09-09T14:01:32.555128+00:00,192,2,
ML-KEM-768,KEM,0.1,102,0.1781,0.0784,0.0436,1088,32,1056,0.3002,True,5131,2025-09-09T14:01:32.657818+00:00,192,2,
ML-KEM-768,KEM,0.1,102,0.1653,0.0656,0.0421,1088,32,1056,0.273,True,5132,2025-09-09T14:01:32.758668+00:00,192,2,
ML-KEM-768,KEM,0.1,102,0.2101,0.0776,0.0515,1088,32,1056,0.3392,True,5133,2025-09-09T14:01:32.859663+00:00,192,2,
ML-KEM-768,KEM,0.1,102,0.1539,0.0721,0.064,1088,32,1056,0.29,True,5134,2025-09-09T14:01:32.960509+00:00,192,2,
ML-KEM-768,KEM,0.1,102,0.158,0.0644,0.045,1088,32,1056,0.2673,True,5135,2025-09-09T14:01:33.061342+00:00,192,2,
ML-KEM-768,KEM,0.1,102,0.1539,0.0733,0.0489,1088,32,1056,0.2761,True,5136,2025-09-09T14:01:33.162179+00:00,192,2,
ML-KEM-768,KEM,0.1,102,0.1521,0.1029,0.0473,1088,32,1056,0.3023,True,5137,2025-09-09T14:01:33.263094+00:00,192,2,
ML-KEM-768,KEM,0.1,102,0.161,0.0903,0.044,1088,32,1056,0.2953,True,5138,2025-09-09T14:01:33.363928+00:00,192,2,
ML-KEM-768,KEM,0.1,102,0.1513,0.0667,0.0432,1088,32,1056,0.2612,True,5139,2025-09-09T14:01:33.464757+00:00,192,2,
ML-KEM-768,KEM,0.1,102,0.1384,0.0742,0.0404,1088,32,1056,0.253,True,5140,2025-09-09T14:01:33.565552+00:00,192,2,
ML-KEM-768,KEM,0.1,102,0.1995,0.0817,0.0507,1088,32,1056,0.3319,True,5141,2025-09-09T14:01:33.666693+00:00,192,2,
ML-KEM-768,KEM,0.1,102,0.156,0.0603,0.0763,1088,32,1056,0.2927,True,5142,2025-09-09T14:01:33.767546+00:00,192,2,
ML-KEM-768,KEM,0.1,102,0.2175,0.0769,0.0406,1088,32,1056,0.335,True,5143,2025-09-09T14:01:33.868438+00:00,192,2,
ML-KEM-768,KEM,0.1,102,0.1929,0.0686,0.0453,1088,32,1056,0.3068,True,5144,2025-09-09T14:01:33.969330+00:00,192,2,
ML-KEM-768,KEM,0.1,102,0.1584,0.0655,0.0428,1088,32,1056,0.2668,True,5145,2025-09-09T14:01:34.070157+00:00,192,2,
ML-KEM-768,KEM,0.1,102,0.147,0.0765,0.049,1088,32,1056,0.2725,True,5146,2025-09-09T14:01:34.171002+00:00,192,2,
ML-KEM-768,KEM,0.1,102,0.1484,0.0682,0.05,1088,32,1056,0.2665,True,5147,2025-09-09T14:01:34.271877+00:00,192,2,
ML-KEM-768,KEM,0.1,102,0.1569,0.073,0.0414,1088,32,1056,0.2713,True,5148,2025-09-09T14:01:34.372726+00:00,192,2,
ML-KEM-768,KEM,0.1,102,0.1545,0.0696,0.0447,1088,32,1056,0.2688,True,5149,2025-09-09T14:01:34.474145+00:00,192,2,
ML-KEM-768,KEM,0.1,102,0.1516,0.072,0.0465,1088,32,1056,0.2702,True,5150,2025-09-09T14:01:34.574995+00:00,192,2,
ML-KEM-768,KEM,0.5,512,0.1548,0.0747,0.0452,1088,32,1056,0.2747,True,5151,2025-09-09T14:01:34.675973+00:00,192,2,
ML-KEM-768,KEM,0.5,512,0.1565,0.089,0.0429,1088,32,1056,0.2883,True,5152,2025-09-09T14:01:34.777267+00:00,192,2,
ML-KEM-768,KEM,0.5,512,0.1495,0.0718,0.0496,1088,32,1056,0.2709,True,5153,2025-09-09T14:01:34.878130+00:00,192,2,
ML-KEM-768,KEM,0.5,512,0.1358,0.055,0.0407,1088,32,1056,0.2315,True,5154,2025-09-09T14:01:34.980553+00:00,192,2,
ML-KEM-768,KEM,0.5,512,0.1217,0.0629,0.0403,1088,32,1056,0.2249,True,5155,2025-09-09T14:01:35.081452+00:00,192,2,
ML-KEM-768,KEM,0.5,512,0.2254,0.5619,0.0981,1088,32,1056,0.8854,True,5156,2025-09-09T14:01:35.182937+00:00,192,2,
ML-KEM-768,KEM,0.5,512,0.1453,0.0749,0.0463,1088,32,1056,0.2666,True,5157,2025-09-09T14:01:35.283934+00:00,192,2,
ML-KEM-768,KEM,0.5,512,0.1529,0.0716,0.0429,1088,32,1056,0.2674,True,5158,2025-09-09T14:01:35.385086+00:00,192,2,
ML-KEM-768,KEM,0.5,512,0.1529,0.0925,0.0437,1088,32,1056,0.2891,True,5159,2025-09-09T14:01:35.486066+00:00,192,2,
ML-KEM-768,KEM,0.5,512,0.1558,0.0737,0.0426,1088,32,1056,0.2721,True,5160,2025-09-09T14:01:35.587039+00:00,192,2,
ML-KEM-768,KEM,0.5,512,0.1711,0.0697,0.0433,1088,32,1056,0.2841,True,5161,2025-09-09T14:01:35.693878+00:00,192,2,
ML-KEM-768,KEM,0.5,512,0.1884,0.0761,0.0424,1088,32,1056,0.3068,True,5162,2025-09-09T14:01:35.794938+00:00,192,2,
ML-KEM-768,KEM,0.5,512,0.1561,0.0977,0.0689,1088,32,1056,0.3227,True,5163,2025-09-09T14:01:35.896077+00:00,192,2,
ML-KEM-768,KEM,0.5,512,0.1799,0.0727,0.0426,1088,32,1056,0.2951,True,5164,2025-09-09T14:01:35.998252+00:00,192,2,
ML-KEM-768,KEM,0.5,512,0.1598,0.0657,0.043,1088,32,1056,0.2684,True,5165,2025-09-09T14:01:36.099248+00:00,192,2,
ML-KEM-768,KEM,0.5,512,0.138,0.0714,0.0404,1088,32,1056,0.2498,True,5166,2025-09-09T14:01:36.200207+00:00,192,2,
ML-KEM-768,KEM,0.5,512,0.1945,0.0739,0.0454,1088,32,1056,0.3138,True,5167,2025-09-09T14:01:36.301461+00:00,192,2,
ML-KEM-768,KEM,0.5,512,0.1535,0.0772,0.05,1088,32,1056,0.2806,True,5168,2025-09-09T14:01:36.402454+00:00,192,2,
ML-KEM-768,KEM,0.5,512,0.1491,0.0809,0.0445,1088,32,1056,0.2745,True,5169,2025-09-09T14:01:36.503773+00:00,192,2,
ML-KEM-768,KEM,0.5,512,0.1565,0.0676,0.0477,1088,32,1056,0.2719,True,5170,2025-09-09T14:01:36.604695+00:00,192,2,
ML-KEM-768,KEM,0.5,512,0.162,0.0744,0.0457,1088,32,1056,0.2821,True,5171,2025-09-09T14:01:36.710178+00:00,192,2,
ML-KEM-768,KEM,0.5,512,0.1965,0.0792,0.0441,1088,32,1056,0.3198,True,5172,2025-09-09T14:01:36.811209+00:00,192,2,
ML-KEM-768,KEM,0.5,512,0.1528,0.0806,0.0785,1088,32,1056,0.312,True,5173,2025-09-09T14:01:36.912541+00:00,192,2,
ML-KEM-768,KEM,0.5,512,0.1596,0.0985,0.055,1088,32,1056,0.3131,True,5174,2025-09-09T14:01:37.013560+00:00,192,2,
ML-KEM-768,KEM,0.5,512,0.2699,0.0782,0.0438,1088,32,1056,0.392,True,5175,2025-09-09T14:01:37.115856+00:00,192,2,
ML-KEM-768,KEM,0.5,512,0.1572,0.0774,0.0528,1088,32,1056,0.2874,True,5176,2025-09-09T14:01:37.224103+00:00,192,2,
ML-KEM-768,KEM,0.5,512,0.1527,0.1019,0.0428,1088,32,1056,0.2975,True,5177,2025-09-09T14:01:37.325036+00:00,192,2,
ML-KEM-768,KEM,0.5,512,0.1944,0.0759,0.0488,1088,32,1056,0.3191,True,5178,2025-09-09T14:01:37.426030+00:00,192,2,
ML-KEM-768,KEM,0.5,512,0.1802,0.0725,0.0481,1088,32,1056,0.3007,True,5179,2025-09-09T14:01:37.528400+00:00,192,2,
ML-KEM-768,KEM,0.5,512,0.2274,0.0767,0.0426,1088,32,1056,0.3468,True,5180,2025-09-09T14:01:37.629388+00:00,192,2,
ML-KEM-768,KEM,0.5,512,0.166,0.0739,0.1176,1088,32,1056,0.3575,True,5181,2025-09-09T14:01:37.730614+00:00,192,2,
ML-KEM-768,KEM,0.5,512,0.1652,0.0864,0.0448,1088,32,1056,0.2964,True,5182,2025-09-09T14:01:37.836570+00:00,192,2,
ML-KEM-768,KEM,0.5,512,0.1752,0.0641,0.067,1088,32,1056,0.3063,True,5183,2025-09-09T14:01:37.937574+00:00,192,2,
ML-KEM-768,KEM,0.5,512,0.1857,0.1662,0.055,1088,32,1056,0.4069,True,5184,2025-09-09T14:01:38.038714+00:00,192,2,
ML-KEM-768,KEM,0.5,512,0.1553,0.074,0.0435,1088,32,1056,0.2729,True,5185,2025-09-09T14:01:38.139687+00:00,192,2,
ML-KEM-768,KEM,0.5,512,0.2039,0.0578,0.0394,1088,32,1056,0.301,True,5186,2025-09-09T14:01:38.240660+00:00,192,2,
ML-KEM-768,KEM,0.5,512,0.1421,0.0687,0.0439,1088,32,1056,0.2547,True,5187,2025-09-09T14:01:38.341620+00:00,192,2,
ML-KEM-768,KEM,0.5,512,0.1516,0.1012,0.0529,1088,32,1056,0.3056,True,5188,2025-09-09T14:01:38.442610+00:00,192,2,
ML-KEM-768,KEM,0.5,512,0.1721,0.1236,0.0443,1088,32,1056,0.34,True,5189,2025-09-09T14:01:38.543623+00:00,192,2,
ML-KEM-768,KEM,0.5,512,0.1862,0.0664,0.0435,1088,32,1056,0.296,True,5190,2025-09-09T14:01:38.644618+00:00,192,2,
ML-KEM-768,KEM,0.5,512,0.2116,0.0702,0.0756,1088,32,1056,0.3574,True,5191,2025-09-09T14:01:38.745752+00:00,192,2,
ML-KEM-768,KEM,0.5,512,0.2274,0.0909,0.0461,1088,32,1056,0.3644,True,5192,2025-09-09T14:01:38.846859+00:00,192,2,
ML-KEM-768,KEM,0.5,512,0.1849,0.063,0.0466,1088,32,1056,0.2945,True,5193,2025-09-09T14:01:38.948022+00:00,192,2,
ML-KEM-768,KEM,0.5,512,0.1458,0.0831,0.0435,1088,32,1056,0.2723,True,5194,2025-09-09T14:01:39.049163+00:00,192,2,
ML-KEM-768,KEM,0.5,512,0.1492,0.077,0.0411,1088,32,1056,0.2673,True,5195,2025-09-09T14:01:39.150119+00:00,192,2,
ML-KEM-768,KEM,0.5,512,0.1883,0.0694,0.051,1088,32,1056,0.3087,True,5196,2025-09-09T14:01:39.251899+00:00,192,2,
ML-KEM-768,KEM,0.5,512,0.1527,0.0939,0.0465,1088,32,1056,0.2931,True,5197,2025-09-09T14:01:39.352855+00:00,192,2,
ML-KEM-768,KEM,0.5,512,0.1525,0.1023,0.0462,1088,32,1056,0.301,True,5198,2025-09-09T14:01:39.459989+00:00,192,2,
ML-KEM-768,KEM,0.5,512,0.3056,0.0723,0.0422,1088,32,1056,0.42,True,5199,2025-09-09T14:01:39.561314+00:00,192,2,
ML-KEM-768,KEM,0.5,512,0.1209,0.1149,0.0414,1088,32,1056,0.2772,True,5200,2025-09-09T14:01:39.662608+00:00,192,2,
ML-KEM-768,KEM,1.0,1024,0.1595,0.0651,0.0496,1088,32,1056,0.2742,True,5201,2025-09-09T14:01:39.763717+00:00,192,2,
ML-KEM-768,KEM,1.0,1024,0.1298,0.0829,0.0421,1088,32,1056,0.2548,True,5202,2025-09-09T14:01:39.864958+00:00,192,2,
ML-KEM-768,KEM,1.0,1024,0.1972,0.0739,0.042,1088,32,1056,0.3131,True,5203,2025-09-09T14:01:39.965996+00:00,192,2,
ML-KEM-768,KEM,1.0,1024,0.1775,0.0981,0.0447,1088,32,1056,0.3203,True,5204,2025-09-09T14:01:40.067362+00:00,192,2,
ML-KEM-768,KEM,1.0,1024,0.1932,0.1111,0.0463,1088,32,1056,0.3506,True,5205,2025-09-09T14:01:40.168654+00:00,192,2,
ML-KEM-768,KEM,1.0,1024,0.1866,0.0973,0.043,1088,32,1056,0.3269,True,5206,2025-09-09T14:01:40.269772+00:00,192,2,
ML-KEM-768,KEM,1.0,1024,0.1672,0.08,0.052,1088,32,1056,0.2992,True,5207,2025-09-09T14:01:40.382099+00:00,192,2,
ML-KEM-768,KEM,1.0,1024,0.1814,0.0637,0.0448,1088,32,1056,0.2899,True,5208,2025-09-09T14:01:40.483288+00:00,192,2,
ML-KEM-768,KEM,1.0,1024,0.1667,0.0719,0.0473,1088,32,1056,0.286,True,5209,2025-09-09T14:01:40.586524+00:00,192,2,
ML-KEM-768,KEM,1.0,1024,0.1463,0.0739,0.0492,1088,32,1056,0.2694,True,5210,2025-09-09T14:01:40.689638+00:00,192,2,
ML-KEM-768,KEM,1.0,1024,0.1811,0.0941,0.0428,1088,32,1056,0.3181,True,5211,2025-09-09T14:01:40.790920+00:00,192,2,
ML-KEM-768,KEM,1.0,1024,0.1882,0.0716,0.0432,1088,32,1056,0.3029,True,5212,2025-09-09T14:01:40.892020+00:00,192,2,
ML-KEM-768,KEM,1.0,1024,0.1913,0.0807,0.0547,1088,32,1056,0.3267,True,5213,2025-09-09T14:01:40.993237+00:00,192,2,
ML-KEM-768,KEM,1.0,1024,0.1531,0.0861,0.0411,1088,32,1056,0.2803,True,5214,2025-09-09T14:01:41.094384+00:00,192,2,
ML-KEM-768,KEM,1.0,1024,0.2017,0.0766,0.0497,1088,32,1056,0.3281,True,5215,2025-09-09T14:01:41.195992+00:00,192,2,
ML-KEM-768,KEM,1.0,1024,0.18,0.0658,0.0416,1088,32,1056,0.2873,True,5216,2025-09-09T14:01:41.297529+00:00,192,2,
ML-KEM-768,KEM,1.0,1024,0.1664,0.0676,0.0686,1088,32,1056,0.3025,True,5217,2025-09-09T14:01:41.399486+00:00,192,2,
ML-KEM-768,KEM,1.0,1024,0.1558,0.0655,0.0454,1088,32,1056,0.2666,True,5218,2025-09-09T14:01:41.511297+00:00,192,2,
ML-KEM-768,KEM,1.0,1024,0.2659,0.085,0.1081,1088,32,1056,0.4591,True,5219,2025-09-09T14:01:41.614687+00:00,192,2,
ML-KEM-768,KEM,1.0,1024,0.1745,0.0653,0.0429,1088,32,1056,0.2827,True,5220,2025-09-09T14:01:41.716251+00:00,192,2,
ML-KEM-768,KEM,1.0,1024,0.1971,0.0718,0.0446,1088,32,1056,0.3135,True,5221,2025-09-09T14:01:41.817629+00:00,192,2,
ML-KEM-768,KEM,1.0,1024,0.3903,0.103,0.0495,1088,32,1056,0.5427,True,5222,2025-09-09T14:01:41.920458+00:00,192,2,
ML-KEM-768,KEM,1.0,1024,0.3855,0.2138,0.1794,1088,32,1056,0.7787,True,5223,2025-09-09T14:01:42.022609+00:00,192,2,
ML-KEM-768,KEM,1.0,1024,0.1741,0.0754,0.0493,1088,32,1056,0.2989,True,5224,2025-09-09T14:01:42.124523+00:00,192,2,
ML-KEM-768,KEM,1.0,1024,0.1788,0.0716,0.0437,1088,32,1056,0.2942,True,5225,2025-09-09T14:01:42.225966+00:00,192,2,
ML-KEM-768,KEM,1.0,1024,0.1914,0.0952,0.0603,1088,32,1056,0.3469,True,5226,2025-09-09T14:01:42.327168+00:00,192,2,
ML-KEM-768,KEM,1.0,1024,0.1938,0.0796,0.0517,1088,32,1056,0.3251,True,5227,2025-09-09T14:01:42.428668+00:00,192,2,
ML-KEM-768,KEM,1.0,1024,0.4418,0.08,0.0433,1088,32,1056,0.565,True,5228,2025-09-09T14:01:42.530423+00:00,192,2,
ML-KEM-768,KEM,1.0,1024,0.2362,0.0625,0.0409,1088,32,1056,0.3395,True,5229,2025-09-09T14:01:42.632147+00:00,192,2,
ML-KEM-768,KEM,1.0,1024,0.1715,0.1016,0.0541,1088,32,1056,0.3272,True,5230,2025-09-09T14:01:42.733402+00:00,192,2,
ML-KEM-768,KEM,1.0,1024,1.3232,0.1008,0.0546,1088,32,1056,1.4786,True,5231,2025-09-09T14:01:42.836301+00:00,192,2,
ML-KEM-768,KEM,1.0,1024,0.1473,0.0682,0.0416,1088,32,1056,0.2571,True,5232,2025-09-09T14:01:42.937325+00:00,192,2,
ML-KEM-768,KEM,1.0,1024,0.173,0.0688,0.0458,1088,32,1056,0.2876,True,5233,2025-09-09T14:01:43.038354+00:00,192,2,
ML-KEM-768,KEM,1.0,1024,0.1466,0.0687,0.0433,1088,32,1056,0.2587,True,5234,2025-09-09T14:01:43.139420+00:00,192,2,
ML-KEM-768,KEM,1.0,1024,0.3035,0.0951,0.0511,1088,32,1056,0.4497,True,5235,2025-09-09T14:01:43.240829+00:00,192,2,
ML-KEM-768,KEM,1.0,1024,0.1858,0.0729,0.0451,1088,32,1056,0.3039,True,5236,2025-09-09T14:01:43.342044+00:00,192,2,
ML-KEM-768,KEM,1.0,1024,0.2351,0.1333,0.0576,1088,32,1056,0.426,True,5237,2025-09-09T14:01:43.443604+00:00,192,2,
ML-KEM-768,KEM,1.0,1024,0.1409,0.0594,0.0365,1088,32,1056,0.2368,True,5238,2025-09-09T14:01:43.544666+00:00,192,2,
ML-KEM-768,KEM,1.0,1024,0.174,0.0648,0.0421,1088,32,1056,0.2809,True,5239,2025-09-09T14:01:43.645684+00:00,192,2,
ML-KEM-768,KEM,1.0,1024,0.2136,0.0794,0.0422,1088,32,1056,0.3351,True,5240,2025-09-09T14:01:43.746780+00:00,192,2,
ML-KEM-768,KEM,1.0,1024,0.151,0.0627,0.0421,1088,32,1056,0.2558,True,5241,2025-09-09T14:01:43.847799+00:00,192,2,
ML-KEM-768,KEM,1.0,1024,0.1555,0.0608,0.0558,1088,32,1056,0.2721,True,5242,2025-09-09T14:01:43.949243+00:00,192,2,
ML-KEM-768,KEM,1.0,1024,0.2822,0.0922,0.0453,1088,32,1056,0.4197,True,5243,2025-09-09T14:01:44.051715+00:00,192,2,
ML-KEM-768,KEM,1.0,1024,0.1387,0.0579,0.0374,1088,32,1056,0.234,True,5244,2025-09-09T14:01:44.152844+00:00,192,2,
ML-KEM-768,KEM,1.0,1024,0.4515,0.0884,0.0479,1088,32,1056,0.5878,True,5245,2025-09-09T14:01:44.254147+00:00,192,2,
ML-KEM-768,KEM,1.0,1024,0.1487,0.0752,0.0484,1088,32,1056,0.2723,True,5246,2025-09-09T14:01:44.355350+00:00,192,2,
ML-KEM-768,KEM,1.0,1024,0.156,0.0702,0.0456,1088,32,1056,0.2719,True,5247,2025-09-09T14:01:44.456823+00:00,192,2,
ML-KEM-768,KEM,1.0,1024,0.1507,0.0785,0.0525,1088,32,1056,0.2817,True,5248,2025-09-09T14:01:44.557936+00:00,192,2,
ML-KEM-768,KEM,1.0,1024,0.1421,0.0748,0.042,1088,32,1056,0.2588,True,5249,2025-09-09T14:01:44.659441+00:00,192,2,
ML-KEM-768,KEM,1.0,1024,0.1485,0.0568,0.0429,1088,32,1056,0.2482,True,5250,2025-09-09T14:01:44.764856+00:00,192,2,
ML-KEM-768,KEM,2.0,2048,0.1865,0.0645,0.0453,1088,32,1056,0.2964,True,5251,2025-09-09T14:01:44.869048+00:00,192,2,
ML-KEM-768,KEM,2.0,2048,0.1708,0.07,0.0528,1088,32,1056,0.2936,True,5252,2025-09-09T14:01:44.975269+00:00,192,2,
ML-KEM-768,KEM,2.0,2048,0.1753,0.0779,0.0518,1088,32,1056,0.305,True,5253,2025-09-09T14:01:45.088419+00:00,192,2,
ML-KEM-768,KEM,2.0,2048,0.1643,0.0989,0.0459,1088,32,1056,0.3091,True,5254,2025-09-09T14:01:45.189845+00:00,192,2,
ML-KEM-768,KEM,2.0,2048,0.1555,0.0627,0.044,1088,32,1056,0.2622,True,5255,2025-09-09T14:01:45.291168+00:00,192,2,
ML-KEM-768,KEM,2.0,2048,0.163,0.0628,0.045,1088,32,1056,0.2708,True,5256,2025-09-09T14:01:45.392432+00:00,192,2,
ML-KEM-768,KEM,2.0,2048,0.1528,0.0768,0.0498,1088,32,1056,0.2794,True,5257,2025-09-09T14:01:45.494120+00:00,192,2,
ML-KEM-768,KEM,2.0,2048,0.1604,0.073,0.0422,1088,32,1056,0.2757,True,5258,2025-09-09T14:01:45.604253+00:00,192,2,
ML-KEM-768,KEM,2.0,2048,0.161,0.0718,0.0463,1088,32,1056,0.2791,True,5259,2025-09-09T14:01:45.706896+00:00,192,2,
ML-KEM-768,KEM,2.0,2048,0.1583,0.0982,0.0507,1088,32,1056,0.3073,True,5260,2025-09-09T14:01:45.812919+00:00,192,2,
ML-KEM-768,KEM,2.0,2048,0.2142,0.0819,0.0437,1088,32,1056,0.3398,True,5261,2025-09-09T14:01:45.916544+00:00,192,2,
ML-KEM-768,KEM,2.0,2048,0.1551,0.0657,0.0488,1088,32,1056,0.2696,True,5262,2025-09-09T14:01:46.018024+00:00,192,2,
ML-KEM-768,KEM,2.0,2048,0.1787,0.075,0.0491,1088,32,1056,0.3028,True,5263,2025-09-09T14:01:46.120479+00:00,192,2,
ML-KEM-768,KEM,2.0,2048,0.1711,0.0601,0.046,1088,32,1056,0.2772,True,5264,2025-09-09T14:01:46.224914+00:00,192,2,
ML-KEM-768,KEM,2.0,2048,0.2921,0.0917,0.0434,1088,32,1056,0.4273,True,5265,2025-09-09T14:01:46.326527+00:00,192,2,
ML-KEM-768,KEM,2.0,2048,0.1973,0.0716,0.0793,1088,32,1056,0.3482,True,5266,2025-09-09T14:01:46.428288+00:00,192,2,
ML-KEM-768,KEM,2.0,2048,0.1957,0.0673,0.0537,1088,32,1056,0.3167,True,5267,2025-09-09T14:01:46.529919+00:00,192,2,
ML-KEM-768,KEM,2.0,2048,0.1602,0.0804,0.0654,1088,32,1056,0.3061,True,5268,2025-09-09T14:01:46.631352+00:00,192,2,
ML-KEM-768,KEM,2.0,2048,0.1812,0.0826,0.0739,1088,32,1056,0.3377,True,5269,2025-09-09T14:01:46.732873+00:00,192,2,
ML-KEM-768,KEM,2.0,2048,0.1678,0.0806,0.0508,1088,32,1056,0.2992,True,5270,2025-09-09T14:01:46.834090+00:00,192,2,
ML-KEM-768,KEM,2.0,2048,0.1573,0.108,0.0452,1088,32,1056,0.3105,True,5271,2025-09-09T14:01:46.935705+00:00,192,2,
ML-KEM-768,KEM,2.0,2048,0.1603,0.0685,0.043,1088,32,1056,0.2719,True,5272,2025-09-09T14:01:47.037089+00:00,192,2,
ML-KEM-768,KEM,2.0,2048,0.1573,0.0821,0.0449,1088,32,1056,0.2843,True,5273,2025-09-09T14:01:47.138358+00:00,192,2,
ML-KEM-768,KEM,2.0,2048,0.1527,0.0606,0.0462,1088,32,1056,0.2595,True,5274,2025-09-09T14:01:47.239885+00:00,192,2,
ML-KEM-768,KEM,2.0,2048,0.161,0.0883,0.0536,1088,32,1056,0.303,True,5275,2025-09-09T14:01:47.341151+00:00,192,2,
ML-KEM-768,KEM,2.0,2048,0.1648,0.0757,0.0458,1088,32,1056,0.2862,True,5276,2025-09-09T14:01:47.443427+00:00,192,2,
ML-KEM-768,KEM,2.0,2048,0.1836,0.0656,0.0705,1088,32,1056,0.3197,True,5277,2025-09-09T14:01:47.559533+00:00,192,2,
ML-KEM-768,KEM,2.0,2048,0.1359,0.0596,0.037,1088,32,1056,0.2325,True,5278,2025-09-09T14:01:47.660652+00:00,192,2,
ML-KEM-768,KEM,2.0,2048,0.1791,0.0701,0.0418,1088,32,1056,0.2909,True,5279,2025-09-09T14:01:47.768278+00:00,192,2,
ML-KEM-768,KEM,2.0,2048,0.1628,0.0698,0.0493,1088,32,1056,0.282,True,5280,2025-09-09T14:01:47.873715+00:00,192,2,
ML-KEM-768,KEM,2.0,2048,0.1593,0.0743,0.0811,1088,32,1056,0.3147,True,5281,2025-09-09T14:01:47.975558+00:00,192,2,
ML-KEM-768,KEM,2.0,2048,0.181,0.0704,0.0518,1088,32,1056,0.3033,True,5282,2025-09-09T14:01:48.080649+00:00,192,2,
ML-KEM-768,KEM,2.0,2048,0.1609,0.0612,0.0463,1088,32,1056,0.2685,True,5283,2025-09-09T14:01:48.182266+00:00,192,2,
ML-KEM-768,KEM,2.0,2048,0.2492,0.0925,0.0465,1088,32,1056,0.3881,True,5284,2025-09-09T14:01:48.283672+00:00,192,2,
ML-KEM-768,KEM,2.0,2048,0.1761,0.0727,0.0453,1088,32,1056,0.2941,True,5285,2025-09-09T14:01:48.384872+00:00,192,2,
ML-KEM-768,KEM,2.0,2048,0.159,0.0613,0.0469,1088,32,1056,0.2673,True,5286,2025-09-09T14:01:48.486196+00:00,192,2,
ML-KEM-768,KEM,2.0,2048,0.1536,0.0741,0.0495,1088,32,1056,0.2771,True,5287,2025-09-09T14:01:48.587869+00:00,192,2,
ML-KEM-768,KEM,2.0,2048,0.1545,0.0722,0.0403,1088,32,1056,0.2669,True,5288,2025-09-09T14:01:48.699361+00:00,192,2,
ML-KEM-768,KEM,2.0,2048,0.1527,0.0818,0.0413,1088,32,1056,0.2757,True,5289,2025-09-09T14:01:48.800574+00:00,192,2,
ML-KEM-768,KEM,2.0,2048,0.1696,0.0683,0.043,1088,32,1056,0.2809,True,5290,2025-09-09T14:01:48.916577+00:00,192,2,
ML-KEM-768,KEM,2.0,2048,0.1684,0.0796,0.0425,1088,32,1056,0.2905,True,5291,2025-09-09T14:01:49.017840+00:00,192,2,
ML-KEM-768,KEM,2.0,2048,0.1616,0.0646,0.0433,1088,32,1056,0.2695,True,5292,2025-09-09T14:01:49.119108+00:00,192,2,
ML-KEM-768,KEM,2.0,2048,0.1641,0.0634,0.0418,1088,32,1056,0.2693,True,5293,2025-09-09T14:01:49.222235+00:00,192,2,
ML-KEM-768,KEM,2.0,2048,0.1581,0.0625,0.0407,1088,32,1056,0.2613,True,5294,2025-09-09T14:01:49.323533+00:00,192,2,
ML-KEM-768,KEM,2.0,2048,0.1858,0.0764,0.0457,1088,32,1056,0.3079,True,5295,2025-09-09T14:01:49.424868+00:00,192,2,
ML-KEM-768,KEM,2.0,2048,0.1545,0.0707,0.0493,1088,32,1056,0.2746,True,5296,2025-09-09T14:01:49.526116+00:00,192,2,
ML-KEM-768,KEM,2.0,2048,0.1778,0.0651,0.073,1088,32,1056,0.3158,True,5297,2025-09-09T14:01:49.627517+00:00,192,2,
ML-KEM-768,KEM,2.0,2048,0.1519,0.0716,0.044,1088,32,1056,0.2675,True,5298,2025-09-09T14:01:49.728962+00:00,192,2,
ML-KEM-768,KEM,2.0,2048,0.1561,0.0762,0.0418,1088,32,1056,0.2742,True,5299,2025-09-09T14:01:49.830427+00:00,192,2,
ML-KEM-768,KEM,2.0,2048,0.1797,0.077,4.2594,1088,32,1056,4.5161,True,5300,2025-09-09T14:01:49.941528+00:00,192,2,
ML-KEM-768,KEM,5.0,5120,0.1734,0.0778,0.0459,1088,32,1056,0.2971,True,5301,2025-09-09T14:01:50.046257+00:00,192,2,
ML-KEM-768,KEM,5.0,5120,0.1641,0.0779,0.0482,1088,32,1056,0.2902,True,5302,2025-09-09T14:01:50.148392+00:00,192,2,
ML-KEM-768,KEM,5.0,5120,0.1624,0.0673,0.0404,1088,32,1056,0.2701,True,5303,2025-09-09T14:01:50.250269+00:00,192,2,
ML-KEM-768,KEM,5.0,5120,0.197,0.075,0.0427,1088,32,1056,0.3148,True,5304,2025-09-09T14:01:50.353930+00:00,192,2,
ML-KEM-768,KEM,5.0,5120,0.165,0.0668,0.0426,1088,32,1056,0.2744,True,5305,2025-09-09T14:01:50.456064+00:00,192,2,
ML-KEM-768,KEM,5.0,5120,0.1577,0.0801,0.0479,1088,32,1056,0.2857,True,5306,2025-09-09T14:01:50.558101+00:00,192,2,
ML-KEM-768,KEM,5.0,5120,0.1606,0.0673,0.0404,1088,32,1056,0.2682,True,5307,2025-09-09T14:01:50.659986+00:00,192,2,
ML-KEM-768,KEM,5.0,5120,0.1626,0.0618,0.0933,1088,32,1056,0.3177,True,5308,2025-09-09T14:01:50.762591+00:00,192,2,
ML-KEM-768,KEM,5.0,5120,0.1806,0.075,0.0406,1088,32,1056,0.2961,True,5309,2025-09-09T14:01:50.864553+00:00,192,2,
ML-KEM-768,KEM,5.0,5120,0.1275,0.0618,0.044,1088,32,1056,0.2333,True,5310,2025-09-09T14:01:50.967113+00:00,192,2,
ML-KEM-768,KEM,5.0,5120,0.1438,0.0602,0.0386,1088,32,1056,0.2425,True,5311,2025-09-09T14:01:51.069039+00:00,192,2,
ML-KEM-768,KEM,5.0,5120,0.1598,0.0744,0.0408,1088,32,1056,0.2751,True,5312,2025-09-09T14:01:51.171358+00:00,192,2,
ML-KEM-768,KEM,5.0,5120,0.1541,0.072,0.0613,1088,32,1056,0.2874,True,5313,2025-09-09T14:01:51.273620+00:00,192,2,
ML-KEM-768,KEM,5.0,5120,0.2074,0.0747,0.0425,1088,32,1056,0.3246,True,5314,2025-09-09T14:01:51.375746+00:00,192,2,
ML-KEM-768,KEM,5.0,5120,0.1709,0.0724,0.0476,1088,32,1056,0.2909,True,5315,2025-09-09T14:01:51.478004+00:00,192,2,
ML-KEM-768,KEM,5.0,5120,0.1413,0.0834,0.0464,1088,32,1056,0.271,True,5316,2025-09-09T14:01:51.580303+00:00,192,2,
ML-KEM-768,KEM,5.0,5120,0.131,0.0633,0.0407,1088,32,1056,0.235,True,5317,2025-09-09T14:01:51.682403+00:00,192,2,
ML-KEM-768,KEM,5.0,5120,0.1538,0.0661,0.0716,1088,32,1056,0.2915,True,5318,2025-09-09T14:01:51.784464+00:00,192,2,
ML-KEM-768,KEM,5.0,5120,0.1481,0.0889,0.0846,1088,32,1056,0.3216,True,5319,2025-09-09T14:01:51.886577+00:00,192,2,
ML-KEM-768,KEM,5.0,5120,0.1395,0.0852,0.0484,1088,32,1056,0.2731,True,5320,2025-09-09T14:01:51.988867+00:00,192,2,
ML-KEM-768,KEM,5.0,5120,0.1591,0.0628,0.0628,1088,32,1056,0.2848,True,5321,2025-09-09T14:01:52.091306+00:00,192,2,
ML-KEM-768,KEM,5.0,5120,0.174,0.0622,0.042,1088,32,1056,0.2783,True,5322,2025-09-09T14:01:52.193287+00:00,192,2,
ML-KEM-768,KEM,5.0,5120,0.1743,0.0734,0.0431,1088,32,1056,0.2908,True,5323,2025-09-09T14:01:52.295324+00:00,192,2,
ML-KEM-768,KEM,5.0,5120,0.1851,0.0754,0.0428,1088,32,1056,0.3034,True,5324,2025-09-09T14:01:52.397465+00:00,192,2,
ML-KEM-768,KEM,5.0,5120,0.1612,0.0623,0.0418,1088,32,1056,0.2653,True,5325,2025-09-09T14:01:52.500554+00:00,192,2,
ML-KEM-768,KEM,5.0,5120,0.1607,0.0841,0.0425,1088,32,1056,0.2874,True,5326,2025-09-09T14:01:52.603104+00:00,192,2,
ML-KEM-768,KEM,5.0,5120,0.1257,0.0745,0.0408,1088,32,1056,0.2411,True,5327,2025-09-09T14:01:52.705060+00:00,192,2,
ML-KEM-768,KEM,5.0,5120,0.148,0.0707,0.0982,1088,32,1056,0.3169,True,5328,2025-09-09T14:01:52.807545+00:00,192,2,
ML-KEM-768,KEM,5.0,5120,0.1718,0.0681,0.0413,1088,32,1056,0.2813,True,5329,2025-09-09T14:01:52.909523+00:00,192,2,
ML-KEM-768,KEM,5.0,5120,0.1459,0.0575,0.041,1088,32,1056,0.2444,True,5330,2025-09-09T14:01:53.012444+00:00,192,2,
ML-KEM-768,KEM,5.0,5120,0.1989,0.0596,0.0426,1088,32,1056,0.3011,True,5331,2025-09-09T14:01:53.120524+00:00,192,2,
ML-KEM-768,KEM,5.0,5120,0.1562,0.0559,0.0421,1088,32,1056,0.2543,True,5332,2025-09-09T14:01:53.223007+00:00,192,2,
ML-KEM-768,KEM,5.0,5120,0.1645,0.0628,0.045,1088,32,1056,0.2722,True,5333,2025-09-09T14:01:53.325318+00:00,192,2,
ML-KEM-768,KEM,5.0,5120,0.1719,0.0844,0.044,1088,32,1056,0.3003,True,5334,2025-09-09T14:01:53.427658+00:00,192,2,
ML-KEM-768,KEM,5.0,5120,0.1655,0.0765,0.0477,1088,32,1056,0.2897,True,5335,2025-09-09T14:01:53.530241+00:00,192,2,
ML-KEM-768,KEM,5.0,5120,0.1697,0.08,0.0541,1088,32,1056,0.3038,True,5336,2025-09-09T14:01:53.633438+00:00,192,2,
ML-KEM-768,KEM,5.0,5120,0.1442,0.0687,0.0474,1088,32,1056,0.2602,True,5337,2025-09-09T14:01:53.735927+00:00,192,2,
ML-KEM-768,KEM,5.0,5120,0.1563,0.0678,0.0407,1088,32,1056,0.2648,True,5338,2025-09-09T14:01:53.838122+00:00,192,2,
ML-KEM-768,KEM,5.0,5120,0.1468,0.0687,0.0466,1088,32,1056,0.2621,True,5339,2025-09-09T14:01:53.942432+00:00,192,2,
ML-KEM-768,KEM,5.0,5120,0.1559,0.0708,0.0435,1088,32,1056,0.2702,True,5340,2025-09-09T14:01:54.045148+00:00,192,2,
ML-KEM-768,KEM,5.0,5120,0.183,0.0724,0.05,1088,32,1056,0.3054,True,5341,2025-09-09T14:01:54.147715+00:00,192,2,
ML-KEM-768,KEM,5.0,5120,0.129,0.0693,0.0435,1088,32,1056,0.2418,True,5342,2025-09-09T14:01:54.250285+00:00,192,2,
ML-KEM-768,KEM,5.0,5120,0.1462,0.2113,0.0419,1088,32,1056,0.3994,True,5343,2025-09-09T14:01:54.352593+00:00,192,2,
ML-KEM-768,KEM,5.0,5120,0.1725,0.094,0.0467,1088,32,1056,0.3132,True,5344,2025-09-09T14:01:54.454650+00:00,192,2,
ML-KEM-768,KEM,5.0,5120,0.122,0.0639,0.0396,1088,32,1056,0.2256,True,5345,2025-09-09T14:01:54.557378+00:00,192,2,
ML-KEM-768,KEM,5.0,5120,0.169,0.0678,0.044,1088,32,1056,0.2809,True,5346,2025-09-09T14:01:54.659377+00:00,192,2,
ML-KEM-768,KEM,5.0,5120,0.1543,0.0706,0.0479,1088,32,1056,0.2728,True,5347,2025-09-09T14:01:54.762001+00:00,192,2,
ML-KEM-768,KEM,5.0,5120,0.1237,0.063,0.0565,1088,32,1056,0.2432,True,5348,2025-09-09T14:01:54.864705+00:00,192,2,
ML-KEM-768,KEM,5.0,5120,0.1639,0.0695,0.0483,1088,32,1056,0.2817,True,5349,2025-09-09T14:01:54.966956+00:00,192,2,
ML-KEM-768,KEM,5.0,5120,0.1634,0.0773,0.0528,1088,32,1056,0.2935,True,5350,2025-09-09T14:01:55.069477+00:00,192,2,
ML-KEM-768,KEM,10.0,10240,0.1812,0.0733,0.0459,1088,32,1056,0.3004,True,5351,2025-09-09T14:01:55.173066+00:00,192,2,
ML-KEM-768,KEM,10.0,10240,0.1465,0.0697,0.0492,1088,32,1056,0.2654,True,5352,2025-09-09T14:01:55.276380+00:00,192,2,
ML-KEM-768,KEM,10.0,10240,0.1626,0.0609,0.0424,1088,32,1056,0.2659,True,5353,2025-09-09T14:01:55.379904+00:00,192,2,
ML-KEM-768,KEM,10.0,10240,0.1603,0.0579,0.0398,1088,32,1056,0.2579,True,5354,2025-09-09T14:01:55.483430+00:00,192,2,
ML-KEM-768,KEM,10.0,10240,0.1669,0.1447,0.0517,1088,32,1056,0.3634,True,5355,2025-09-09T14:01:55.586694+00:00,192,2,
ML-KEM-768,KEM,10.0,10240,0.1664,0.0574,0.0431,1088,32,1056,0.2668,True,5356,2025-09-09T14:01:55.689882+00:00,192,2,
ML-KEM-768,KEM,10.0,10240,0.1684,0.0712,0.0438,1088,32,1056,0.2834,True,5357,2025-09-09T14:01:55.793176+00:00,192,2,
ML-KEM-768,KEM,10.0,10240,0.1614,0.09,0.0454,1088,32,1056,0.2968,True,5358,2025-09-09T14:01:55.896943+00:00,192,2,
ML-KEM-768,KEM,10.0,10240,0.1676,0.0722,0.049,1088,32,1056,0.2888,True,5359,2025-09-09T14:01:56.000690+00:00,192,2,
ML-KEM-768,KEM,10.0,10240,0.1326,0.0726,0.9055,1088,32,1056,1.1108,True,5360,2025-09-09T14:01:56.112375+00:00,192,2,
ML-KEM-768,KEM,10.0,10240,0.1608,0.0689,0.0498,1088,32,1056,0.2794,True,5361,2025-09-09T14:01:56.217846+00:00,192,2,
ML-KEM-768,KEM,10.0,10240,0.172,0.0605,0.0422,1088,32,1056,0.2748,True,5362,2025-09-09T14:01:56.324418+00:00,192,2,
ML-KEM-768,KEM,10.0,10240,0.1376,0.0782,0.0458,1088,32,1056,0.2616,True,5363,2025-09-09T14:01:56.429479+00:00,192,2,
ML-KEM-768,KEM,10.0,10240,0.1601,0.0721,0.0461,1088,32,1056,0.2783,True,5364,2025-09-09T14:01:56.535294+00:00,192,2,
ML-KEM-768,KEM,10.0,10240,0.1608,0.0658,0.0414,1088,32,1056,0.268,True,5365,2025-09-09T14:01:56.640866+00:00,192,2,
ML-KEM-768,KEM,10.0,10240,0.129,0.064,0.0398,1088,32,1056,0.2327,True,5366,2025-09-09T14:01:56.744668+00:00,192,2,
ML-KEM-768,KEM,10.0,10240,0.1549,0.0693,0.0458,1088,32,1056,0.27,True,5367,2025-09-09T14:01:56.848193+00:00,192,2,
ML-KEM-768,KEM,10.0,10240,0.2458,0.0718,0.0528,1088,32,1056,0.3704,True,5368,2025-09-09T14:01:56.952408+00:00,192,2,
ML-KEM-768,KEM,10.0,10240,0.227,0.075,0.0431,1088,32,1056,0.3452,True,5369,2025-09-09T14:01:57.062715+00:00,192,2,
ML-KEM-768,KEM,10.0,10240,0.1524,0.083,0.0426,1088,32,1056,0.278,True,5370,2025-09-09T14:01:57.165539+00:00,192,2,
ML-KEM-768,KEM,10.0,10240,0.1742,0.0685,0.045,1088,32,1056,0.2877,True,5371,2025-09-09T14:01:57.274431+00:00,192,2,
ML-KEM-768,KEM,10.0,10240,0.3467,0.3365,0.0593,1088,32,1056,0.7425,True,5372,2025-09-09T14:01:57.379759+00:00,192,2,
ML-KEM-768,KEM,10.0,10240,0.1534,0.0569,0.0437,1088,32,1056,0.2539,True,5373,2025-09-09T14:01:57.486151+00:00,192,2,
ML-KEM-768,KEM,10.0,10240,3.9024,0.1185,0.0415,1088,32,1056,4.0623,True,5374,2025-09-09T14:01:57.605657+00:00,192,2,
ML-KEM-768,KEM,10.0,10240,0.2137,0.0709,0.0421,1088,32,1056,0.3267,True,5375,2025-09-09T14:01:57.708740+00:00,192,2,
ML-KEM-768,KEM,10.0,10240,0.1693,0.0726,0.0442,1088,32,1056,0.286,True,5376,2025-09-09T14:01:57.812298+00:00,192,2,
ML-KEM-768,KEM,10.0,10240,0.1452,0.0601,0.0401,1088,32,1056,0.2454,True,5377,2025-09-09T14:01:57.916344+00:00,192,2,
ML-KEM-768,KEM,10.0,10240,0.1417,0.0814,0.055,1088,32,1056,0.2781,True,5378,2025-09-09T14:01:58.020976+00:00,192,2,
ML-KEM-768,KEM,10.0,10240,0.1639,0.0711,0.0445,1088,32,1056,0.2795,True,5379,2025-09-09T14:01:58.125054+00:00,192,2,
ML-KEM-768,KEM,10.0,10240,0.2085,0.0708,0.0457,1088,32,1056,0.3249,True,5380,2025-09-09T14:01:58.228803+00:00,192,2,
ML-KEM-768,KEM,10.0,10240,0.1701,0.0556,0.0426,1088,32,1056,0.2683,True,5381,2025-09-09T14:01:58.333197+00:00,192,2,
ML-KEM-768,KEM,10.0,10240,0.1693,0.0578,0.0406,1088,32,1056,0.2676,True,5382,2025-09-09T14:01:58.436245+00:00,192,2,
ML-KEM-768,KEM,10.0,10240,0.1937,0.0646,0.0428,1088,32,1056,0.3012,True,5383,2025-09-09T14:01:58.539345+00:00,192,2,
ML-KEM-768,KEM,10.0,10240,0.1856,0.0599,0.0474,1088,32,1056,0.2929,True,5384,2025-09-09T14:01:58.643141+00:00,192,2,
ML-KEM-768,KEM,10.0,10240,0.1961,0.123,0.0512,1088,32,1056,0.3703,True,5385,2025-09-09T14:01:58.747647+00:00,192,2,
ML-KEM-768,KEM,10.0,10240,0.171,0.0616,0.0461,1088,32,1056,0.2787,True,5386,2025-09-09T14:01:58.851370+00:00,192,2,
ML-KEM-768,KEM,10.0,10240,0.2055,0.0684,0.1581,1088,32,1056,0.4321,True,5387,2025-09-09T14:01:58.955750+00:00,192,2,
ML-KEM-768,KEM,10.0,10240,0.1779,0.0644,0.0428,1088,32,1056,0.2851,True,5388,2025-09-09T14:01:59.060504+00:00,192,2,
ML-KEM-768,KEM,10.0,10240,0.1829,0.0651,0.0415,1088,32,1056,0.2896,True,5389,2025-09-09T14:01:59.164333+00:00,192,2,
ML-KEM-768,KEM,10.0,10240,0.2136,0.0901,0.069,1088,32,1056,0.3727,True,5390,2025-09-09T14:01:59.270590+00:00,192,2,
ML-KEM-768,KEM,10.0,10240,0.1252,0.0615,0.0397,1088,32,1056,0.2265,True,5391,2025-09-09T14:01:59.376307+00:00,192,2,
ML-KEM-768,KEM,10.0,10240,0.2172,0.0965,0.0483,1088,32,1056,0.362,True,5392,2025-09-09T14:01:59.490104+00:00,192,2,
ML-KEM-768,KEM,10.0,10240,0.1605,0.0619,0.0489,1088,32,1056,0.2713,True,5393,2025-09-09T14:01:59.594046+00:00,192,2,
ML-KEM-768,KEM,10.0,10240,0.2269,0.0741,0.0485,1088,32,1056,0.3495,True,5394,2025-09-09T14:01:59.697561+00:00,192,2,
ML-KEM-768,KEM,10.0,10240,0.142,0.1042,0.0441,1088,32,1056,0.2903,True,5395,2025-09-09T14:01:59.801044+00:00,192,2,
ML-KEM-768,KEM,10.0,10240,0.1695,0.0575,0.0412,1088,32,1056,0.2683,True,5396,2025-09-09T14:01:59.904304+00:00,192,2,
ML-KEM-768,KEM,10.0,10240,0.1716,0.0661,0.0487,1088,32,1056,0.2864,True,5397,2025-09-09T14:02:00.008554+00:00,192,2,
ML-KEM-768,KEM,10.0,10240,0.1651,0.0695,0.0445,1088,32,1056,0.2791,True,5398,2025-09-09T14:02:00.112579+00:00,192,2,
ML-KEM-768,KEM,10.0,10240,0.1763,0.0947,0.0468,1088,32,1056,0.3178,True,5399,2025-09-09T14:02:00.215984+00:00,192,2,
ML-KEM-768,KEM,10.0,10240,0.1878,0.0636,0.0508,1088,32,1056,0.3022,True,5400,2025-09-09T14:02:00.319122+00:00,192,2,
ML-KEM-1024,KEM,0.1,102,0.4078,0.107,0.0546,1568,32,1536,0.5693,True,5401,2025-09-09T14:02:00.427175+00:00,256,3,
ML-KEM-1024,KEM,0.1,102,0.1886,0.0724,0.0529,1568,32,1536,0.3139,True,5402,2025-09-09T14:02:00.529958+00:00,256,3,
ML-KEM-1024,KEM,0.1,102,0.139,0.1681,0.0598,1568,32,1536,0.3668,True,5403,2025-09-09T14:02:00.631124+00:00,256,3,
ML-KEM-1024,KEM,0.1,102,0.171,0.0709,0.0575,1568,32,1536,0.2994,True,5404,2025-09-09T14:02:00.731893+00:00,256,3,
ML-KEM-1024,KEM,0.1,102,0.1717,0.087,0.0587,1568,32,1536,0.3174,True,5405,2025-09-09T14:02:00.832738+00:00,256,3,
ML-KEM-1024,KEM,0.1,102,0.1606,0.0795,0.0625,1568,32,1536,0.3026,True,5406,2025-09-09T14:02:00.933720+00:00,256,3,
ML-KEM-1024,KEM,0.1,102,0.1753,0.0817,0.0568,1568,32,1536,0.3139,True,5407,2025-09-09T14:02:01.034881+00:00,256,3,
ML-KEM-1024,KEM,0.1,102,0.2175,0.074,0.0595,1568,32,1536,0.351,True,5408,2025-09-09T14:02:01.135814+00:00,256,3,
ML-KEM-1024,KEM,0.1,102,0.158,0.1566,0.0585,1568,32,1536,0.3731,True,5409,2025-09-09T14:02:01.236759+00:00,256,3,
ML-KEM-1024,KEM,0.1,102,0.2245,0.1023,0.0682,1568,32,1536,0.395,True,5410,2025-09-09T14:02:01.337822+00:00,256,3,
ML-KEM-1024,KEM,0.1,102,0.2256,0.0858,0.0706,1568,32,1536,0.3821,True,5411,2025-09-09T14:02:01.438764+00:00,256,3,
ML-KEM-1024,KEM,0.1,102,0.1339,0.3061,0.0996,1568,32,1536,0.5396,True,5412,2025-09-09T14:02:01.539816+00:00,256,3,
ML-KEM-1024,KEM,0.1,102,0.1723,0.0868,0.0632,1568,32,1536,0.3223,True,5413,2025-09-09T14:02:01.641300+00:00,256,3,
ML-KEM-1024,KEM,0.1,102,0.142,0.0745,0.0501,1568,32,1536,0.2665,True,5414,2025-09-09T14:02:01.742126+00:00,256,3,
ML-KEM-1024,KEM,0.1,102,0.1539,0.0787,0.0569,1568,32,1536,0.2894,True,5415,2025-09-09T14:02:01.842987+00:00,256,3,
ML-KEM-1024,KEM,0.1,102,0.1642,0.0749,0.0564,1568,32,1536,0.2955,True,5416,2025-09-09T14:02:01.943913+00:00,256,3,
ML-KEM-1024,KEM,0.1,102,0.2075,0.0927,0.0729,1568,32,1536,0.3731,True,5417,2025-09-09T14:02:02.044856+00:00,256,3,
ML-KEM-1024,KEM,0.1,102,0.1411,0.0722,0.0496,1568,32,1536,0.2629,True,5418,2025-09-09T14:02:02.145745+00:00,256,3,
ML-KEM-1024,KEM,0.1,102,0.1762,0.0753,0.0505,1568,32,1536,0.3019,True,5419,2025-09-09T14:02:02.246962+00:00,256,3,
ML-KEM-1024,KEM,0.1,102,0.1753,0.0683,0.0562,1568,32,1536,0.2998,True,5420,2025-09-09T14:02:02.348509+00:00,256,3,
ML-KEM-1024,KEM,0.1,102,0.1849,0.0908,0.0684,1568,32,1536,0.3441,True,5421,2025-09-09T14:02:02.449455+00:00,256,3,
ML-KEM-1024,KEM,0.1,102,0.1595,0.0807,0.0527,1568,32,1536,0.2928,True,5422,2025-09-09T14:02:02.568541+00:00,256,3,
ML-KEM-1024,KEM,0.1,102,0.1354,0.0879,0.0552,1568,32,1536,0.2785,True,5423,2025-09-09T14:02:02.669456+00:00,256,3,
ML-KEM-1024,KEM,0.1,102,0.1862,0.0756,0.0576,1568,32,1536,0.3194,True,5424,2025-09-09T14:02:02.770365+00:00,256,3,
ML-KEM-1024,KEM,0.1,102,0.1575,0.0821,0.0611,1568,32,1536,0.3007,True,5425,2025-09-09T14:02:02.871433+00:00,256,3,
ML-KEM-1024,KEM,0.1,102,0.1879,0.0783,0.0818,1568,32,1536,0.348,True,5426,2025-09-09T14:02:02.972337+00:00,256,3,
ML-KEM-1024,KEM,0.1,102,0.1674,0.0902,0.0564,1568,32,1536,0.314,True,5427,2025-09-09T14:02:03.073213+00:00,256,3,
ML-KEM-1024,KEM,0.1,102,0.1652,0.0769,0.0545,1568,32,1536,0.2967,True,5428,2025-09-09T14:02:03.174080+00:00,256,3,
ML-KEM-1024,KEM,0.1,102,0.1477,0.0753,0.05,1568,32,1536,0.2731,True,5429,2025-09-09T14:02:03.274970+00:00,256,3,
ML-KEM-1024,KEM,0.1,102,0.1727,0.0758,0.057,1568,32,1536,0.3056,True,5430,2025-09-09T14:02:03.376925+00:00,256,3,
ML-KEM-1024,KEM,0.1,102,0.1915,0.0838,0.0562,1568,32,1536,0.3315,True,5431,2025-09-09T14:02:03.477791+00:00,256,3,
ML-KEM-1024,KEM,0.1,102,1.177,0.11,0.0578,1568,32,1536,1.3448,True,5432,2025-09-09T14:02:03.579991+00:00,256,3,
ML-KEM-1024,KEM,0.1,102,0.1546,0.0762,0.0609,1568,32,1536,0.2917,True,5433,2025-09-09T14:02:03.680879+00:00,256,3,
ML-KEM-1024,KEM,0.1,102,0.1548,0.0805,0.0557,1568,32,1536,0.291,True,5434,2025-09-09T14:02:03.782324+00:00,256,3,
ML-KEM-1024,KEM,0.1,102,0.1318,0.0711,0.0497,1568,32,1536,0.2527,True,5435,2025-09-09T14:02:03.883124+00:00,256,3,
ML-KEM-1024,KEM,0.1,102,0.1618,0.0749,0.0495,1568,32,1536,0.2863,True,5436,2025-09-09T14:02:03.984028+00:00,256,3,
ML-KEM-1024,KEM,0.1,102,0.1333,0.0724,0.0544,1568,32,1536,0.2601,True,5437,2025-09-09T14:02:04.085241+00:00,256,3,
ML-KEM-1024,KEM,0.1,102,0.1832,0.1036,0.0636,1568,32,1536,0.3504,True,5438,2025-09-09T14:02:04.186444+00:00,256,3,
ML-KEM-1024,KEM,0.1,102,0.1594,0.1008,0.0807,1568,32,1536,0.341,True,5439,2025-09-09T14:02:04.287523+00:00,256,3,
ML-KEM-1024,KEM,0.1,102,0.1631,0.0774,0.0547,1568,32,1536,0.2952,True,5440,2025-09-09T14:02:04.388689+00:00,256,3,
ML-KEM-1024,KEM,0.1,102,0.1679,0.0876,0.0583,1568,32,1536,0.3138,True,5441,2025-09-09T14:02:04.490072+00:00,256,3,
ML-KEM-1024,KEM,0.1,102,0.212,0.0831,0.0856,1568,32,1536,0.3807,True,5442,2025-09-09T14:02:04.591058+00:00,256,3,
ML-KEM-1024,KEM,0.1,102,0.1682,0.0865,0.0539,1568,32,1536,0.3087,True,5443,2025-09-09T14:02:04.691883+00:00,256,3,
ML-KEM-1024,KEM,0.1,102,0.1732,0.079,0.0804,1568,32,1536,0.3325,True,5444,2025-09-09T14:02:04.792760+00:00,256,3,
ML-KEM-1024,KEM,0.1,102,0.1543,0.074,0.0628,1568,32,1536,0.2912,True,5445,2025-09-09T14:02:04.893618+00:00,256,3,
ML-KEM-1024,KEM,0.1,102,0.172,0.0788,0.0556,1568,32,1536,0.3065,True,5446,2025-09-09T14:02:04.994435+00:00,256,3,
ML-KEM-1024,KEM,0.1,102,0.1806,0.1488,0.0687,1568,32,1536,0.3981,True,5447,2025-09-09T14:02:05.095605+00:00,256,3,
ML-KEM-1024,KEM,0.1,102,0.1597,0.0827,0.0775,1568,32,1536,0.3199,True,5448,2025-09-09T14:02:05.196658+00:00,256,3,
ML-KEM-1024,KEM,0.1,102,0.1579,0.1313,0.0566,1568,32,1536,0.3457,True,5449,2025-09-09T14:02:05.298651+00:00,256,3,
ML-KEM-1024,KEM,0.1,102,0.1538,0.0866,0.0752,1568,32,1536,0.3156,True,5450,2025-09-09T14:02:05.399499+00:00,256,3,
ML-KEM-1024,KEM,0.5,512,0.1503,0.0754,0.1694,1568,32,1536,0.3951,True,5451,2025-09-09T14:02:05.502668+00:00,256,3,
ML-KEM-1024,KEM,0.5,512,0.1641,0.0744,0.0604,1568,32,1536,0.2989,True,5452,2025-09-09T14:02:05.603993+00:00,256,3,
ML-KEM-1024,KEM,0.5,512,0.1564,0.0774,0.0543,1568,32,1536,0.2881,True,5453,2025-09-09T14:02:05.704999+00:00,256,3,
ML-KEM-1024,KEM,0.5,512,0.1682,0.0773,0.0656,1568,32,1536,0.311,True,5454,2025-09-09T14:02:05.805945+00:00,256,3,
ML-KEM-1024,KEM,0.5,512,0.1818,0.0823,0.0575,1568,32,1536,0.3216,True,5455,2025-09-09T14:02:05.907022+00:00,256,3,
ML-KEM-1024,KEM,0.5,512,0.1907,0.0725,0.1222,1568,32,1536,0.3854,True,5456,2025-09-09T14:02:06.008103+00:00,256,3,
ML-KEM-1024,KEM,0.5,512,0.1712,0.0844,0.1156,1568,32,1536,0.3712,True,5457,2025-09-09T14:02:06.109393+00:00,256,3,
ML-KEM-1024,KEM,0.5,512,0.1622,0.0832,0.066,1568,32,1536,0.3115,True,5458,2025-09-09T14:02:06.210489+00:00,256,3,
ML-KEM-1024,KEM,0.5,512,0.3302,0.1279,0.0572,1568,32,1536,0.5152,True,5459,2025-09-09T14:02:06.311827+00:00,256,3,
ML-KEM-1024,KEM,0.5,512,0.1773,0.0808,0.0548,1568,32,1536,0.3129,True,5460,2025-09-09T14:02:06.413447+00:00,256,3,
ML-KEM-1024,KEM,0.5,512,0.1649,0.1479,0.0601,1568,32,1536,0.3729,True,5461,2025-09-09T14:02:06.514688+00:00,256,3,
ML-KEM-1024,KEM,0.5,512,0.1629,0.0752,0.053,1568,32,1536,0.2911,True,5462,2025-09-09T14:02:06.620126+00:00,256,3,
ML-KEM-1024,KEM,0.5,512,0.1595,0.0792,0.0577,1568,32,1536,0.2964,True,5463,2025-09-09T14:02:06.723953+00:00,256,3,
ML-KEM-1024,KEM,0.5,512,0.1772,0.0752,0.0579,1568,32,1536,0.3103,True,5464,2025-09-09T14:02:06.824924+00:00,256,3,
ML-KEM-1024,KEM,0.5,512,0.1654,0.079,0.0606,1568,32,1536,0.3051,True,5465,2025-09-09T14:02:06.926026+00:00,256,3,
ML-KEM-1024,KEM,0.5,512,0.1861,0.086,0.0647,1568,32,1536,0.3368,True,5466,2025-09-09T14:02:07.027073+00:00,256,3,
ML-KEM-1024,KEM,0.5,512,0.175,0.0855,0.061,1568,32,1536,0.3215,True,5467,2025-09-09T14:02:07.128091+00:00,256,3,
ML-KEM-1024,KEM,0.5,512,0.1838,0.0808,0.0672,1568,32,1536,0.3318,True,5468,2025-09-09T14:02:07.229103+00:00,256,3,
ML-KEM-1024,KEM,0.5,512,0.1768,0.0743,0.0537,1568,32,1536,0.3048,True,5469,2025-09-09T14:02:07.330138+00:00,256,3,
ML-KEM-1024,KEM,0.5,512,0.1634,0.5581,0.089,1568,32,1536,0.8105,True,5470,2025-09-09T14:02:07.431674+00:00,256,3,
ML-KEM-1024,KEM,0.5,512,0.2298,0.116,0.1322,1568,32,1536,0.478,True,5471,2025-09-09T14:02:07.533002+00:00,256,3,
ML-KEM-1024,KEM,0.5,512,0.2627,0.0948,0.0645,1568,32,1536,0.422,True,5472,2025-09-09T14:02:07.634113+00:00,256,3,
ML-KEM-1024,KEM,0.5,512,0.1623,0.0746,0.0529,1568,32,1536,0.2899,True,5473,2025-09-09T14:02:07.752002+00:00,256,3,
ML-KEM-1024,KEM,0.5,512,0.1877,0.068,0.0544,1568,32,1536,0.31,True,5474,2025-09-09T14:02:07.853009+00:00,256,3,
ML-KEM-1024,KEM,0.5,512,0.1571,0.0768,0.063,1568,32,1536,0.2969,True,5475,2025-09-09T14:02:07.953917+00:00,256,3,
ML-KEM-1024,KEM,0.5,512,0.1789,0.0811,0.0628,1568,32,1536,0.3228,True,5476,2025-09-09T14:02:08.054898+00:00,256,3,
ML-KEM-1024,KEM,0.5,512,0.2104,0.0849,0.0832,1568,32,1536,0.3786,True,5477,2025-09-09T14:02:08.156025+00:00,256,3,
ML-KEM-1024,KEM,0.5,512,0.1922,0.0725,0.0629,1568,32,1536,0.3276,True,5478,2025-09-09T14:02:08.257011+00:00,256,3,
ML-KEM-1024,KEM,0.5,512,0.1816,0.0719,0.054,1568,32,1536,0.3076,True,5479,2025-09-09T14:02:08.357928+00:00,256,3,
ML-KEM-1024,KEM,0.5,512,0.1663,0.0671,0.0576,1568,32,1536,0.2909,True,5480,2025-09-09T14:02:08.458973+00:00,256,3,
ML-KEM-1024,KEM,0.5,512,0.1686,0.076,0.0626,1568,32,1536,0.3072,True,5481,2025-09-09T14:02:08.572022+00:00,256,3,
ML-KEM-1024,KEM,0.5,512,0.1719,0.0813,0.0873,1568,32,1536,0.3405,True,5482,2025-09-09T14:02:08.683537+00:00,256,3,
ML-KEM-1024,KEM,0.5,512,0.1748,0.0734,0.0547,1568,32,1536,0.303,True,5483,2025-09-09T14:02:08.784442+00:00,256,3,
ML-KEM-1024,KEM,0.5,512,0.1312,0.0704,0.0492,1568,32,1536,0.2509,True,5484,2025-09-09T14:02:08.885379+00:00,256,3,
ML-KEM-1024,KEM,0.5,512,0.1667,0.0899,0.0665,1568,32,1536,0.323,True,5485,2025-09-09T14:02:08.986363+00:00,256,3,
ML-KEM-1024,KEM,0.5,512,0.1704,0.0714,0.0804,1568,32,1536,0.3222,True,5486,2025-09-09T14:02:09.087484+00:00,256,3,
ML-KEM-1024,KEM,0.5,512,0.1731,0.081,0.069,1568,32,1536,0.3231,True,5487,2025-09-09T14:02:09.188483+00:00,256,3,
ML-KEM-1024,KEM,0.5,512,0.1402,0.0771,0.0628,1568,32,1536,0.28,True,5488,2025-09-09T14:02:09.289486+00:00,256,3,
ML-KEM-1024,KEM,0.5,512,0.1969,0.0779,0.0559,1568,32,1536,0.3307,True,5489,2025-09-09T14:02:09.390447+00:00,256,3,
ML-KEM-1024,KEM,0.5,512,0.1641,0.0836,0.0817,1568,32,1536,0.3294,True,5490,2025-09-09T14:02:09.491494+00:00,256,3,
ML-KEM-1024,KEM,0.5,512,0.1596,0.1127,0.0622,1568,32,1536,0.3346,True,5491,2025-09-09T14:02:09.592470+00:00,256,3,
ML-KEM-1024,KEM,0.5,512,0.1235,0.071,0.0493,1568,32,1536,0.2437,True,5492,2025-09-09T14:02:09.693410+00:00,256,3,
ML-KEM-1024,KEM,0.5,512,0.1643,0.0734,0.0855,1568,32,1536,0.3231,True,5493,2025-09-09T14:02:09.794324+00:00,256,3,
ML-KEM-1024,KEM,0.5,512,0.153,0.0632,0.0492,1568,32,1536,0.2653,True,5494,2025-09-09T14:02:09.895249+00:00,256,3,
ML-KEM-1024,KEM,0.5,512,0.1626,0.0835,0.0646,1568,32,1536,0.3107,True,5495,2025-09-09T14:02:09.996524+00:00,256,3,
ML-KEM-1024,KEM,0.5,512,0.1271,0.0799,0.0546,1568,32,1536,0.2615,True,5496,2025-09-09T14:02:10.097421+00:00,256,3,
ML-KEM-1024,KEM,0.5,512,0.1759,0.083,0.0612,1568,32,1536,0.3201,True,5497,2025-09-09T14:02:10.198332+00:00,256,3,
ML-KEM-1024,KEM,0.5,512,0.1269,0.0735,0.0504,1568,32,1536,0.2508,True,5498,2025-09-09T14:02:10.299329+00:00,256,3,
ML-KEM-1024,KEM,0.5,512,0.1714,0.072,0.053,1568,32,1536,0.2965,True,5499,2025-09-09T14:02:10.400203+00:00,256,3,
ML-KEM-1024,KEM,0.5,512,0.1558,0.0842,0.0675,1568,32,1536,0.3076,True,5500,2025-09-09T14:02:10.501179+00:00,256,3,
ML-KEM-1024,KEM,1.0,1024,0.2066,0.1061,0.0708,1568,32,1536,0.3835,True,5501,2025-09-09T14:02:10.602337+00:00,256,3,
ML-KEM-1024,KEM,1.0,1024,0.1558,0.1189,0.0642,1568,32,1536,0.3389,True,5502,2025-09-09T14:02:10.703595+00:00,256,3,
ML-KEM-1024,KEM,1.0,1024,0.1736,0.0724,0.0501,1568,32,1536,0.296,True,5503,2025-09-09T14:02:10.804628+00:00,256,3,
ML-KEM-1024,KEM,1.0,1024,0.1325,0.0609,0.05,1568,32,1536,0.2434,True,5504,2025-09-09T14:02:10.905705+00:00,256,3,
ML-KEM-1024,KEM,1.0,1024,0.2302,0.0886,0.0503,1568,32,1536,0.3692,True,5505,2025-09-09T14:02:11.006770+00:00,256,3,
ML-KEM-1024,KEM,1.0,1024,0.1969,0.0775,0.0546,1568,32,1536,0.3291,True,5506,2025-09-09T14:02:11.107964+00:00,256,3,
ML-KEM-1024,KEM,1.0,1024,0.1706,0.1026,0.0572,1568,32,1536,0.3304,True,5507,2025-09-09T14:02:11.209055+00:00,256,3,
ML-KEM-1024,KEM,1.0,1024,0.1938,0.0793,0.0639,1568,32,1536,0.337,True,5508,2025-09-09T14:02:11.310185+00:00,256,3,
ML-KEM-1024,KEM,1.0,1024,0.1972,0.0811,0.0536,1568,32,1536,0.3318,True,5509,2025-09-09T14:02:11.411343+00:00,256,3,
ML-KEM-1024,KEM,1.0,1024,0.1348,0.0725,0.0493,1568,32,1536,0.2565,True,5510,2025-09-09T14:02:11.512477+00:00,256,3,
ML-KEM-1024,KEM,1.0,1024,0.2076,0.0754,0.0611,1568,32,1536,0.344,True,5511,2025-09-09T14:02:11.613546+00:00,256,3,
ML-KEM-1024,KEM,1.0,1024,0.1783,0.0635,0.056,1568,32,1536,0.2978,True,5512,2025-09-09T14:02:11.714733+00:00,256,3,
ML-KEM-1024,KEM,1.0,1024,0.1756,0.0732,0.0619,1568,32,1536,0.3107,True,5513,2025-09-09T14:02:11.815771+00:00,256,3,
ML-KEM-1024,KEM,1.0,1024,0.1662,0.0768,0.0545,1568,32,1536,0.2975,True,5514,2025-09-09T14:02:11.916795+00:00,256,3,
ML-KEM-1024,KEM,1.0,1024,0.1511,0.0873,0.0509,1568,32,1536,0.2893,True,5515,2025-09-09T14:02:12.017858+00:00,256,3,
ML-KEM-1024,KEM,1.0,1024,0.1491,0.0638,0.0496,1568,32,1536,0.2625,True,5516,2025-09-09T14:02:12.118864+00:00,256,3,
ML-KEM-1024,KEM,1.0,1024,0.1273,0.0711,0.0506,1568,32,1536,0.249,True,5517,2025-09-09T14:02:12.219903+00:00,256,3,
ML-KEM-1024,KEM,1.0,1024,0.1568,0.0643,0.052,1568,32,1536,0.2731,True,5518,2025-09-09T14:02:12.320846+00:00,256,3,
ML-KEM-1024,KEM,1.0,1024,0.1766,0.0783,0.0549,1568,32,1536,0.3098,True,5519,2025-09-09T14:02:12.421883+00:00,256,3,
ML-KEM-1024,KEM,1.0,1024,0.1505,0.0772,0.0562,1568,32,1536,0.2839,True,5520,2025-09-09T14:02:12.523002+00:00,256,3,
ML-KEM-1024,KEM,1.0,1024,0.2047,0.0679,0.0498,1568,32,1536,0.3224,True,5521,2025-09-09T14:02:12.624095+00:00,256,3,
ML-KEM-1024,KEM,1.0,1024,0.2184,0.0836,0.0573,1568,32,1536,0.3593,True,5522,2025-09-09T14:02:12.725193+00:00,256,3,
ML-KEM-1024,KEM,1.0,1024,0.144,0.0659,0.0506,1568,32,1536,0.2605,True,5523,2025-09-09T14:02:12.826395+00:00,256,3,
ML-KEM-1024,KEM,1.0,1024,0.16,0.0769,0.0924,1568,32,1536,0.3293,True,5524,2025-09-09T14:02:12.927560+00:00,256,3,
ML-KEM-1024,KEM,1.0,1024,0.1432,0.0624,0.0611,1568,32,1536,0.2667,True,5525,2025-09-09T14:02:13.028638+00:00,256,3,
ML-KEM-1024,KEM,1.0,1024,0.198,0.0819,0.0629,1568,32,1536,0.3428,True,5526,2025-09-09T14:02:13.129752+00:00,256,3,
ML-KEM-1024,KEM,1.0,1024,0.1652,0.0793,0.0486,1568,32,1536,0.2931,True,5527,2025-09-09T14:02:13.231135+00:00,256,3,
ML-KEM-1024,KEM,1.0,1024,0.1527,0.0683,0.0541,1568,32,1536,0.2752,True,5528,2025-09-09T14:02:13.332131+00:00,256,3,
ML-KEM-1024,KEM,1.0,1024,0.1641,0.1028,0.0631,1568,32,1536,0.3299,True,5529,2025-09-09T14:02:13.433190+00:00,256,3,
ML-KEM-1024,KEM,1.0,1024,0.1707,0.0802,0.0573,1568,32,1536,0.3081,True,5530,2025-09-09T14:02:13.534249+00:00,256,3,
ML-KEM-1024,KEM,1.0,1024,0.1459,0.0736,0.051,1568,32,1536,0.2705,True,5531,2025-09-09T14:02:13.635374+00:00,256,3,
ML-KEM-1024,KEM,1.0,1024,0.1568,0.0744,0.0536,1568,32,1536,0.2848,True,5532,2025-09-09T14:02:13.736426+00:00,256,3,
ML-KEM-1024,KEM,1.0,1024,0.1668,0.0855,0.0567,1568,32,1536,0.309,True,5533,2025-09-09T14:02:13.837471+00:00,256,3,
ML-KEM-1024,KEM,1.0,1024,0.1553,0.0851,0.0685,1568,32,1536,0.3089,True,5534,2025-09-09T14:02:13.938620+00:00,256,3,
ML-KEM-1024,KEM,1.0,1024,0.1542,0.0709,0.0499,1568,32,1536,0.2749,True,5535,2025-09-09T14:02:14.039624+00:00,256,3,
ML-KEM-1024,KEM,1.0,1024,0.1311,0.0818,0.0663,1568,32,1536,0.2791,True,5536,2025-09-09T14:02:14.140678+00:00,256,3,
ML-KEM-1024,KEM,1.0,1024,0.1529,0.0748,0.0682,1568,32,1536,0.2959,True,5537,2025-09-09T14:02:14.241854+00:00,256,3,
ML-KEM-1024,KEM,1.0,1024,0.1279,0.0777,0.0497,1568,32,1536,0.2553,True,5538,2025-09-09T14:02:14.343070+00:00,256,3,
ML-KEM-1024,KEM,1.0,1024,0.1438,0.0843,0.0617,1568,32,1536,0.2897,True,5539,2025-09-09T14:02:14.444201+00:00,256,3,
ML-KEM-1024,KEM,1.0,1024,0.1996,0.0957,0.0688,1568,32,1536,0.3641,True,5540,2025-09-09T14:02:14.545451+00:00,256,3,
ML-KEM-1024,KEM,1.0,1024,0.1486,0.0623,0.0532,1568,32,1536,0.2641,True,5541,2025-09-09T14:02:14.646416+00:00,256,3,
ML-KEM-1024,KEM,1.0,1024,0.1686,0.0994,0.0553,1568,32,1536,0.3233,True,5542,2025-09-09T14:02:14.747568+00:00,256,3,
ML-KEM-1024,KEM,1.0,1024,0.1581,0.0942,0.0614,1568,32,1536,0.3137,True,5543,2025-09-09T14:02:14.848633+00:00,256,3,
ML-KEM-1024,KEM,1.0,1024,0.1469,0.0748,0.0491,1568,32,1536,0.2708,True,5544,2025-09-09T14:02:14.949671+00:00,256,3,
ML-KEM-1024,KEM,1.0,1024,0.2048,0.0693,0.0547,1568,32,1536,0.3288,True,5545,2025-09-09T14:02:15.050843+00:00,256,3,
ML-KEM-1024,KEM,1.0,1024,0.1577,0.0834,0.0622,1568,32,1536,0.3033,True,5546,2025-09-09T14:02:15.152218+00:00,256,3,
ML-KEM-1024,KEM,1.0,1024,0.1589,0.079,0.0623,1568,32,1536,0.3002,True,5547,2025-09-09T14:02:15.253326+00:00,256,3,
ML-KEM-1024,KEM,1.0,1024,0.1822,0.0695,0.053,1568,32,1536,0.3048,True,5548,2025-09-09T14:02:15.354387+00:00,256,3,
ML-KEM-1024,KEM,1.0,1024,0.1435,0.0722,0.083,1568,32,1536,0.2988,True,5549,2025-09-09T14:02:15.455541+00:00,256,3,
ML-KEM-1024,KEM,1.0,1024,0.1579,0.0752,0.0607,1568,32,1536,0.2938,True,5550,2025-09-09T14:02:15.556678+00:00,256,3,
ML-KEM-1024,KEM,2.0,2048,0.1744,0.0743,0.0581,1568,32,1536,0.3067,True,5551,2025-09-09T14:02:15.658021+00:00,256,3,
ML-KEM-1024,KEM,2.0,2048,0.1265,0.0714,0.0825,1568,32,1536,0.2804,True,5552,2025-09-09T14:02:15.759544+00:00,256,3,
ML-KEM-1024,KEM,2.0,2048,0.1318,0.0634,0.042,1568,32,1536,0.2372,True,5553,2025-09-09T14:02:15.860466+00:00,256,3,
ML-KEM-1024,KEM,2.0,2048,0.1902,0.1029,0.0622,1568,32,1536,0.3553,True,5554,2025-09-09T14:02:15.961775+00:00,256,3,
ML-KEM-1024,KEM,2.0,2048,0.1599,0.0841,0.1062,1568,32,1536,0.3503,True,5555,2025-09-09T14:02:16.063553+00:00,256,3,
ML-KEM-1024,KEM,2.0,2048,0.1667,0.0802,0.0859,1568,32,1536,0.3328,True,5556,2025-09-09T14:02:16.165133+00:00,256,3,
ML-KEM-1024,KEM,2.0,2048,0.1332,0.0977,0.1194,1568,32,1536,0.3503,True,5557,2025-09-09T14:02:16.266646+00:00,256,3,
ML-KEM-1024,KEM,2.0,2048,0.1446,0.0718,0.0559,1568,32,1536,0.2722,True,5558,2025-09-09T14:02:16.367999+00:00,256,3,
ML-KEM-1024,KEM,2.0,2048,0.1581,0.0772,0.0574,1568,32,1536,0.2927,True,5559,2025-09-09T14:02:16.472880+00:00,256,3,
ML-KEM-1024,KEM,2.0,2048,0.1924,0.0739,0.0559,1568,32,1536,0.3222,True,5560,2025-09-09T14:02:16.574175+00:00,256,3,
ML-KEM-1024,KEM,2.0,2048,0.1777,0.0699,0.0547,1568,32,1536,0.3023,True,5561,2025-09-09T14:02:16.675529+00:00,256,3,
ML-KEM-1024,KEM,2.0,2048,0.1619,0.0783,0.0537,1568,32,1536,0.2939,True,5562,2025-09-09T14:02:16.776795+00:00,256,3,
ML-KEM-1024,KEM,2.0,2048,0.1637,0.0675,0.054,1568,32,1536,0.2852,True,5563,2025-09-09T14:02:16.878206+00:00,256,3,
ML-KEM-1024,KEM,2.0,2048,0.158,0.0743,0.1319,1568,32,1536,0.3642,True,5564,2025-09-09T14:02:16.979585+00:00,256,3,
ML-KEM-1024,KEM,2.0,2048,0.1907,0.0867,0.0517,1568,32,1536,0.3292,True,5565,2025-09-09T14:02:17.080929+00:00,256,3,
ML-KEM-1024,KEM,2.0,2048,0.2009,0.0842,0.0701,1568,32,1536,0.3552,True,5566,2025-09-09T14:02:17.182225+00:00,256,3,
ML-KEM-1024,KEM,2.0,2048,0.1578,0.0779,0.0539,1568,32,1536,0.2895,True,5567,2025-09-09T14:02:17.283507+00:00,256,3,
ML-KEM-1024,KEM,2.0,2048,0.1728,0.0792,0.0546,1568,32,1536,0.3065,True,5568,2025-09-09T14:02:17.384778+00:00,256,3,
ML-KEM-1024,KEM,2.0,2048,0.1617,0.073,0.054,1568,32,1536,0.2887,True,5569,2025-09-09T14:02:17.486165+00:00,256,3,
ML-KEM-1024,KEM,2.0,2048,0.1639,0.0711,0.0853,1568,32,1536,0.3203,True,5570,2025-09-09T14:02:17.587539+00:00,256,3,
ML-KEM-1024,KEM,2.0,2048,0.1713,0.0683,0.0549,1568,32,1536,0.2945,True,5571,2025-09-09T14:02:17.688806+00:00,256,3,
ML-KEM-1024,KEM,2.0,2048,0.1375,0.0823,0.069,1568,32,1536,0.2889,True,5572,2025-09-09T14:02:17.790948+00:00,256,3,
ML-KEM-1024,KEM,2.0,2048,0.1307,0.0704,0.0501,1568,32,1536,0.2511,True,5573,2025-09-09T14:02:17.892417+00:00,256,3,
ML-KEM-1024,KEM,2.0,2048,0.1263,0.0734,0.051,1568,32,1536,0.2507,True,5574,2025-09-09T14:02:17.993896+00:00,256,3,
ML-KEM-1024,KEM,2.0,2048,0.1512,0.0861,0.0784,1568,32,1536,0.3158,True,5575,2025-09-09T14:02:18.095252+00:00,256,3,
ML-KEM-1024,KEM,2.0,2048,0.2622,0.0702,0.054,1568,32,1536,0.3864,True,5576,2025-09-09T14:02:18.196565+00:00,256,3,
ML-KEM-1024,KEM,2.0,2048,0.1637,0.0696,0.056,1568,32,1536,0.2894,True,5577,2025-09-09T14:02:18.298059+00:00,256,3,
ML-KEM-1024,KEM,2.0,2048,0.1775,0.0804,0.0545,1568,32,1536,0.3124,True,5578,2025-09-09T14:02:18.399411+00:00,256,3,
ML-KEM-1024,KEM,2.0,2048,0.2643,0.1436,0.0619,1568,32,1536,0.4698,True,5579,2025-09-09T14:02:18.500880+00:00,256,3,
ML-KEM-1024,KEM,2.0,2048,0.1879,0.1041,0.0623,1568,32,1536,0.3542,True,5580,2025-09-09T14:02:18.602228+00:00,256,3,
ML-KEM-1024,KEM,2.0,2048,0.1748,0.0771,0.0567,1568,32,1536,0.3085,True,5581,2025-09-09T14:02:18.703473+00:00,256,3,
ML-KEM-1024,KEM,2.0,2048,0.1944,0.0855,0.0597,1568,32,1536,0.3396,True,5582,2025-09-09T14:02:18.804779+00:00,256,3,
ML-KEM-1024,KEM,2.0,2048,0.1764,0.0838,0.0587,1568,32,1536,0.319,True,5583,2025-09-09T14:02:18.906064+00:00,256,3,
ML-KEM-1024,KEM,2.0,2048,0.1664,0.0771,0.0542,1568,32,1536,0.2976,True,5584,2025-09-09T14:02:19.007317+00:00,256,3,
ML-KEM-1024,KEM,2.0,2048,0.1986,0.0797,0.055,1568,32,1536,0.3333,True,5585,2025-09-09T14:02:19.108623+00:00,256,3,
ML-KEM-1024,KEM,2.0,2048,0.164,0.079,0.0544,1568,32,1536,0.2975,True,5586,2025-09-09T14:02:19.209911+00:00,256,3,
ML-KEM-1024,KEM,2.0,2048,0.2007,0.1167,0.0555,1568,32,1536,0.3728,True,5587,2025-09-09T14:02:19.311247+00:00,256,3,
ML-KEM-1024,KEM,2.0,2048,0.1581,0.0822,0.0542,1568,32,1536,0.2945,True,5588,2025-09-09T14:02:19.412536+00:00,256,3,
ML-KEM-1024,KEM,2.0,2048,0.1581,0.08,0.0543,1568,32,1536,0.2924,True,5589,2025-09-09T14:02:19.513747+00:00,256,3,
ML-KEM-1024,KEM,2.0,2048,0.1634,0.0788,0.0529,1568,32,1536,0.2951,True,5590,2025-09-09T14:02:19.614994+00:00,256,3,
ML-KEM-1024,KEM,2.0,2048,0.1692,0.0661,0.0518,1568,32,1536,0.287,True,5591,2025-09-09T14:02:19.716249+00:00,256,3,
ML-KEM-1024,KEM,2.0,2048,0.156,0.0677,0.052,1568,32,1536,0.2757,True,5592,2025-09-09T14:02:19.817571+00:00,256,3,
ML-KEM-1024,KEM,2.0,2048,0.1896,0.0714,0.0539,1568,32,1536,0.3149,True,5593,2025-09-09T14:02:19.918806+00:00,256,3,
ML-KEM-1024,KEM,2.0,2048,0.1526,0.0679,0.0533,1568,32,1536,0.2738,True,5594,2025-09-09T14:02:20.020044+00:00,256,3,
ML-KEM-1024,KEM,2.0,2048,0.1668,0.0746,0.0781,1568,32,1536,0.3195,True,5595,2025-09-09T14:02:20.121704+00:00,256,3,
ML-KEM-1024,KEM,2.0,2048,0.1737,0.0812,0.0526,1568,32,1536,0.3075,True,5596,2025-09-09T14:02:20.223922+00:00,256,3,
ML-KEM-1024,KEM,2.0,2048,0.1825,0.1092,0.0506,1568,32,1536,0.3422,True,5597,2025-09-09T14:02:20.325302+00:00,256,3,
ML-KEM-1024,KEM,2.0,2048,0.2539,0.0861,0.0669,1568,32,1536,0.4069,True,5598,2025-09-09T14:02:20.426793+00:00,256,3,
ML-KEM-1024,KEM,2.0,2048,0.1533,0.0636,0.0509,1568,32,1536,0.2678,True,5599,2025-09-09T14:02:20.528100+00:00,256,3,
ML-KEM-1024,KEM,2.0,2048,0.1698,0.0858,0.1522,1568,32,1536,0.4078,True,5600,2025-09-09T14:02:20.629507+00:00,256,3,
ML-KEM-1024,KEM,5.0,5120,0.2111,0.1235,0.0567,1568,32,1536,0.3912,True,5601,2025-09-09T14:02:20.731610+00:00,256,3,
ML-KEM-1024,KEM,5.0,5120,0.1863,0.0834,0.0716,1568,32,1536,0.3413,True,5602,2025-09-09T14:02:20.833733+00:00,256,3,
ML-KEM-1024,KEM,5.0,5120,0.1809,0.0699,0.0532,1568,32,1536,0.3041,True,5603,2025-09-09T14:02:20.937013+00:00,256,3,
ML-KEM-1024,KEM,5.0,5120,0.1869,0.0732,0.056,1568,32,1536,0.3161,True,5604,2025-09-09T14:02:21.039446+00:00,256,3,
ML-KEM-1024,KEM,5.0,5120,0.1718,0.077,0.061,1568,32,1536,0.3098,True,5605,2025-09-09T14:02:21.141692+00:00,256,3,
ML-KEM-1024,KEM,5.0,5120,0.2604,0.0782,0.063,1568,32,1536,0.4015,True,5606,2025-09-09T14:02:21.243955+00:00,256,3,
ML-KEM-1024,KEM,5.0,5120,0.1885,0.0749,0.0588,1568,32,1536,0.3223,True,5607,2025-09-09T14:02:21.347857+00:00,256,3,
ML-KEM-1024,KEM,5.0,5120,0.167,0.066,0.0527,1568,32,1536,0.2857,True,5608,2025-09-09T14:02:21.449695+00:00,256,3,
ML-KEM-1024,KEM,5.0,5120,0.2509,0.069,0.0526,1568,32,1536,0.3725,True,5609,2025-09-09T14:02:21.551822+00:00,256,3,
ML-KEM-1024,KEM,5.0,5120,0.1649,0.1116,0.0607,1568,32,1536,0.3372,True,5610,2025-09-09T14:02:21.654966+00:00,256,3,
ML-KEM-1024,KEM,5.0,5120,0.2062,0.0735,0.087,1568,32,1536,0.3667,True,5611,2025-09-09T14:02:21.757656+00:00,256,3,
ML-KEM-1024,KEM,5.0,5120,0.1711,0.0709,0.0546,1568,32,1536,0.2966,True,5612,2025-09-09T14:02:21.860340+00:00,256,3,
ML-KEM-1024,KEM,5.0,5120,0.1942,0.1421,0.0541,1568,32,1536,0.3904,True,5613,2025-09-09T14:02:21.962684+00:00,256,3,
ML-KEM-1024,KEM,5.0,5120,0.1913,0.0801,0.0609,1568,32,1536,0.3323,True,5614,2025-09-09T14:02:22.065241+00:00,256,3,
ML-KEM-1024,KEM,5.0,5120,0.1989,0.099,0.0766,1568,32,1536,0.3745,True,5615,2025-09-09T14:02:22.167893+00:00,256,3,
ML-KEM-1024,KEM,5.0,5120,0.1821,0.0703,0.1062,1568,32,1536,0.3585,True,5616,2025-09-09T14:02:22.270627+00:00,256,3,
ML-KEM-1024,KEM,5.0,5120,0.1812,0.0831,0.0662,1568,32,1536,0.3304,True,5617,2025-09-09T14:02:22.373076+00:00,256,3,
ML-KEM-1024,KEM,5.0,5120,0.1689,0.0715,0.059,1568,32,1536,0.2994,True,5618,2025-09-09T14:02:22.476125+00:00,256,3,
ML-KEM-1024,KEM,5.0,5120,0.2724,0.1015,0.2534,1568,32,1536,0.6272,True,5619,2025-09-09T14:02:22.579005+00:00,256,3,
ML-KEM-1024,KEM,5.0,5120,0.1487,0.0751,0.0645,1568,32,1536,0.2883,True,5620,2025-09-09T14:02:22.681663+00:00,256,3,
ML-KEM-1024,KEM,5.0,5120,0.1845,0.0848,0.0567,1568,32,1536,0.3259,True,5621,2025-09-09T14:02:22.784492+00:00,256,3,
ML-KEM-1024,KEM,5.0,5120,0.1671,0.1164,0.062,1568,32,1536,0.3456,True,5622,2025-09-09T14:02:22.886664+00:00,256,3,
ML-KEM-1024,KEM,5.0,5120,0.1783,0.0675,0.0558,1568,32,1536,0.3016,True,5623,2025-09-09T14:02:22.989821+00:00,256,3,
ML-KEM-1024,KEM,5.0,5120,0.2264,0.1033,0.059,1568,32,1536,0.3887,True,5624,2025-09-09T14:02:23.092282+00:00,256,3,
ML-KEM-1024,KEM,5.0,5120,0.1562,0.0714,0.0498,1568,32,1536,0.2775,True,5625,2025-09-09T14:02:23.195210+00:00,256,3,
ML-KEM-1024,KEM,5.0,5120,0.2055,0.1896,0.0754,1568,32,1536,0.4706,True,5626,2025-09-09T14:02:23.298417+00:00,256,3,
ML-KEM-1024,KEM,5.0,5120,0.1629,0.0873,0.0634,1568,32,1536,0.3136,True,5627,2025-09-09T14:02:23.401003+00:00,256,3,
ML-KEM-1024,KEM,5.0,5120,0.3436,0.129,0.068,1568,32,1536,0.5406,True,5628,2025-09-09T14:02:23.505685+00:00,256,3,
ML-KEM-1024,KEM,5.0,5120,0.1842,0.0741,0.162,1568,32,1536,0.4203,True,5629,2025-09-09T14:02:23.609621+00:00,256,3,
ML-KEM-1024,KEM,5.0,5120,0.1643,0.0728,0.0623,1568,32,1536,0.2993,True,5630,2025-09-09T14:02:23.711996+00:00,256,3,
ML-KEM-1024,KEM,5.0,5120,0.1644,0.0741,0.0551,1568,32,1536,0.2936,True,5631,2025-09-09T14:02:23.814275+00:00,256,3,
ML-KEM-1024,KEM,5.0,5120,0.1655,0.0881,0.0549,1568,32,1536,0.3085,True,5632,2025-09-09T14:02:23.919970+00:00,256,3,
ML-KEM-1024,KEM,5.0,5120,0.202,0.076,0.1021,1568,32,1536,0.3801,True,5633,2025-09-09T14:02:24.022103+00:00,256,3,
ML-KEM-1024,KEM,5.0,5120,0.1782,0.0923,0.062,1568,32,1536,0.3324,True,5634,2025-09-09T14:02:24.124963+00:00,256,3,
ML-KEM-1024,KEM,5.0,5120,0.1851,0.077,0.0804,1568,32,1536,0.3425,True,5635,2025-09-09T14:02:24.227239+00:00,256,3,
ML-KEM-1024,KEM,5.0,5120,0.1794,0.0701,0.0544,1568,32,1536,0.3039,True,5636,2025-09-09T14:02:24.329430+00:00,256,3,
ML-KEM-1024,KEM,5.0,5120,0.1775,0.073,0.0613,1568,32,1536,0.3119,True,5637,2025-09-09T14:02:24.433954+00:00,256,3,
ML-KEM-1024,KEM,5.0,5120,0.2004,0.0761,0.0614,1568,32,1536,0.3379,True,5638,2025-09-09T14:02:24.536519+00:00,256,3,
ML-KEM-1024,KEM,5.0,5120,0.1906,0.0826,0.0553,1568,32,1536,0.3284,True,5639,2025-09-09T14:02:24.639085+00:00,256,3,
ML-KEM-1024,KEM,5.0,5120,0.2682,0.0983,0.0698,1568,32,1536,0.4363,True,5640,2025-09-09T14:02:24.742995+00:00,256,3,
ML-KEM-1024,KEM,5.0,5120,0.1753,0.0884,0.0778,1568,32,1536,0.3415,True,5641,2025-09-09T14:02:24.845928+00:00,256,3,
ML-KEM-1024,KEM,5.0,5120,0.2212,0.0749,0.0555,1568,32,1536,0.3516,True,5642,2025-09-09T14:02:24.948560+00:00,256,3,
ML-KEM-1024,KEM,5.0,5120,0.1601,0.0695,0.0516,1568,32,1536,0.2812,True,5643,2025-09-09T14:02:25.050986+00:00,256,3,
ML-KEM-1024,KEM,5.0,5120,0.1917,0.0832,0.0675,1568,32,1536,0.3424,True,5644,2025-09-09T14:02:25.153626+00:00,256,3,
ML-KEM-1024,KEM,5.0,5120,0.1725,0.077,0.0628,1568,32,1536,0.3123,True,5645,2025-09-09T14:02:25.256126+00:00,256,3,
ML-KEM-1024,KEM,5.0,5120,0.1429,0.0696,0.0497,1568,32,1536,0.2622,True,5646,2025-09-09T14:02:25.357884+00:00,256,3,
ML-KEM-1024,KEM,5.0,5120,0.1882,0.0928,0.065,1568,32,1536,0.346,True,5647,2025-09-09T14:02:25.459907+00:00,256,3,
ML-KEM-1024,KEM,5.0,5120,0.1886,0.066,0.0634,1568,32,1536,0.318,True,5648,2025-09-09T14:02:25.562394+00:00,256,3,
ML-KEM-1024,KEM,5.0,5120,0.166,0.0838,0.0652,1568,32,1536,0.315,True,5649,2025-09-09T14:02:25.665137+00:00,256,3,
ML-KEM-1024,KEM,5.0,5120,0.4249,0.0944,0.0585,1568,32,1536,0.5778,True,5650,2025-09-09T14:02:25.767757+00:00,256,3,
ML-KEM-1024,KEM,10.0,10240,0.2122,0.0742,0.0572,1568,32,1536,0.3437,True,5651,2025-09-09T14:02:25.871001+00:00,256,3,
ML-KEM-1024,KEM,10.0,10240,0.2043,0.1531,0.1349,1568,32,1536,0.4923,True,5652,2025-09-09T14:02:25.974382+00:00,256,3,
ML-KEM-1024,KEM,10.0,10240,0.2564,0.093,0.0675,1568,32,1536,0.4169,True,5653,2025-09-09T14:02:26.077603+00:00,256,3,
ML-KEM-1024,KEM,10.0,10240,0.1849,0.0726,0.0666,1568,32,1536,0.3241,True,5654,2025-09-09T14:02:26.181791+00:00,256,3,
ML-KEM-1024,KEM,10.0,10240,0.1582,0.067,0.0558,1568,32,1536,0.281,True,5655,2025-09-09T14:02:26.285656+00:00,256,3,
ML-KEM-1024,KEM,10.0,10240,0.1979,0.0659,0.0533,1568,32,1536,0.3171,True,5656,2025-09-09T14:02:26.389292+00:00,256,3,
ML-KEM-1024,KEM,10.0,10240,0.1807,0.0865,0.063,1568,32,1536,0.3302,True,5657,2025-09-09T14:02:26.492952+00:00,256,3,
ML-KEM-1024,KEM,10.0,10240,0.2,0.0744,0.0549,1568,32,1536,0.3293,True,5658,2025-09-09T14:02:26.595978+00:00,256,3,
ML-KEM-1024,KEM,10.0,10240,0.1953,0.0719,0.0594,1568,32,1536,0.3266,True,5659,2025-09-09T14:02:26.699355+00:00,256,3,
ML-KEM-1024,KEM,10.0,10240,0.1877,0.0705,0.1181,1568,32,1536,0.3764,True,5660,2025-09-09T14:02:26.802641+00:00,256,3,
ML-KEM-1024,KEM,10.0,10240,0.2072,0.1889,0.9385,1568,32,1536,1.3346,True,5661,2025-09-09T14:02:26.908511+00:00,256,3,
ML-KEM-1024,KEM,10.0,10240,0.1727,0.1277,0.1428,1568,32,1536,0.4432,True,5662,2025-09-09T14:02:27.013264+00:00,256,3,
ML-KEM-1024,KEM,10.0,10240,0.1832,0.0764,0.0574,1568,32,1536,0.3169,True,5663,2025-09-09T14:02:27.117760+00:00,256,3,
ML-KEM-1024,KEM,10.0,10240,0.1902,0.0843,0.0564,1568,32,1536,0.3309,True,5664,2025-09-09T14:02:27.220808+00:00,256,3,
ML-KEM-1024,KEM,10.0,10240,0.1953,0.0776,0.0548,1568,32,1536,0.3277,True,5665,2025-09-09T14:02:27.325236+00:00,256,3,
ML-KEM-1024,KEM,10.0,10240,0.4776,0.1041,0.0576,1568,32,1536,0.6394,True,5666,2025-09-09T14:02:27.428479+00:00,256,3,
ML-KEM-1024,KEM,10.0,10240,0.5025,0.3729,0.0903,1568,32,1536,0.9657,True,5667,2025-09-09T14:02:27.538532+00:00,256,3,
ML-KEM-1024,KEM,10.0,10240,0.1859,0.0799,0.0554,1568,32,1536,0.3212,True,5668,2025-09-09T14:02:27.645063+00:00,256,3,
ML-KEM-1024,KEM,10.0,10240,0.1813,0.0781,0.0671,1568,32,1536,0.3265,True,5669,2025-09-09T14:02:27.750944+00:00,256,3,
ML-KEM-1024,KEM,10.0,10240,0.2193,0.0868,0.0978,1568,32,1536,0.4039,True,5670,2025-09-09T14:02:27.854227+00:00,256,3,
ML-KEM-1024,KEM,10.0,10240,0.2189,0.0867,0.053,1568,32,1536,0.3586,True,5671,2025-09-09T14:02:27.957328+00:00,256,3,
ML-KEM-1024,KEM,10.0,10240,0.1875,0.0774,0.0547,1568,32,1536,0.3196,True,5672,2025-09-09T14:02:28.061104+00:00,256,3,
ML-KEM-1024,KEM,10.0,10240,0.1759,0.068,0.0533,1568,32,1536,0.2972,True,5673,2025-09-09T14:02:28.164104+00:00,256,3,
ML-KEM-1024,KEM,10.0,10240,0.1966,0.0699,0.0473,1568,32,1536,0.3139,True,5674,2025-09-09T14:02:28.266753+00:00,256,3,
ML-KEM-1024,KEM,10.0,10240,0.1767,0.0689,0.0536,1568,32,1536,0.2992,True,5675,2025-09-09T14:02:28.370227+00:00,256,3,
ML-KEM-1024,KEM,10.0,10240,0.1756,0.0644,0.0498,1568,32,1536,0.2898,True,5676,2025-09-09T14:02:28.473190+00:00,256,3,
ML-KEM-1024,KEM,10.0,10240,0.221,0.1092,0.0615,1568,32,1536,0.3917,True,5677,2025-09-09T14:02:28.576335+00:00,256,3,
ML-KEM-1024,KEM,10.0,10240,0.1441,0.1053,0.0584,1568,32,1536,0.3078,True,5678,2025-09-09T14:02:28.680110+00:00,256,3,
ML-KEM-1024,KEM,10.0,10240,0.1462,0.0853,0.0559,1568,32,1536,0.2873,True,5679,2025-09-09T14:02:28.783994+00:00,256,3,
ML-KEM-1024,KEM,10.0,10240,0.1819,0.0754,0.0546,1568,32,1536,0.3119,True,5680,2025-09-09T14:02:28.886975+00:00,256,3,
ML-KEM-1024,KEM,10.0,10240,0.1945,0.0932,0.0603,1568,32,1536,0.348,True,5681,2025-09-09T14:02:28.989941+00:00,256,3,
ML-KEM-1024,KEM,10.0,10240,0.1521,0.0792,0.0603,1568,32,1536,0.2916,True,5682,2025-09-09T14:02:29.094373+00:00,256,3,
ML-KEM-1024,KEM,10.0,10240,0.2323,0.1037,0.0612,1568,32,1536,0.3971,True,5683,2025-09-09T14:02:29.198640+00:00,256,3,
ML-KEM-1024,KEM,10.0,10240,0.1466,0.102,0.058,1568,32,1536,0.3067,True,5684,2025-09-09T14:02:29.302646+00:00,256,3,
ML-KEM-1024,KEM,10.0,10240,0.2299,0.1128,0.0624,1568,32,1536,0.4051,True,5685,2025-09-09T14:02:29.406871+00:00,256,3,
ML-KEM-1024,KEM,10.0,10240,0.1923,0.081,0.0631,1568,32,1536,0.3364,True,5686,2025-09-09T14:02:29.509779+00:00,256,3,
ML-KEM-1024,KEM,10.0,10240,0.1429,0.0715,0.0494,1568,32,1536,0.2638,True,5687,2025-09-09T14:02:29.613797+00:00,256,3,
ML-KEM-1024,KEM,10.0,10240,0.2013,0.0769,0.0545,1568,32,1536,0.3326,True,5688,2025-09-09T14:02:29.716560+00:00,256,3,
ML-KEM-1024,KEM,10.0,10240,0.1847,0.0784,0.0586,1568,32,1536,0.3216,True,5689,2025-09-09T14:02:29.819497+00:00,256,3,
ML-KEM-1024,KEM,10.0,10240,0.2532,0.089,0.0563,1568,32,1536,0.3985,True,5690,2025-09-09T14:02:29.922413+00:00,256,3,
ML-KEM-1024,KEM,10.0,10240,0.2042,0.0833,0.0549,1568,32,1536,0.3424,True,5691,2025-09-09T14:02:30.025375+00:00,256,3,
ML-KEM-1024,KEM,10.0,10240,0.1969,0.0924,0.0735,1568,32,1536,0.3627,True,5692,2025-09-09T14:02:30.129223+00:00,256,3,
ML-KEM-1024,KEM,10.0,10240,0.1609,0.0633,0.0498,1568,32,1536,0.274,True,5693,2025-09-09T14:02:30.233377+00:00,256,3,
ML-KEM-1024,KEM,10.0,10240,0.1732,0.0696,0.0525,1568,32,1536,0.2954,True,5694,2025-09-09T14:02:30.336230+00:00,256,3,
ML-KEM-1024,KEM,10.0,10240,0.1418,0.0708,0.0511,1568,32,1536,0.2636,True,5695,2025-09-09T14:02:30.440426+00:00,256,3,
ML-KEM-1024,KEM,10.0,10240,0.1397,0.0629,0.0493,1568,32,1536,0.2519,True,5696,2025-09-09T14:02:30.544677+00:00,256,3,
ML-KEM-1024,KEM,10.0,10240,0.1437,0.0715,0.0547,1568,32,1536,0.2699,True,5697,2025-09-09T14:02:30.648635+00:00,256,3,
ML-KEM-1024,KEM,10.0,10240,0.1825,0.0756,0.0533,1568,32,1536,0.3114,True,5698,2025-09-09T14:02:30.751921+00:00,256,3,
ML-KEM-1024,KEM,10.0,10240,0.2121,0.0722,0.05,1568,32,1536,0.3343,True,5699,2025-09-09T14:02:30.854808+00:00,256,3,
ML-KEM-1024,KEM,10.0,10240,0.1289,0.0619,0.0398,1568,32,1536,0.2306,True,5700,2025-09-09T14:02:30.959239+00:00,256,3,
sntrup761,KEM,0.1,102,6.1725,0.1764,0.0505,1039,32,1007,6.3994,True,5701,2025-09-09T14:02:31.075160+00:00,128,1,
sntrup761,KEM,0.1,102,0.5287,0.0514,0.0498,1039,32,1007,0.6298,True,5702,2025-09-09T14:02:31.176390+00:00,128,1,
sntrup761,KEM,0.1,102,0.6046,0.0724,0.0371,1039,32,1007,0.7141,True,5703,2025-09-09T14:02:31.277633+00:00,128,1,
sntrup761,KEM,0.1,102,0.5788,0.0552,0.0376,1039,32,1007,0.6716,True,5704,2025-09-09T14:02:31.378821+00:00,128,1,
sntrup761,KEM,0.1,102,0.6887,0.0679,0.0773,1039,32,1007,0.8339,True,5705,2025-09-09T14:02:31.480136+00:00,128,1,
sntrup761,KEM,0.1,102,0.7101,0.1139,0.0531,1039,32,1007,0.8771,True,5706,2025-09-09T14:02:31.581540+00:00,128,1,
sntrup761,KEM,0.1,102,0.7013,0.0938,0.0533,1039,32,1007,0.8484,True,5707,2025-09-09T14:02:31.682946+00:00,128,1,
sntrup761,KEM,0.1,102,0.7712,0.0877,0.0525,1039,32,1007,0.9115,True,5708,2025-09-09T14:02:31.784378+00:00,128,1,
sntrup761,KEM,0.1,102,0.8954,0.0648,0.0524,1039,32,1007,1.0125,True,5709,2025-09-09T14:02:31.885944+00:00,128,1,
sntrup761,KEM,0.1,102,0.5415,0.0458,0.0317,1039,32,1007,0.619,True,5710,2025-09-09T14:02:31.987062+00:00,128,1,
sntrup761,KEM,0.1,102,0.7935,0.0956,0.0723,1039,32,1007,0.9614,True,5711,2025-09-09T14:02:32.088548+00:00,128,1,
sntrup761,KEM,0.1,102,0.8455,0.0737,0.0494,1039,32,1007,0.9685,True,5712,2025-09-09T14:02:32.190067+00:00,128,1,
sntrup761,KEM,0.1,102,0.8115,0.0964,0.0499,1039,32,1007,0.9577,True,5713,2025-09-09T14:02:32.291576+00:00,128,1,
sntrup761,KEM,0.1,102,0.9266,0.0767,0.0487,1039,32,1007,1.052,True,5714,2025-09-09T14:02:32.393192+00:00,128,1,
sntrup761,KEM,0.1,102,0.5885,0.0661,0.0526,1039,32,1007,0.7072,True,5715,2025-09-09T14:02:32.494419+00:00,128,1,
sntrup761,KEM,0.1,102,0.8473,0.093,0.0492,1039,32,1007,0.9896,True,5716,2025-09-09T14:02:32.595931+00:00,128,1,
sntrup761,KEM,0.1,102,0.5012,0.0542,0.0367,1039,32,1007,0.5922,True,5717,2025-09-09T14:02:32.697054+00:00,128,1,
sntrup761,KEM,0.1,102,0.694,0.0849,0.0487,1039,32,1007,0.8276,True,5718,2025-09-09T14:02:32.798361+00:00,128,1,
sntrup761,KEM,0.1,102,0.7565,0.0837,0.0454,1039,32,1007,0.8856,True,5719,2025-09-09T14:02:32.899820+00:00,128,1,
sntrup761,KEM,0.1,102,0.838,0.0898,0.0449,1039,32,1007,0.9727,True,5720,2025-09-09T14:02:33.001327+00:00,128,1,
sntrup761,KEM,0.1,102,0.8325,0.0737,0.0438,1039,32,1007,0.95,True,5721,2025-09-09T14:02:33.102831+00:00,128,1,
sntrup761,KEM,0.1,102,0.8031,0.0805,0.0488,1039,32,1007,0.9324,True,5722,2025-09-09T14:02:33.204342+00:00,128,1,
sntrup761,KEM,0.1,102,0.8052,0.0748,0.0496,1039,32,1007,0.9296,True,5723,2025-09-09T14:02:33.305814+00:00,128,1,
sntrup761,KEM,0.1,102,0.6101,0.0656,0.0536,1039,32,1007,0.7292,True,5724,2025-09-09T14:02:33.407097+00:00,128,1,
sntrup761,KEM,0.1,102,0.495,0.0891,0.0392,1039,32,1007,0.6233,True,5725,2025-09-09T14:02:33.508201+00:00,128,1,
sntrup761,KEM,0.1,102,0.6628,0.0694,0.0537,1039,32,1007,0.7859,True,5726,2025-09-09T14:02:33.609492+00:00,128,1,
sntrup761,KEM,0.1,102,0.6315,0.0589,0.0374,1039,32,1007,0.7278,True,5727,2025-09-09T14:02:33.710739+00:00,128,1,
sntrup761,KEM,0.1,102,0.5604,0.0655,0.0552,1039,32,1007,0.6812,True,5728,2025-09-09T14:02:33.811923+00:00,128,1,
sntrup761,KEM,0.1,102,0.6115,0.068,0.0385,1039,32,1007,0.7181,True,5729,2025-09-09T14:02:33.913110+00:00,128,1,
sntrup761,KEM,0.1,102,0.7313,0.0815,0.0498,1039,32,1007,0.8626,True,5730,2025-09-09T14:02:34.014489+00:00,128,1,
sntrup761,KEM,0.1,102,0.6225,0.0669,0.0514,1039,32,1007,0.7408,True,5731,2025-09-09T14:02:34.115810+00:00,128,1,
sntrup761,KEM,0.1,102,0.7245,0.0925,0.0452,1039,32,1007,0.8622,True,5732,2025-09-09T14:02:34.217202+00:00,128,1,
sntrup761,KEM,0.1,102,0.5569,0.0631,0.0386,1039,32,1007,0.6587,True,5733,2025-09-09T14:02:34.318437+00:00,128,1,
sntrup761,KEM,0.1,102,0.526,0.0679,0.0471,1039,32,1007,0.641,True,5734,2025-09-09T14:02:34.419630+00:00,128,1,
sntrup761,KEM,0.1,102,0.7757,0.0759,0.0478,1039,32,1007,0.8993,True,5735,2025-09-09T14:02:34.521089+00:00,128,1,
sntrup761,KEM,0.1,102,0.7427,0.0777,0.046,1039,32,1007,0.8664,True,5736,2025-09-09T14:02:34.622493+00:00,128,1,
sntrup761,KEM,0.1,102,0.7331,0.0735,0.0534,1039,32,1007,0.8599,True,5737,2025-09-09T14:02:34.723930+00:00,128,1,
sntrup761,KEM,0.1,102,0.7059,0.0573,0.0441,1039,32,1007,0.8073,True,5738,2025-09-09T14:02:34.825245+00:00,128,1,
sntrup761,KEM,0.1,102,0.8155,0.0875,0.0512,1039,32,1007,0.9542,True,5739,2025-09-09T14:02:34.926702+00:00,128,1,
sntrup761,KEM,0.1,102,0.8013,0.0827,0.048,1039,32,1007,0.9319,True,5740,2025-09-09T14:02:35.028248+00:00,128,1,
sntrup761,KEM,0.1,102,0.7178,0.0824,0.0474,1039,32,1007,0.8476,True,5741,2025-09-09T14:02:35.129644+00:00,128,1,
sntrup761,KEM,0.1,102,0.7748,0.0888,0.0499,1039,32,1007,0.9135,True,5742,2025-09-09T14:02:35.231134+00:00,128,1,
sntrup761,KEM,0.1,102,0.7724,0.0877,0.0453,1039,32,1007,0.9054,True,5743,2025-09-09T14:02:35.332536+00:00,128,1,
sntrup761,KEM,0.1,102,0.6984,0.0909,0.0465,1039,32,1007,0.8358,True,5744,2025-09-09T14:02:35.433927+00:00,128,1,
sntrup761,KEM,0.1,102,0.6121,0.081,0.0404,1039,32,1007,0.7335,True,5745,2025-09-09T14:02:35.535203+00:00,128,1,
sntrup761,KEM,0.1,102,0.6285,0.0787,0.039,1039,32,1007,0.7462,True,5746,2025-09-09T14:02:35.636481+00:00,128,1,
sntrup761,KEM,0.1,102,0.5636,0.0609,0.0395,1039,32,1007,0.664,True,5747,2025-09-09T14:02:35.737675+00:00,128,1,
sntrup761,KEM,0.1,102,0.6584,0.097,0.0558,1039,32,1007,0.8112,True,5748,2025-09-09T14:02:35.838991+00:00,128,1,
sntrup761,KEM,0.1,102,0.8034,0.0639,0.0482,1039,32,1007,0.9154,True,5749,2025-09-09T14:02:35.940531+00:00,128,1,
sntrup761,KEM,0.1,102,0.8147,0.0608,0.0533,1039,32,1007,0.9288,True,5750,2025-09-09T14:02:36.041983+00:00,128,1,
sntrup761,KEM,0.5,512,0.7029,0.0756,0.0481,1039,32,1007,0.8266,True,5751,2025-09-09T14:02:36.144260+00:00,128,1,
sntrup761,KEM,0.5,512,0.745,0.0886,0.0422,1039,32,1007,0.8758,True,5752,2025-09-09T14:02:36.245802+00:00,128,1,
sntrup761,KEM,0.5,512,0.8128,0.0808,0.0491,1039,32,1007,0.9427,True,5753,2025-09-09T14:02:36.347367+00:00,128,1,
sntrup761,KEM,0.5,512,0.765,0.0965,0.0552,1039,32,1007,0.9166,True,5754,2025-09-09T14:02:36.448953+00:00,128,1,
sntrup761,KEM,0.5,512,0.7517,0.0739,0.0467,1039,32,1007,0.8723,True,5755,2025-09-09T14:02:36.551033+00:00,128,1,
sntrup761,KEM,0.5,512,0.7658,0.0917,0.0443,1039,32,1007,0.9018,True,5756,2025-09-09T14:02:36.652583+00:00,128,1,
sntrup761,KEM,0.5,512,0.7048,0.0878,0.0501,1039,32,1007,0.8427,True,5757,2025-09-09T14:02:36.754117+00:00,128,1,
sntrup761,KEM,0.5,512,0.791,0.093,0.0441,1039,32,1007,0.9281,True,5758,2025-09-09T14:02:36.855704+00:00,128,1,
sntrup761,KEM,0.5,512,0.7298,0.0885,0.0473,1039,32,1007,0.8655,True,5759,2025-09-09T14:02:36.957180+00:00,128,1,
sntrup761,KEM,0.5,512,0.7108,0.0922,0.0434,1039,32,1007,0.8464,True,5760,2025-09-09T14:02:37.058653+00:00,128,1,
sntrup761,KEM,0.5,512,0.7668,0.0971,0.0518,1039,32,1007,0.9157,True,5761,2025-09-09T14:02:37.160291+00:00,128,1,
sntrup761,KEM,0.5,512,0.874,0.0894,0.063,1039,32,1007,1.0265,True,5762,2025-09-09T14:02:37.262015+00:00,128,1,
sntrup761,KEM,0.5,512,0.5721,0.0568,0.0434,1039,32,1007,0.6723,True,5763,2025-09-09T14:02:37.364026+00:00,128,1,
sntrup761,KEM,0.5,512,0.7886,0.0851,0.0511,1039,32,1007,0.9247,True,5764,2025-09-09T14:02:37.465508+00:00,128,1,
sntrup761,KEM,0.5,512,0.7948,0.0804,0.0576,1039,32,1007,0.9327,True,5765,2025-09-09T14:02:37.567116+00:00,128,1,
sntrup761,KEM,0.5,512,0.7891,0.0938,0.0538,1039,32,1007,0.9366,True,5766,2025-09-09T14:02:37.668975+00:00,128,1,
sntrup761,KEM,0.5,512,0.7313,0.0777,0.0454,1039,32,1007,0.8543,True,5767,2025-09-09T14:02:37.770532+00:00,128,1,
sntrup761,KEM,0.5,512,0.8328,0.0771,0.0502,1039,32,1007,0.96,True,5768,2025-09-09T14:02:37.872797+00:00,128,1,
sntrup761,KEM,0.5,512,0.929,0.0818,0.0658,1039,32,1007,1.0767,True,5769,2025-09-09T14:02:37.974558+00:00,128,1,
sntrup761,KEM,0.5,512,0.7836,0.087,0.0446,1039,32,1007,0.9152,True,5770,2025-09-09T14:02:38.076988+00:00,128,1,
sntrup761,KEM,0.5,512,0.8735,0.1006,0.0635,1039,32,1007,1.0376,True,5771,2025-09-09T14:02:38.178659+00:00,128,1,
sntrup761,KEM,0.5,512,0.8511,0.0835,0.0456,1039,32,1007,0.9803,True,5772,2025-09-09T14:02:38.280278+00:00,128,1,
sntrup761,KEM,0.5,512,0.7558,0.0793,0.0441,1039,32,1007,0.8792,True,5773,2025-09-09T14:02:38.381801+00:00,128,1,
sntrup761,KEM,0.5,512,0.8607,0.0811,0.0757,1039,32,1007,1.0175,True,5774,2025-09-09T14:02:38.483509+00:00,128,1,
sntrup761,KEM,0.5,512,0.8777,0.0832,0.0467,1039,32,1007,1.0077,True,5775,2025-09-09T14:02:38.585162+00:00,128,1,
sntrup761,KEM,0.5,512,0.7908,0.0792,0.0468,1039,32,1007,0.9169,True,5776,2025-09-09T14:02:38.686768+00:00,128,1,
sntrup761,KEM,0.5,512,1.3716,0.0946,0.0472,1039,32,1007,1.5134,True,5777,2025-09-09T14:02:38.788929+00:00,128,1,
sntrup761,KEM,0.5,512,0.7538,0.0985,0.0455,1039,32,1007,0.8978,True,5778,2025-09-09T14:02:38.890471+00:00,128,1,
sntrup761,KEM,0.5,512,0.7908,0.094,0.0462,1039,32,1007,0.931,True,5779,2025-09-09T14:02:38.992145+00:00,128,1,
sntrup761,KEM,0.5,512,0.7899,0.088,0.0447,1039,32,1007,0.9227,True,5780,2025-09-09T14:02:39.093872+00:00,128,1,
sntrup761,KEM,0.5,512,0.7556,0.094,0.0453,1039,32,1007,0.8949,True,5781,2025-09-09T14:02:39.195406+00:00,128,1,
sntrup761,KEM,0.5,512,0.7681,0.0698,0.0504,1039,32,1007,0.8884,True,5782,2025-09-09T14:02:39.297012+00:00,128,1,
sntrup761,KEM,0.5,512,0.7678,0.128,0.049,1039,32,1007,0.9447,True,5783,2025-09-09T14:02:39.398647+00:00,128,1,
sntrup761,KEM,0.5,512,0.7634,0.0858,0.045,1039,32,1007,0.8942,True,5784,2025-09-09T14:02:39.500170+00:00,128,1,
sntrup761,KEM,0.5,512,0.8025,0.0857,0.0465,1039,32,1007,0.9347,True,5785,2025-09-09T14:02:39.601742+00:00,128,1,
sntrup761,KEM,0.5,512,0.7602,0.0896,0.0452,1039,32,1007,0.8949,True,5786,2025-09-09T14:02:39.703311+00:00,128,1,
sntrup761,KEM,0.5,512,0.7335,0.0897,0.0438,1039,32,1007,0.867,True,5787,2025-09-09T14:02:39.804856+00:00,128,1,
sntrup761,KEM,0.5,512,0.7446,0.0933,0.0463,1039,32,1007,0.8842,True,5788,2025-09-09T14:02:39.906416+00:00,128,1,
sntrup761,KEM,0.5,512,0.7356,0.0846,0.0447,1039,32,1007,0.8649,True,5789,2025-09-09T14:02:40.007948+00:00,128,1,
sntrup761,KEM,0.5,512,0.7371,0.0846,0.0447,1039,32,1007,0.8664,True,5790,2025-09-09T14:02:40.109475+00:00,128,1,
sntrup761,KEM,0.5,512,0.676,0.0832,0.0472,1039,32,1007,0.8064,True,5791,2025-09-09T14:02:40.210957+00:00,128,1,
sntrup761,KEM,0.5,512,0.8614,0.0752,0.0499,1039,32,1007,0.9866,True,5792,2025-09-09T14:02:40.314323+00:00,128,1,
sntrup761,KEM,0.5,512,0.7706,0.0803,0.0459,1039,32,1007,0.8967,True,5793,2025-09-09T14:02:40.415929+00:00,128,1,
sntrup761,KEM,0.5,512,0.7294,0.1294,0.0512,1039,32,1007,0.9101,True,5794,2025-09-09T14:02:40.517476+00:00,128,1,
sntrup761,KEM,0.5,512,0.5695,0.0584,0.047,1039,32,1007,0.6749,True,5795,2025-09-09T14:02:40.618858+00:00,128,1,
sntrup761,KEM,0.5,512,0.4975,0.0488,0.0373,1039,32,1007,0.5836,True,5796,2025-09-09T14:02:40.720108+00:00,128,1,
sntrup761,KEM,0.5,512,0.6983,0.1237,0.0455,1039,32,1007,0.8675,True,5797,2025-09-09T14:02:40.821579+00:00,128,1,
sntrup761,KEM,0.5,512,0.7425,0.0879,0.044,1039,32,1007,0.8744,True,5798,2025-09-09T14:02:40.923100+00:00,128,1,
sntrup761,KEM,0.5,512,0.748,0.092,0.0493,1039,32,1007,0.8893,True,5799,2025-09-09T14:02:41.024583+00:00,128,1,
sntrup761,KEM,0.5,512,0.8055,0.0835,0.05,1039,32,1007,0.9391,True,5800,2025-09-09T14:02:41.126410+00:00,128,1,
sntrup761,KEM,1.0,1024,1.2692,0.0877,0.0507,1039,32,1007,1.4076,True,5801,2025-09-09T14:02:41.230064+00:00,128,1,
sntrup761,KEM,1.0,1024,0.8034,0.067,0.0484,1039,32,1007,0.9188,True,5802,2025-09-09T14:02:41.331996+00:00,128,1,
sntrup761,KEM,1.0,1024,0.8519,0.0686,0.0527,1039,32,1007,0.9732,True,5803,2025-09-09T14:02:41.433788+00:00,128,1,
sntrup761,KEM,1.0,1024,0.7764,0.0699,0.0724,1039,32,1007,0.9186,True,5804,2025-09-09T14:02:41.535523+00:00,128,1,
sntrup761,KEM,1.0,1024,0.8038,0.0776,0.0514,1039,32,1007,0.9327,True,5805,2025-09-09T14:02:41.637285+00:00,128,1,
sntrup761,KEM,1.0,1024,0.7263,0.0879,0.0434,1039,32,1007,0.8575,True,5806,2025-09-09T14:02:41.738870+00:00,128,1,
sntrup761,KEM,1.0,1024,0.7085,0.0921,0.0757,1039,32,1007,0.8763,True,5807,2025-09-09T14:02:41.840533+00:00,128,1,
sntrup761,KEM,1.0,1024,0.7441,0.0794,0.0459,1039,32,1007,0.8694,True,5808,2025-09-09T14:02:41.943068+00:00,128,1,
sntrup761,KEM,1.0,1024,0.8739,0.1003,0.0515,1039,32,1007,1.0257,True,5809,2025-09-09T14:02:42.045067+00:00,128,1,
sntrup761,KEM,1.0,1024,0.7881,0.1557,0.0492,1039,32,1007,0.9929,True,5810,2025-09-09T14:02:42.146964+00:00,128,1,
sntrup761,KEM,1.0,1024,0.7038,0.1068,0.0506,1039,32,1007,0.8612,True,5811,2025-09-09T14:02:42.248576+00:00,128,1,
sntrup761,KEM,1.0,1024,0.662,0.0532,0.0403,1039,32,1007,0.7555,True,5812,2025-09-09T14:02:42.350091+00:00,128,1,
sntrup761,KEM,1.0,1024,0.8126,0.0925,0.0536,1039,32,1007,0.9587,True,5813,2025-09-09T14:02:42.451827+00:00,128,1,
sntrup761,KEM,1.0,1024,0.628,0.0767,0.0379,1039,32,1007,0.7427,True,5814,2025-09-09T14:02:42.553400+00:00,128,1,
sntrup761,KEM,1.0,1024,0.6997,0.0873,0.0437,1039,32,1007,0.8307,True,5815,2025-09-09T14:02:42.655027+00:00,128,1,
sntrup761,KEM,1.0,1024,0.9292,0.0637,0.0511,1039,32,1007,1.044,True,5816,2025-09-09T14:02:42.756825+00:00,128,1,
sntrup761,KEM,1.0,1024,0.8692,0.0977,0.0688,1039,32,1007,1.0357,True,5817,2025-09-09T14:02:42.863122+00:00,128,1,
sntrup761,KEM,1.0,1024,0.5752,0.0564,0.0374,1039,32,1007,0.6691,True,5818,2025-09-09T14:02:42.964805+00:00,128,1,
sntrup761,KEM,1.0,1024,0.766,0.0945,0.0461,1039,32,1007,0.9066,True,5819,2025-09-09T14:02:43.066373+00:00,128,1,
sntrup761,KEM,1.0,1024,0.6962,0.0678,0.0484,1039,32,1007,0.8124,True,5820,2025-09-09T14:02:43.168047+00:00,128,1,
sntrup761,KEM,1.0,1024,0.7192,0.0727,0.0428,1039,32,1007,0.8348,True,5821,2025-09-09T14:02:43.269675+00:00,128,1,
sntrup761,KEM,1.0,1024,0.7923,0.0934,0.0505,1039,32,1007,0.9362,True,5822,2025-09-09T14:02:43.371427+00:00,128,1,
sntrup761,KEM,1.0,1024,0.6941,0.0723,0.0438,1039,32,1007,0.8102,True,5823,2025-09-09T14:02:43.473025+00:00,128,1,
sntrup761,KEM,1.0,1024,0.5997,0.0952,0.0618,1039,32,1007,0.7567,True,5824,2025-09-09T14:02:43.574630+00:00,128,1,
sntrup761,KEM,1.0,1024,0.5346,0.0635,0.0561,1039,32,1007,0.6542,True,5825,2025-09-09T14:02:43.676034+00:00,128,1,
sntrup761,KEM,1.0,1024,0.7661,0.0861,0.0459,1039,32,1007,0.898,True,5826,2025-09-09T14:02:43.777679+00:00,128,1,
sntrup761,KEM,1.0,1024,0.7923,0.0857,0.0458,1039,32,1007,0.9238,True,5827,2025-09-09T14:02:43.879368+00:00,128,1,
sntrup761,KEM,1.0,1024,0.7117,0.0915,0.0455,1039,32,1007,0.8488,True,5828,2025-09-09T14:02:43.980990+00:00,128,1,
sntrup761,KEM,1.0,1024,0.7471,0.1158,0.0484,1039,32,1007,0.9113,True,5829,2025-09-09T14:02:44.082622+00:00,128,1,
sntrup761,KEM,1.0,1024,0.8452,0.0943,0.0473,1039,32,1007,0.9868,True,5830,2025-09-09T14:02:44.184383+00:00,128,1,
sntrup761,KEM,1.0,1024,0.7916,0.0808,0.0445,1039,32,1007,0.9169,True,5831,2025-09-09T14:02:44.286135+00:00,128,1,
sntrup761,KEM,1.0,1024,0.9907,0.1092,0.0628,1039,32,1007,1.1627,True,5832,2025-09-09T14:02:44.388123+00:00,128,1,
sntrup761,KEM,1.0,1024,0.7036,0.1018,0.0405,1039,32,1007,0.846,True,5833,2025-09-09T14:02:44.489871+00:00,128,1,
sntrup761,KEM,1.0,1024,0.7362,0.0543,0.039,1039,32,1007,0.8295,True,5834,2025-09-09T14:02:44.591421+00:00,128,1,
sntrup761,KEM,1.0,1024,0.6569,0.0937,0.0567,1039,32,1007,0.8073,True,5835,2025-09-09T14:02:44.693142+00:00,128,1,
sntrup761,KEM,1.0,1024,0.7393,0.0869,0.0462,1039,32,1007,0.8724,True,5836,2025-09-09T14:02:44.794754+00:00,128,1,
sntrup761,KEM,1.0,1024,0.7169,0.1207,0.0478,1039,32,1007,0.8855,True,5837,2025-09-09T14:02:44.896433+00:00,128,1,
sntrup761,KEM,1.0,1024,0.5701,0.0574,0.0369,1039,32,1007,0.6644,True,5838,2025-09-09T14:02:44.997831+00:00,128,1,
sntrup761,KEM,1.0,1024,0.6518,0.0698,0.0378,1039,32,1007,0.7595,True,5839,2025-09-09T14:02:45.099394+00:00,128,1,
sntrup761,KEM,1.0,1024,0.9006,0.0903,0.0457,1039,32,1007,1.0366,True,5840,2025-09-09T14:02:45.201202+00:00,128,1,
sntrup761,KEM,1.0,1024,0.7419,0.0608,0.0439,1039,32,1007,0.8466,True,5841,2025-09-09T14:02:45.304227+00:00,128,1,
sntrup761,KEM,1.0,1024,0.5205,0.0601,0.0485,1039,32,1007,0.6292,True,5842,2025-09-09T14:02:45.405708+00:00,128,1,
sntrup761,KEM,1.0,1024,0.656,0.0507,0.0389,1039,32,1007,0.7456,True,5843,2025-09-09T14:02:45.507215+00:00,128,1,
sntrup761,KEM,1.0,1024,0.8132,0.0617,0.048,1039,32,1007,0.9228,True,5844,2025-09-09T14:02:45.608906+00:00,128,1,
sntrup761,KEM,1.0,1024,0.7729,0.0927,0.0769,1039,32,1007,0.9425,True,5845,2025-09-09T14:02:45.711511+00:00,128,1,
sntrup761,KEM,1.0,1024,0.6079,0.0698,0.0373,1039,32,1007,0.7151,True,5846,2025-09-09T14:02:45.813321+00:00,128,1,
sntrup761,KEM,1.0,1024,0.7592,0.0769,0.042,1039,32,1007,0.878,True,5847,2025-09-09T14:02:45.914935+00:00,128,1,
sntrup761,KEM,1.0,1024,0.7499,0.122,0.0566,1039,32,1007,0.9285,True,5848,2025-09-09T14:02:46.016773+00:00,128,1,
sntrup761,KEM,1.0,1024,0.7264,0.0779,0.0443,1039,32,1007,0.8486,True,5849,2025-09-09T14:02:46.118419+00:00,128,1,
sntrup761,KEM,1.0,1024,0.9242,0.073,0.0783,1039,32,1007,1.0755,True,5850,2025-09-09T14:02:46.220331+00:00,128,1,
sntrup761,KEM,2.0,2048,0.6627,0.0711,0.0372,1039,32,1007,0.771,True,5851,2025-09-09T14:02:46.322290+00:00,128,1,
sntrup761,KEM,2.0,2048,0.8002,0.0784,0.0452,1039,32,1007,0.9238,True,5852,2025-09-09T14:02:46.424126+00:00,128,1,
sntrup761,KEM,2.0,2048,0.6648,0.0866,0.0543,1039,32,1007,0.8057,True,5853,2025-09-09T14:02:46.526087+00:00,128,1,
sntrup761,KEM,2.0,2048,0.7912,0.0955,0.0475,1039,32,1007,0.9341,True,5854,2025-09-09T14:02:46.628017+00:00,128,1,
sntrup761,KEM,2.0,2048,0.8141,0.0736,0.0478,1039,32,1007,0.9355,True,5855,2025-09-09T14:02:46.729982+00:00,128,1,
sntrup761,KEM,2.0,2048,0.9292,0.081,0.0479,1039,32,1007,1.0581,True,5856,2025-09-09T14:02:46.832076+00:00,128,1,
sntrup761,KEM,2.0,2048,0.7361,0.0847,0.044,1039,32,1007,0.8648,True,5857,2025-09-09T14:02:46.933926+00:00,128,1,
sntrup761,KEM,2.0,2048,0.7728,0.0963,0.0408,1039,32,1007,0.9099,True,5858,2025-09-09T14:02:47.035971+00:00,128,1,
sntrup761,KEM,2.0,2048,0.7436,0.0745,0.0477,1039,32,1007,0.8658,True,5859,2025-09-09T14:02:47.137813+00:00,128,1,
sntrup761,KEM,2.0,2048,0.5935,0.0754,0.0646,1039,32,1007,0.7335,True,5860,2025-09-09T14:02:47.239529+00:00,128,1,
sntrup761,KEM,2.0,2048,0.6501,0.081,0.044,1039,32,1007,0.7751,True,5861,2025-09-09T14:02:47.341432+00:00,128,1,
sntrup761,KEM,2.0,2048,0.5348,0.055,0.0557,1039,32,1007,0.6455,True,5862,2025-09-09T14:02:47.443272+00:00,128,1,
sntrup761,KEM,2.0,2048,0.7206,0.0763,0.0443,1039,32,1007,0.8413,True,5863,2025-09-09T14:02:47.545039+00:00,128,1,
sntrup761,KEM,2.0,2048,0.7337,0.0713,0.0441,1039,32,1007,0.8491,True,5864,2025-09-09T14:02:47.646808+00:00,128,1,
sntrup761,KEM,2.0,2048,0.7087,0.0748,0.0443,1039,32,1007,0.8279,True,5865,2025-09-09T14:02:47.748730+00:00,128,1,
sntrup761,KEM,2.0,2048,0.7102,0.0705,0.0475,1039,32,1007,0.8282,True,5866,2025-09-09T14:02:47.850469+00:00,128,1,
sntrup761,KEM,2.0,2048,0.6998,0.0658,0.1252,1039,32,1007,0.8908,True,5867,2025-09-09T14:02:47.952386+00:00,128,1,
sntrup761,KEM,2.0,2048,0.7259,0.0865,0.0464,1039,32,1007,0.8588,True,5868,2025-09-09T14:02:48.054146+00:00,128,1,
sntrup761,KEM,2.0,2048,0.8473,0.089,0.0443,1039,32,1007,0.9806,True,5869,2025-09-09T14:02:48.156038+00:00,128,1,
sntrup761,KEM,2.0,2048,0.6796,0.0711,0.0434,1039,32,1007,0.7941,True,5870,2025-09-09T14:02:48.257730+00:00,128,1,
sntrup761,KEM,2.0,2048,0.6998,0.063,0.0847,1039,32,1007,0.8474,True,5871,2025-09-09T14:02:48.359546+00:00,128,1,
sntrup761,KEM,2.0,2048,0.7137,0.09,0.044,1039,32,1007,0.8476,True,5872,2025-09-09T14:02:48.461287+00:00,128,1,
sntrup761,KEM,2.0,2048,0.6532,0.0883,0.045,1039,32,1007,0.7865,True,5873,2025-09-09T14:02:48.563196+00:00,128,1,
sntrup761,KEM,2.0,2048,0.6337,0.0568,0.0377,1039,32,1007,0.7283,True,5874,2025-09-09T14:02:48.665162+00:00,128,1,
sntrup761,KEM,2.0,2048,0.6197,0.0635,0.0363,1039,32,1007,0.7194,True,5875,2025-09-09T14:02:48.767092+00:00,128,1,
sntrup761,KEM,2.0,2048,0.595,0.0616,0.0368,1039,32,1007,0.6934,True,5876,2025-09-09T14:02:48.868770+00:00,128,1,
sntrup761,KEM,2.0,2048,0.7416,0.1028,0.0456,1039,32,1007,0.89,True,5877,2025-09-09T14:02:48.970618+00:00,128,1,
sntrup761,KEM,2.0,2048,0.6172,0.0556,0.0326,1039,32,1007,0.7054,True,5878,2025-09-09T14:02:49.072274+00:00,128,1,
sntrup761,KEM,2.0,2048,0.7526,0.0928,0.0452,1039,32,1007,0.8906,True,5879,2025-09-09T14:02:49.173968+00:00,128,1,
sntrup761,KEM,2.0,2048,0.5837,0.0548,0.0753,1039,32,1007,0.7138,True,5880,2025-09-09T14:02:49.275870+00:00,128,1,
sntrup761,KEM,2.0,2048,0.7957,0.0764,0.0502,1039,32,1007,0.9222,True,5881,2025-09-09T14:02:49.377776+00:00,128,1,
sntrup761,KEM,2.0,2048,0.7862,0.095,0.0503,1039,32,1007,0.9315,True,5882,2025-09-09T14:02:49.479712+00:00,128,1,
sntrup761,KEM,2.0,2048,0.7593,0.078,0.0459,1039,32,1007,0.8832,True,5883,2025-09-09T14:02:49.581530+00:00,128,1,
sntrup761,KEM,2.0,2048,0.7357,0.0896,0.0438,1039,32,1007,0.8691,True,5884,2025-09-09T14:02:49.683333+00:00,128,1,
sntrup761,KEM,2.0,2048,0.7098,0.064,0.036,1039,32,1007,0.8099,True,5885,2025-09-09T14:02:49.785122+00:00,128,1,
sntrup761,KEM,2.0,2048,0.7435,0.0885,0.0484,1039,32,1007,0.8804,True,5886,2025-09-09T14:02:49.886920+00:00,128,1,
sntrup761,KEM,2.0,2048,0.5158,0.0687,0.0392,1039,32,1007,0.6237,True,5887,2025-09-09T14:02:49.988746+00:00,128,1,
sntrup761,KEM,2.0,2048,0.7146,0.1314,0.0526,1039,32,1007,0.8985,True,5888,2025-09-09T14:02:50.090600+00:00,128,1,
sntrup761,KEM,2.0,2048,0.7322,0.0645,0.0431,1039,32,1007,0.8397,True,5889,2025-09-09T14:02:50.192413+00:00,128,1,
sntrup761,KEM,2.0,2048,0.7233,0.0947,0.0432,1039,32,1007,0.8613,True,5890,2025-09-09T14:02:50.294292+00:00,128,1,
sntrup761,KEM,2.0,2048,0.6227,0.0621,0.0378,1039,32,1007,0.7226,True,5891,2025-09-09T14:02:50.396173+00:00,128,1,
sntrup761,KEM,2.0,2048,0.8779,0.1191,0.0439,1039,32,1007,1.0409,True,5892,2025-09-09T14:02:50.498205+00:00,128,1,
sntrup761,KEM,2.0,2048,0.7979,0.0807,0.0473,1039,32,1007,0.926,True,5893,2025-09-09T14:02:50.600135+00:00,128,1,
sntrup761,KEM,2.0,2048,0.7588,0.0838,0.0465,1039,32,1007,0.8891,True,5894,2025-09-09T14:02:50.701990+00:00,128,1,
sntrup761,KEM,2.0,2048,0.9168,0.1035,0.047,1039,32,1007,1.0673,True,5895,2025-09-09T14:02:50.804021+00:00,128,1,
sntrup761,KEM,2.0,2048,0.7488,0.0784,0.0493,1039,32,1007,0.8765,True,5896,2025-09-09T14:02:50.906531+00:00,128,1,
sntrup761,KEM,2.0,2048,0.595,0.0607,0.0377,1039,32,1007,0.6934,True,5897,2025-09-09T14:02:51.008270+00:00,128,1,
sntrup761,KEM,2.0,2048,0.5149,0.0503,0.0377,1039,32,1007,0.603,True,5898,2025-09-09T14:02:51.110051+00:00,128,1,
sntrup761,KEM,2.0,2048,0.6936,0.0697,0.0368,1039,32,1007,0.8001,True,5899,2025-09-09T14:02:51.211895+00:00,128,1,
sntrup761,KEM,2.0,2048,0.5671,0.0578,0.0373,1039,32,1007,0.6623,True,5900,2025-09-09T14:02:51.313648+00:00,128,1,
sntrup761,KEM,5.0,5120,0.6898,0.0859,0.0444,1039,32,1007,0.82,True,5901,2025-09-09T14:02:51.416272+00:00,128,1,
sntrup761,KEM,5.0,5120,0.7324,0.0713,0.0518,1039,32,1007,0.8555,True,5902,2025-09-09T14:02:51.518993+00:00,128,1,
sntrup761,KEM,5.0,5120,0.5075,0.0556,0.0376,1039,32,1007,0.6007,True,5903,2025-09-09T14:02:51.621645+00:00,128,1,
sntrup761,KEM,5.0,5120,0.617,0.0578,0.0375,1039,32,1007,0.7123,True,5904,2025-09-09T14:02:51.724468+00:00,128,1,
sntrup761,KEM,5.0,5120,0.7968,0.0921,0.0471,1039,32,1007,0.936,True,5905,2025-09-09T14:02:51.830429+00:00,128,1,
sntrup761,KEM,5.0,5120,0.7386,0.0837,0.0521,1039,32,1007,0.8745,True,5906,2025-09-09T14:02:51.933547+00:00,128,1,
sntrup761,KEM,5.0,5120,0.8125,0.0811,0.0469,1039,32,1007,0.9406,True,5907,2025-09-09T14:02:52.036076+00:00,128,1,
sntrup761,KEM,5.0,5120,0.9122,0.0857,0.0497,1039,32,1007,1.0476,True,5908,2025-09-09T14:02:52.138879+00:00,128,1,
sntrup761,KEM,5.0,5120,0.7948,0.0738,0.0493,1039,32,1007,0.9179,True,5909,2025-09-09T14:02:52.241726+00:00,128,1,
sntrup761,KEM,5.0,5120,0.8528,0.0748,0.0421,1039,32,1007,0.9696,True,5910,2025-09-09T14:02:52.344321+00:00,128,1,
sntrup761,KEM,5.0,5120,0.6216,0.0752,0.0721,1039,32,1007,0.769,True,5911,2025-09-09T14:02:52.446590+00:00,128,1,
sntrup761,KEM,5.0,5120,0.7205,0.0798,0.0377,1039,32,1007,0.838,True,5912,2025-09-09T14:02:52.549574+00:00,128,1,
sntrup761,KEM,5.0,5120,0.8907,0.0822,0.0499,1039,32,1007,1.0228,True,5913,2025-09-09T14:02:52.652614+00:00,128,1,
sntrup761,KEM,5.0,5120,0.8888,0.0873,0.0464,1039,32,1007,1.0225,True,5914,2025-09-09T14:02:52.755295+00:00,128,1,
sntrup761,KEM,5.0,5120,0.8871,0.0718,0.0545,1039,32,1007,1.0133,True,5915,2025-09-09T14:02:52.858406+00:00,128,1,
sntrup761,KEM,5.0,5120,0.573,0.0582,0.0572,1039,32,1007,0.6885,True,5916,2025-09-09T14:02:52.961350+00:00,128,1,
sntrup761,KEM,5.0,5120,0.8384,0.0632,0.0486,1039,32,1007,0.9502,True,5917,2025-09-09T14:02:53.064191+00:00,128,1,
sntrup761,KEM,5.0,5120,0.6447,0.0613,0.0472,1039,32,1007,0.7532,True,5918,2025-09-09T14:02:53.167219+00:00,128,1,
sntrup761,KEM,5.0,5120,0.5653,0.0639,0.0419,1039,32,1007,0.6711,True,5919,2025-09-09T14:02:53.269669+00:00,128,1,
sntrup761,KEM,5.0,5120,0.8376,0.0883,0.0495,1039,32,1007,0.9755,True,5920,2025-09-09T14:02:53.372332+00:00,128,1,
sntrup761,KEM,5.0,5120,0.8738,0.0816,0.0569,1039,32,1007,1.0124,True,5921,2025-09-09T14:02:53.475236+00:00,128,1,
sntrup761,KEM,5.0,5120,0.5589,0.0419,0.0317,1039,32,1007,0.6325,True,5922,2025-09-09T14:02:53.577777+00:00,128,1,
sntrup761,KEM,5.0,5120,0.5144,0.0519,0.0374,1039,32,1007,0.6037,True,5923,2025-09-09T14:02:53.680553+00:00,128,1,
sntrup761,KEM,5.0,5120,0.5635,0.054,0.0372,1039,32,1007,0.6547,True,5924,2025-09-09T14:02:53.782959+00:00,128,1,
sntrup761,KEM,5.0,5120,0.6681,0.0816,0.0489,1039,32,1007,0.7986,True,5925,2025-09-09T14:02:53.885860+00:00,128,1,
sntrup761,KEM,5.0,5120,0.6716,0.0873,0.0516,1039,32,1007,0.8105,True,5926,2025-09-09T14:02:53.988803+00:00,128,1,
sntrup761,KEM,5.0,5120,0.7544,0.0737,0.0455,1039,32,1007,0.8736,True,5927,2025-09-09T14:02:54.091217+00:00,128,1,
sntrup761,KEM,5.0,5120,0.7118,0.0818,0.0519,1039,32,1007,0.8455,True,5928,2025-09-09T14:02:54.194367+00:00,128,1,
sntrup761,KEM,5.0,5120,0.853,0.0794,0.0481,1039,32,1007,0.9806,True,5929,2025-09-09T14:02:54.297332+00:00,128,1,
sntrup761,KEM,5.0,5120,0.581,0.0593,0.0372,1039,32,1007,0.6775,True,5930,2025-09-09T14:02:54.400018+00:00,128,1,
sntrup761,KEM,5.0,5120,0.9451,0.0868,0.0456,1039,32,1007,1.0775,True,5931,2025-09-09T14:02:54.502900+00:00,128,1,
sntrup761,KEM,5.0,5120,0.5691,0.0713,0.044,1039,32,1007,0.6844,True,5932,2025-09-09T14:02:54.606208+00:00,128,1,
sntrup761,KEM,5.0,5120,0.5057,0.0503,0.0377,1039,32,1007,0.5937,True,5933,2025-09-09T14:02:54.708971+00:00,128,1,
sntrup761,KEM,5.0,5120,0.6973,0.0624,0.302,1039,32,1007,1.0616,True,5934,2025-09-09T14:02:54.811780+00:00,128,1,
sntrup761,KEM,5.0,5120,0.6994,0.0616,0.0551,1039,32,1007,0.816,True,5935,2025-09-09T14:02:54.915050+00:00,128,1,
sntrup761,KEM,5.0,5120,1.0181,0.074,0.0542,1039,32,1007,1.1463,True,5936,2025-09-09T14:02:55.018557+00:00,128,1,
sntrup761,KEM,5.0,5120,0.5295,0.052,0.0375,1039,32,1007,0.6191,True,5937,2025-09-09T14:02:55.121595+00:00,128,1,
sntrup761,KEM,5.0,5120,1.494,0.0905,0.0509,1039,32,1007,1.6354,True,5938,2025-09-09T14:02:55.225315+00:00,128,1,
sntrup761,KEM,5.0,5120,0.7766,0.0897,0.0455,1039,32,1007,0.9118,True,5939,2025-09-09T14:02:55.328658+00:00,128,1,
sntrup761,KEM,5.0,5120,0.5317,0.0421,0.032,1039,32,1007,0.6058,True,5940,2025-09-09T14:02:55.431382+00:00,128,1,
sntrup761,KEM,5.0,5120,1.0241,0.1267,0.0487,1039,32,1007,1.1994,True,5941,2025-09-09T14:02:55.534674+00:00,128,1,
sntrup761,KEM,5.0,5120,0.6885,0.0801,0.0441,1039,32,1007,0.8127,True,5942,2025-09-09T14:02:55.637629+00:00,128,1,
sntrup761,KEM,5.0,5120,0.608,0.0719,0.0515,1039,32,1007,0.7314,True,5943,2025-09-09T14:02:55.740525+00:00,128,1,
sntrup761,KEM,5.0,5120,0.5024,0.0504,0.0373,1039,32,1007,0.5901,True,5944,2025-09-09T14:02:55.843413+00:00,128,1,
sntrup761,KEM,5.0,5120,0.8256,0.0964,0.0516,1039,32,1007,0.9736,True,5945,2025-09-09T14:02:55.946391+00:00,128,1,
sntrup761,KEM,5.0,5120,0.7908,0.0744,0.0512,1039,32,1007,0.9164,True,5946,2025-09-09T14:02:56.049460+00:00,128,1,
sntrup761,KEM,5.0,5120,0.69,0.0576,0.0375,1039,32,1007,0.7851,True,5947,2025-09-09T14:02:56.152890+00:00,128,1,
sntrup761,KEM,5.0,5120,2.7693,0.0828,0.0475,1039,32,1007,2.8997,True,5948,2025-09-09T14:02:56.258262+00:00,128,1,
sntrup761,KEM,5.0,5120,0.8176,0.1255,0.0462,1039,32,1007,0.9893,True,5949,2025-09-09T14:02:56.361032+00:00,128,1,
sntrup761,KEM,5.0,5120,0.5899,0.0528,0.0376,1039,32,1007,0.6803,True,5950,2025-09-09T14:02:56.464135+00:00,128,1,
sntrup761,KEM,10.0,10240,0.52,0.0521,0.0375,1039,32,1007,0.6096,True,5951,2025-09-09T14:02:56.568536+00:00,128,1,
sntrup761,KEM,10.0,10240,0.6237,0.0642,0.0377,1039,32,1007,0.7255,True,5952,2025-09-09T14:02:56.673320+00:00,128,1,
sntrup761,KEM,10.0,10240,0.6431,0.0826,0.0468,1039,32,1007,0.7725,True,5953,2025-09-09T14:02:56.777887+00:00,128,1,
sntrup761,KEM,10.0,10240,0.758,0.0854,0.0433,1039,32,1007,0.8867,True,5954,2025-09-09T14:02:56.881868+00:00,128,1,
sntrup761,KEM,10.0,10240,0.6247,0.0637,0.0481,1039,32,1007,0.7364,True,5955,2025-09-09T14:02:56.985991+00:00,128,1,
sntrup761,KEM,10.0,10240,0.6128,0.0612,0.0375,1039,32,1007,0.7114,True,5956,2025-09-09T14:02:57.090456+00:00,128,1,
sntrup761,KEM,10.0,10240,0.6522,0.0658,0.0374,1039,32,1007,0.7553,True,5957,2025-09-09T14:02:57.195117+00:00,128,1,
sntrup761,KEM,10.0,10240,0.8782,0.0901,0.0444,1039,32,1007,1.0128,True,5958,2025-09-09T14:02:57.298997+00:00,128,1,
sntrup761,KEM,10.0,10240,0.8801,0.0785,0.0426,1039,32,1007,1.0012,True,5959,2025-09-09T14:02:57.403372+00:00,128,1,
sntrup761,KEM,10.0,10240,0.6749,0.0811,0.0517,1039,32,1007,0.8077,True,5960,2025-09-09T14:02:57.507952+00:00,128,1,
sntrup761,KEM,10.0,10240,0.5536,0.052,0.0369,1039,32,1007,0.6425,True,5961,2025-09-09T14:02:57.612101+00:00,128,1,
sntrup761,KEM,10.0,10240,0.589,0.0565,0.0364,1039,32,1007,0.6819,True,5962,2025-09-09T14:02:57.716606+00:00,128,1,
sntrup761,KEM,10.0,10240,0.8141,0.0615,0.0473,1039,32,1007,0.9228,True,5963,2025-09-09T14:02:57.821061+00:00,128,1,
sntrup761,KEM,10.0,10240,0.5722,0.0781,0.0388,1039,32,1007,0.6891,True,5964,2025-09-09T14:02:57.925939+00:00,128,1,
sntrup761,KEM,10.0,10240,0.7561,0.0827,0.0443,1039,32,1007,0.8831,True,5965,2025-09-09T14:02:58.030323+00:00,128,1,
sntrup761,KEM,10.0,10240,0.6623,0.0885,0.039,1039,32,1007,0.7898,True,5966,2025-09-09T14:02:58.135800+00:00,128,1,
sntrup761,KEM,10.0,10240,0.6742,0.0609,0.037,1039,32,1007,0.7721,True,5967,2025-09-09T14:02:58.240205+00:00,128,1,
sntrup761,KEM,10.0,10240,0.6962,0.0672,0.0369,1039,32,1007,0.8003,True,5968,2025-09-09T14:02:58.344390+00:00,128,1,
sntrup761,KEM,10.0,10240,1.1056,0.1184,0.0469,1039,32,1007,1.271,True,5969,2025-09-09T14:02:58.449250+00:00,128,1,
sntrup761,KEM,10.0,10240,0.5808,0.0663,0.0409,1039,32,1007,0.6881,True,5970,2025-09-09T14:02:58.555396+00:00,128,1,
sntrup761,KEM,10.0,10240,0.5303,0.0539,0.0372,1039,32,1007,0.6214,True,5971,2025-09-09T14:02:58.663313+00:00,128,1,
sntrup761,KEM,10.0,10240,0.6971,0.0666,0.0372,1039,32,1007,0.8009,True,5972,2025-09-09T14:02:58.767724+00:00,128,1,
sntrup761,KEM,10.0,10240,0.6124,0.0628,0.0536,1039,32,1007,0.7287,True,5973,2025-09-09T14:02:58.871770+00:00,128,1,
sntrup761,KEM,10.0,10240,0.6066,0.0497,0.0317,1039,32,1007,0.6879,True,5974,2025-09-09T14:02:58.974894+00:00,128,1,
sntrup761,KEM,10.0,10240,0.5845,0.0563,0.0367,1039,32,1007,0.6775,True,5975,2025-09-09T14:02:59.079086+00:00,128,1,
sntrup761,KEM,10.0,10240,0.831,0.0601,0.0378,1039,32,1007,0.9289,True,5976,2025-09-09T14:02:59.183607+00:00,128,1,
sntrup761,KEM,10.0,10240,0.6497,0.059,0.0376,1039,32,1007,0.7462,True,5977,2025-09-09T14:02:59.287864+00:00,128,1,
sntrup761,KEM,10.0,10240,0.5488,0.0539,0.0376,1039,32,1007,0.6403,True,5978,2025-09-09T14:02:59.391849+00:00,128,1,
sntrup761,KEM,10.0,10240,0.5043,0.1263,0.06,1039,32,1007,0.6906,True,5979,2025-09-09T14:02:59.495598+00:00,128,1,
sntrup761,KEM,10.0,10240,0.8204,0.1046,0.0505,1039,32,1007,0.9755,True,5980,2025-09-09T14:02:59.599142+00:00,128,1,
sntrup761,KEM,10.0,10240,0.8165,0.0763,0.0463,1039,32,1007,0.9391,True,5981,2025-09-09T14:02:59.702748+00:00,128,1,
sntrup761,KEM,10.0,10240,0.7723,0.0754,0.0444,1039,32,1007,0.8921,True,5982,2025-09-09T14:02:59.806336+00:00,128,1,
sntrup761,KEM,10.0,10240,0.5468,0.053,0.0376,1039,32,1007,0.6374,True,5983,2025-09-09T14:02:59.910987+00:00,128,1,
sntrup761,KEM,10.0,10240,0.8532,0.1581,0.0494,1039,32,1007,1.0607,True,5984,2025-09-09T14:03:00.014642+00:00,128,1,
sntrup761,KEM,10.0,10240,0.5945,0.0575,0.0559,1039,32,1007,0.7079,True,5985,2025-09-09T14:03:00.118429+00:00,128,1,
sntrup761,KEM,10.0,10240,0.7637,0.0751,0.0492,1039,32,1007,0.8881,True,5986,2025-09-09T14:03:00.222269+00:00,128,1,
sntrup761,KEM,10.0,10240,0.5851,0.0651,0.044,1039,32,1007,0.6942,True,5987,2025-09-09T14:03:00.326104+00:00,128,1,
sntrup761,KEM,10.0,10240,0.8023,0.0669,0.0485,1039,32,1007,0.9177,True,5988,2025-09-09T14:03:00.430205+00:00,128,1,
sntrup761,KEM,10.0,10240,0.5279,0.1104,0.0384,1039,32,1007,0.6766,True,5989,2025-09-09T14:03:00.534622+00:00,128,1,
sntrup761,KEM,10.0,10240,0.7915,0.087,0.0453,1039,32,1007,0.9238,True,5990,2025-09-09T14:03:00.638867+00:00,128,1,
sntrup761,KEM,10.0,10240,0.525,0.0761,0.0371,1039,32,1007,0.6382,True,5991,2025-09-09T14:03:00.742127+00:00,128,1,
sntrup761,KEM,10.0,10240,0.8353,0.0871,0.0519,1039,32,1007,0.9743,True,5992,2025-09-09T14:03:00.846601+00:00,128,1,
sntrup761,KEM,10.0,10240,0.9214,0.0803,0.0503,1039,32,1007,1.052,True,5993,2025-09-09T14:03:00.950787+00:00,128,1,
sntrup761,KEM,10.0,10240,1.2874,0.1751,0.0468,1039,32,1007,1.5094,True,5994,2025-09-09T14:03:01.057710+00:00,128,1,
sntrup761,KEM,10.0,10240,0.625,0.066,0.0382,1039,32,1007,0.7292,True,5995,2025-09-09T14:03:01.161743+00:00,128,1,
sntrup761,KEM,10.0,10240,0.7596,0.0931,0.0492,1039,32,1007,0.9019,True,5996,2025-09-09T14:03:01.265769+00:00,128,1,
sntrup761,KEM,10.0,10240,0.5228,0.0514,0.0374,1039,32,1007,0.6116,True,5997,2025-09-09T14:03:01.370080+00:00,128,1,
sntrup761,KEM,10.0,10240,0.833,0.0772,0.047,1039,32,1007,0.9572,True,5998,2025-09-09T14:03:01.474739+00:00,128,1,
sntrup761,KEM,10.0,10240,0.6002,0.0681,0.0374,1039,32,1007,0.7057,True,5999,2025-09-09T14:03:01.579011+00:00,128,1,
sntrup761,KEM,10.0,10240,0.8214,0.0825,0.0493,1039,32,1007,0.9531,True,6000,2025-09-09T14:03:01.682741+00:00,128,1,
FrodoKEM-640-AES,KEM,0.1,102,2.9848,1.2121,1.945,9720,16,9704,6.142,True,6001,2025-09-09T14:03:01.791950+00:00,128,1,
FrodoKEM-640-AES,KEM,0.1,102,0.6718,0.9048,1.0705,9720,16,9704,2.6471,True,6002,2025-09-09T14:03:01.895165+00:00,128,1,
FrodoKEM-640-AES,KEM,0.1,102,0.9122,1.1407,1.0936,9720,16,9704,3.1465,True,6003,2025-09-09T14:03:01.998923+00:00,128,1,
FrodoKEM-640-AES,KEM,0.1,102,0.8981,1.1441,0.8577,9720,16,9704,2.8999,True,6004,2025-09-09T14:03:02.102427+00:00,128,1,
FrodoKEM-640-AES,KEM,0.1,102,1.0109,1.1828,1.1035,9720,16,9704,3.2972,True,6005,2025-09-09T14:03:02.206349+00:00,128,1,
FrodoKEM-640-AES,KEM,0.1,102,0.7407,1.1855,1.1679,9720,16,9704,3.0941,True,6006,2025-09-09T14:03:02.310081+00:00,128,1,
FrodoKEM-640-AES,KEM,0.1,102,0.8992,1.0884,0.8238,9720,16,9704,2.8114,True,6007,2025-09-09T14:03:02.413552+00:00,128,1,
FrodoKEM-640-AES,KEM,0.1,102,0.8906,1.3039,1.0846,9720,16,9704,3.2791,True,6008,2025-09-09T14:03:02.517350+00:00,128,1,
FrodoKEM-640-AES,KEM,0.1,102,15.3895,1.0025,0.9384,9720,16,9704,17.3304,True,6009,2025-09-09T14:03:02.635239+00:00,128,1,
FrodoKEM-640-AES,KEM,0.1,102,0.8542,0.9786,0.7919,9720,16,9704,2.6247,True,6010,2025-09-09T14:03:02.740234+00:00,128,1,
FrodoKEM-640-AES,KEM,0.1,102,0.7541,0.8311,0.9222,9720,16,9704,2.5074,True,6011,2025-09-09T14:03:02.843331+00:00,128,1,
FrodoKEM-640-AES,KEM,0.1,102,0.7894,1.1564,1.2728,9720,16,9704,3.2186,True,6012,2025-09-09T14:03:02.947144+00:00,128,1,
FrodoKEM-640-AES,KEM,0.1,102,0.7486,1.0973,1.1512,9720,16,9704,2.9971,True,6013,2025-09-09T14:03:03.050786+00:00,128,1,
FrodoKEM-640-AES,KEM,0.1,102,0.6978,0.8032,0.8641,9720,16,9704,2.3651,True,6014,2025-09-09T14:03:03.153717+00:00,128,1,
FrodoKEM-640-AES,KEM,0.1,102,0.9967,1.2067,1.1249,9720,16,9704,3.3282,True,6015,2025-09-09T14:03:03.257591+00:00,128,1,
FrodoKEM-640-AES,KEM,0.1,102,0.6951,0.8061,0.7326,9720,16,9704,2.2337,True,6016,2025-09-09T14:03:03.360307+00:00,128,1,
FrodoKEM-640-AES,KEM,0.1,102,0.9628,1.2825,0.8096,9720,16,9704,3.055,True,6017,2025-09-09T14:03:03.463869+00:00,128,1,
FrodoKEM-640-AES,KEM,0.1,102,0.7455,0.9429,0.964,9720,16,9704,2.6523,True,6018,2025-09-09T14:03:03.567208+00:00,128,1,
FrodoKEM-640-AES,KEM,0.1,102,0.851,1.215,1.105,9720,16,9704,3.171,True,6019,2025-09-09T14:03:03.671235+00:00,128,1,
FrodoKEM-640-AES,KEM,0.1,102,0.8018,0.8359,0.7976,9720,16,9704,2.4353,True,6020,2025-09-09T14:03:03.774346+00:00,128,1,
FrodoKEM-640-AES,KEM,0.1,102,0.6922,0.8498,0.7955,9720,16,9704,2.3374,True,6021,2025-09-09T14:03:03.877396+00:00,128,1,
FrodoKEM-640-AES,KEM,0.1,102,0.7028,0.8895,0.8882,9720,16,9704,2.4805,True,6022,2025-09-09T14:03:03.980394+00:00,128,1,
FrodoKEM-640-AES,KEM,0.1,102,0.8036,0.9079,0.7608,9720,16,9704,2.4723,True,6023,2025-09-09T14:03:04.083496+00:00,128,1,
FrodoKEM-640-AES,KEM,0.1,102,0.6931,1.1854,1.1616,9720,16,9704,3.0401,True,6024,2025-09-09T14:03:04.187110+00:00,128,1,
FrodoKEM-640-AES,KEM,0.1,102,0.7768,1.0402,1.0843,9720,16,9704,2.9013,True,6025,2025-09-09T14:03:04.290588+00:00,128,1,
FrodoKEM-640-AES,KEM,0.1,102,0.8293,0.987,0.948,9720,16,9704,2.7642,True,6026,2025-09-09T14:03:04.394180+00:00,128,1,
FrodoKEM-640-AES,KEM,0.1,102,1.0211,1.0786,0.7567,9720,16,9704,2.8563,True,6027,2025-09-09T14:03:04.498145+00:00,128,1,
FrodoKEM-640-AES,KEM,0.1,102,1.0122,1.4661,1.3212,9720,16,9704,3.7996,True,6028,2025-09-09T14:03:04.602743+00:00,128,1,
FrodoKEM-640-AES,KEM,0.1,102,0.9203,1.1939,1.1373,9720,16,9704,3.2516,True,6029,2025-09-09T14:03:04.706857+00:00,128,1,
FrodoKEM-640-AES,KEM,0.1,102,0.9267,1.1754,1.1146,9720,16,9704,3.2168,True,6030,2025-09-09T14:03:04.810824+00:00,128,1,
FrodoKEM-640-AES,KEM,0.1,102,1.0413,1.2311,1.1694,9720,16,9704,3.4418,True,6031,2025-09-09T14:03:04.914899+00:00,128,1,
FrodoKEM-640-AES,KEM,0.1,102,0.9622,1.2417,1.1441,9720,16,9704,3.348,True,6032,2025-09-09T14:03:05.019127+00:00,128,1,
FrodoKEM-640-AES,KEM,0.1,102,1.0054,1.2074,1.123,9720,16,9704,3.3357,True,6033,2025-09-09T14:03:05.123411+00:00,128,1,
FrodoKEM-640-AES,KEM,0.1,102,0.9479,1.2825,1.1279,9720,16,9704,3.3583,True,6034,2025-09-09T14:03:05.228843+00:00,128,1,
FrodoKEM-640-AES,KEM,0.1,102,0.6228,1.1091,1.0084,9720,16,9704,2.7403,True,6035,2025-09-09T14:03:05.332333+00:00,128,1,
FrodoKEM-640-AES,KEM,0.1,102,0.6911,0.8222,0.8838,9720,16,9704,2.3972,True,6036,2025-09-09T14:03:05.435431+00:00,128,1,
FrodoKEM-640-AES,KEM,0.1,102,0.9156,1.1838,1.1116,9720,16,9704,3.2109,True,6037,2025-09-09T14:03:05.539779+00:00,128,1,
FrodoKEM-640-AES,KEM,0.1,102,0.909,0.899,0.889,9720,16,9704,2.697,True,6038,2025-09-09T14:03:05.643227+00:00,128,1,
FrodoKEM-640-AES,KEM,0.1,102,0.809,1.1961,1.2809,9720,16,9704,3.2861,True,6039,2025-09-09T14:03:05.751384+00:00,128,1,
FrodoKEM-640-AES,KEM,0.1,102,1.0065,1.2642,1.2477,9720,16,9704,3.5184,True,6040,2025-09-09T14:03:05.855693+00:00,128,1,
FrodoKEM-640-AES,KEM,0.1,102,0.6708,1.0356,0.9449,9720,16,9704,2.6513,True,6041,2025-09-09T14:03:05.959855+00:00,128,1,
FrodoKEM-640-AES,KEM,0.1,102,0.979,1.3356,1.2253,9720,16,9704,3.5399,True,6042,2025-09-09T14:03:06.064110+00:00,128,1,
FrodoKEM-640-AES,KEM,0.1,102,1.0297,1.3601,1.3284,9720,16,9704,3.7182,True,6043,2025-09-09T14:03:06.168367+00:00,128,1,
FrodoKEM-640-AES,KEM,0.1,102,0.9438,1.2501,1.1838,9720,16,9704,3.3777,True,6044,2025-09-09T14:03:06.272359+00:00,128,1,
FrodoKEM-640-AES,KEM,0.1,102,0.8932,2.1286,1.096,9720,16,9704,4.1178,True,6045,2025-09-09T14:03:06.377213+00:00,128,1,
FrodoKEM-640-AES,KEM,0.1,102,1.0217,1.2209,1.8326,9720,16,9704,4.0753,True,6046,2025-09-09T14:03:06.481847+00:00,128,1,
FrodoKEM-640-AES,KEM,0.1,102,1.0616,1.1798,1.1292,9720,16,9704,3.3706,True,6047,2025-09-09T14:03:06.585832+00:00,128,1,
FrodoKEM-640-AES,KEM,0.1,102,1.0377,1.2322,1.2006,9720,16,9704,3.4706,True,6048,2025-09-09T14:03:06.689883+00:00,128,1,
FrodoKEM-640-AES,KEM,0.1,102,0.8091,1.0709,1.0519,9720,16,9704,2.9319,True,6049,2025-09-09T14:03:06.793400+00:00,128,1,
FrodoKEM-640-AES,KEM,0.1,102,1.1864,1.9142,1.3335,9720,16,9704,4.434,True,6050,2025-09-09T14:03:06.898489+00:00,128,1,
FrodoKEM-640-AES,KEM,0.5,512,1.1295,1.2067,1.173,9720,16,9704,3.5091,True,6051,2025-09-09T14:03:07.002787+00:00,128,1,
FrodoKEM-640-AES,KEM,0.5,512,1.034,1.3633,1.1665,9720,16,9704,3.5638,True,6052,2025-09-09T14:03:07.107018+00:00,128,1,
FrodoKEM-640-AES,KEM,0.5,512,0.7128,1.0361,1.0803,9720,16,9704,2.8292,True,6053,2025-09-09T14:03:07.210599+00:00,128,1,
FrodoKEM-640-AES,KEM,0.5,512,1.0829,1.3161,1.2295,9720,16,9704,3.6285,True,6054,2025-09-09T14:03:07.314867+00:00,128,1,
FrodoKEM-640-AES,KEM,0.5,512,0.9582,1.2758,1.1983,9720,16,9704,3.4323,True,6055,2025-09-09T14:03:07.419009+00:00,128,1,
FrodoKEM-640-AES,KEM,0.5,512,0.6893,1.11,1.1917,9720,16,9704,2.9911,True,6056,2025-09-09T14:03:07.522741+00:00,128,1,
FrodoKEM-640-AES,KEM,0.5,512,0.8306,0.8668,0.8493,9720,16,9704,2.5467,True,6057,2025-09-09T14:03:07.626021+00:00,128,1,
FrodoKEM-640-AES,KEM,0.5,512,0.8906,1.1127,0.8872,9720,16,9704,2.8905,True,6058,2025-09-09T14:03:07.729617+00:00,128,1,
FrodoKEM-640-AES,KEM,0.5,512,1.1,1.1688,0.8489,9720,16,9704,3.1177,True,6059,2025-09-09T14:03:07.833459+00:00,128,1,
FrodoKEM-640-AES,KEM,0.5,512,1.6706,1.5873,1.0636,9720,16,9704,4.3215,True,6060,2025-09-09T14:03:07.938449+00:00,128,1,
FrodoKEM-640-AES,KEM,0.5,512,0.7654,1.0592,0.9539,9720,16,9704,2.7784,True,6061,2025-09-09T14:03:08.042196+00:00,128,1,
FrodoKEM-640-AES,KEM,0.5,512,0.9741,1.3159,1.237,9720,16,9704,3.5269,True,6062,2025-09-09T14:03:08.146390+00:00,128,1,
FrodoKEM-640-AES,KEM,0.5,512,0.9475,1.7466,5.2247,9720,16,9704,7.9188,True,6063,2025-09-09T14:03:08.255745+00:00,128,1,
FrodoKEM-640-AES,KEM,0.5,512,0.9869,1.3283,1.2389,9720,16,9704,3.5541,True,6064,2025-09-09T14:03:08.360112+00:00,128,1,
FrodoKEM-640-AES,KEM,0.5,512,0.9685,1.2108,1.131,9720,16,9704,3.3102,True,6065,2025-09-09T14:03:08.467082+00:00,128,1,
FrodoKEM-640-AES,KEM,0.5,512,0.7186,1.0329,1.0925,9720,16,9704,2.844,True,6066,2025-09-09T14:03:08.570615+00:00,128,1,
FrodoKEM-640-AES,KEM,0.5,512,0.9935,1.1737,1.1629,9720,16,9704,3.3301,True,6067,2025-09-09T14:03:08.674704+00:00,128,1,
FrodoKEM-640-AES,KEM,0.5,512,0.9487,1.288,1.3687,9720,16,9704,3.6055,True,6068,2025-09-09T14:03:08.779020+00:00,128,1,
FrodoKEM-640-AES,KEM,0.5,512,0.7463,0.9034,0.8116,9720,16,9704,2.4613,True,6069,2025-09-09T14:03:08.882196+00:00,128,1,
FrodoKEM-640-AES,KEM,0.5,512,1.0276,1.2901,1.1704,9720,16,9704,3.4881,True,6070,2025-09-09T14:03:08.986349+00:00,128,1,
FrodoKEM-640-AES,KEM,0.5,512,0.8168,1.1747,0.9968,9720,16,9704,2.9882,True,6071,2025-09-09T14:03:09.090197+00:00,128,1,
FrodoKEM-640-AES,KEM,0.5,512,0.926,0.9989,0.9573,9720,16,9704,2.8822,True,6072,2025-09-09T14:03:09.193764+00:00,128,1,
FrodoKEM-640-AES,KEM,0.5,512,1.1321,1.2574,2.1585,9720,16,9704,4.548,True,6073,2025-09-09T14:03:09.299703+00:00,128,1,
FrodoKEM-640-AES,KEM,0.5,512,0.9935,1.3478,1.2412,9720,16,9704,3.5826,True,6074,2025-09-09T14:03:09.404488+00:00,128,1,
FrodoKEM-640-AES,KEM,0.5,512,0.8607,1.0196,1.0688,9720,16,9704,2.9491,True,6075,2025-09-09T14:03:09.508179+00:00,128,1,
FrodoKEM-640-AES,KEM,0.5,512,0.942,1.0346,1.0787,9720,16,9704,3.0553,True,6076,2025-09-09T14:03:09.611879+00:00,128,1,
FrodoKEM-640-AES,KEM,0.5,512,0.8918,1.0349,0.9363,9720,16,9704,2.863,True,6077,2025-09-09T14:03:09.715535+00:00,128,1,
FrodoKEM-640-AES,KEM,0.5,512,1.0416,1.2126,1.5637,9720,16,9704,3.8179,True,6078,2025-09-09T14:03:09.819991+00:00,128,1,
FrodoKEM-640-AES,KEM,0.5,512,0.77,1.0993,1.0112,9720,16,9704,2.8805,True,6079,2025-09-09T14:03:09.923735+00:00,128,1,
FrodoKEM-640-AES,KEM,0.5,512,0.9835,1.2344,1.1777,9720,16,9704,3.3957,True,6080,2025-09-09T14:03:10.027934+00:00,128,1,
FrodoKEM-640-AES,KEM,0.5,512,0.8169,1.3114,1.2291,9720,16,9704,3.3574,True,6081,2025-09-09T14:03:10.132027+00:00,128,1,
FrodoKEM-640-AES,KEM,0.5,512,1.0393,1.3226,1.2119,9720,16,9704,3.5738,True,6082,2025-09-09T14:03:10.236318+00:00,128,1,
FrodoKEM-640-AES,KEM,0.5,512,0.7219,1.0237,0.8654,9720,16,9704,2.611,True,6083,2025-09-09T14:03:10.339629+00:00,128,1,
FrodoKEM-640-AES,KEM,0.5,512,1.0038,1.3513,1.2605,9720,16,9704,3.6156,True,6084,2025-09-09T14:03:10.443878+00:00,128,1,
FrodoKEM-640-AES,KEM,0.5,512,1.0421,1.4221,1.352,9720,16,9704,3.8162,True,6085,2025-09-09T14:03:10.548377+00:00,128,1,
FrodoKEM-640-AES,KEM,0.5,512,1.1021,1.1506,0.8193,9720,16,9704,3.0721,True,6086,2025-09-09T14:03:10.652368+00:00,128,1,
FrodoKEM-640-AES,KEM,0.5,512,0.987,4.0827,1.2309,9720,16,9704,6.3007,True,6087,2025-09-09T14:03:10.759616+00:00,128,1,
FrodoKEM-640-AES,KEM,0.5,512,1.0413,1.3688,1.4804,9720,16,9704,3.8906,True,6088,2025-09-09T14:03:10.864172+00:00,128,1,
FrodoKEM-640-AES,KEM,0.5,512,0.9229,1.1912,1.3586,9720,16,9704,3.4727,True,6089,2025-09-09T14:03:10.968366+00:00,128,1,
FrodoKEM-640-AES,KEM,0.5,512,0.8873,1.7238,0.8036,9720,16,9704,3.4146,True,6090,2025-09-09T14:03:11.072551+00:00,128,1,
FrodoKEM-640-AES,KEM,0.5,512,0.7602,0.958,0.9008,9720,16,9704,2.619,True,6091,2025-09-09T14:03:11.175904+00:00,128,1,
FrodoKEM-640-AES,KEM,0.5,512,1.0087,1.3934,0.9009,9720,16,9704,3.303,True,6092,2025-09-09T14:03:11.279908+00:00,128,1,
FrodoKEM-640-AES,KEM,0.5,512,0.9266,1.1126,0.9489,9720,16,9704,2.9882,True,6093,2025-09-09T14:03:11.383606+00:00,128,1,
FrodoKEM-640-AES,KEM,0.5,512,0.9811,1.2553,1.0907,9720,16,9704,3.3271,True,6094,2025-09-09T14:03:11.489355+00:00,128,1,
FrodoKEM-640-AES,KEM,0.5,512,1.0422,1.3732,1.1315,9720,16,9704,3.547,True,6095,2025-09-09T14:03:11.593624+00:00,128,1,
FrodoKEM-640-AES,KEM,0.5,512,1.0674,1.2069,0.9823,9720,16,9704,3.2566,True,6096,2025-09-09T14:03:11.697603+00:00,128,1,
FrodoKEM-640-AES,KEM,0.5,512,1.0187,1.413,1.283,9720,16,9704,3.7146,True,6097,2025-09-09T14:03:11.804803+00:00,128,1,
FrodoKEM-640-AES,KEM,0.5,512,1.2754,1.5177,1.2601,9720,16,9704,4.0532,True,6098,2025-09-09T14:03:11.909539+00:00,128,1,
FrodoKEM-640-AES,KEM,0.5,512,1.0088,1.3041,1.2378,9720,16,9704,3.5507,True,6099,2025-09-09T14:03:12.013773+00:00,128,1,
FrodoKEM-640-AES,KEM,0.5,512,0.9128,1.9706,1.2002,9720,16,9704,4.0836,True,6100,2025-09-09T14:03:12.118599+00:00,128,1,
FrodoKEM-640-AES,KEM,1.0,1024,1.1973,1.3386,1.3121,9720,16,9704,3.8481,True,6101,2025-09-09T14:03:12.223257+00:00,128,1,
FrodoKEM-640-AES,KEM,1.0,1024,1.0608,1.3403,1.2794,9720,16,9704,3.6805,True,6102,2025-09-09T14:03:12.327702+00:00,128,1,
FrodoKEM-640-AES,KEM,1.0,1024,0.8855,1.1128,1.1281,9720,16,9704,3.1264,True,6103,2025-09-09T14:03:12.431634+00:00,128,1,
FrodoKEM-640-AES,KEM,1.0,1024,0.7746,1.1245,0.9909,9720,16,9704,2.8899,True,6104,2025-09-09T14:03:12.535406+00:00,128,1,
FrodoKEM-640-AES,KEM,1.0,1024,1.0127,2.8565,1.6916,9720,16,9704,5.5608,True,6105,2025-09-09T14:03:12.641808+00:00,128,1,
FrodoKEM-640-AES,KEM,1.0,1024,1.0173,1.2225,1.0728,9720,16,9704,3.3126,True,6106,2025-09-09T14:03:12.745961+00:00,128,1,
FrodoKEM-640-AES,KEM,1.0,1024,0.8912,1.2794,0.8068,9720,16,9704,2.9774,True,6107,2025-09-09T14:03:12.849811+00:00,128,1,
FrodoKEM-640-AES,KEM,1.0,1024,0.9398,1.132,1.3335,9720,16,9704,3.4053,True,6108,2025-09-09T14:03:12.953914+00:00,128,1,
FrodoKEM-640-AES,KEM,1.0,1024,0.7883,0.9472,0.9453,9720,16,9704,2.6808,True,6109,2025-09-09T14:03:13.057445+00:00,128,1,
FrodoKEM-640-AES,KEM,1.0,1024,1.0036,1.3047,1.0988,9720,16,9704,3.4071,True,6110,2025-09-09T14:03:13.161593+00:00,128,1,
FrodoKEM-640-AES,KEM,1.0,1024,1.0349,1.2535,1.2772,9720,16,9704,3.5656,True,6111,2025-09-09T14:03:13.265996+00:00,128,1,
FrodoKEM-640-AES,KEM,1.0,1024,1.1498,1.5018,1.4564,9720,16,9704,4.1081,True,6112,2025-09-09T14:03:13.370998+00:00,128,1,
FrodoKEM-640-AES,KEM,1.0,1024,1.1273,1.4894,1.5204,9720,16,9704,4.137,True,6113,2025-09-09T14:03:13.476030+00:00,128,1,
FrodoKEM-640-AES,KEM,1.0,1024,0.6662,1.2372,1.227,9720,16,9704,3.1303,True,6114,2025-09-09T14:03:13.580058+00:00,128,1,
FrodoKEM-640-AES,KEM,1.0,1024,1.0148,1.1891,1.1562,9720,16,9704,3.3601,True,6115,2025-09-09T14:03:13.684236+00:00,128,1,
FrodoKEM-640-AES,KEM,1.0,1024,0.8363,1.3271,1.0139,9720,16,9704,3.1773,True,6116,2025-09-09T14:03:13.788360+00:00,128,1,
FrodoKEM-640-AES,KEM,1.0,1024,1.1028,1.5295,1.403,9720,16,9704,4.0353,True,6117,2025-09-09T14:03:13.893321+00:00,128,1,
FrodoKEM-640-AES,KEM,1.0,1024,1.0338,1.266,1.1198,9720,16,9704,3.4196,True,6118,2025-09-09T14:03:13.997519+00:00,128,1,
FrodoKEM-640-AES,KEM,1.0,1024,0.6975,0.9659,0.9012,9720,16,9704,2.5646,True,6119,2025-09-09T14:03:14.101680+00:00,128,1,
FrodoKEM-640-AES,KEM,1.0,1024,0.9589,1.1141,1.0056,9720,16,9704,3.0786,True,6120,2025-09-09T14:03:14.205521+00:00,128,1,
FrodoKEM-640-AES,KEM,1.0,1024,1.2043,1.3318,1.2153,9720,16,9704,3.7514,True,6121,2025-09-09T14:03:14.310132+00:00,128,1,
FrodoKEM-640-AES,KEM,1.0,1024,1.0307,1.2587,1.2233,9720,16,9704,3.5126,True,6122,2025-09-09T14:03:14.414435+00:00,128,1,
FrodoKEM-640-AES,KEM,1.0,1024,1.0075,1.215,1.185,9720,16,9704,3.4075,True,6123,2025-09-09T14:03:14.518662+00:00,128,1,
FrodoKEM-640-AES,KEM,1.0,1024,0.7207,1.165,0.9838,9720,16,9704,2.8695,True,6124,2025-09-09T14:03:14.622417+00:00,128,1,
FrodoKEM-640-AES,KEM,1.0,1024,0.9766,1.2186,1.161,9720,16,9704,3.3563,True,6125,2025-09-09T14:03:14.726628+00:00,128,1,
FrodoKEM-640-AES,KEM,1.0,1024,0.9963,1.3394,1.4154,9720,16,9704,3.751,True,6126,2025-09-09T14:03:14.831237+00:00,128,1,
FrodoKEM-640-AES,KEM,1.0,1024,0.9419,1.2149,1.1582,9720,16,9704,3.315,True,6127,2025-09-09T14:03:14.935268+00:00,128,1,
FrodoKEM-640-AES,KEM,1.0,1024,1.0576,1.3224,2.2396,9720,16,9704,4.6196,True,6128,2025-09-09T14:03:15.040845+00:00,128,1,
FrodoKEM-640-AES,KEM,1.0,1024,0.9648,1.0514,0.7772,9720,16,9704,2.7934,True,6129,2025-09-09T14:03:15.144638+00:00,128,1,
FrodoKEM-640-AES,KEM,1.0,1024,0.9875,1.4374,1.296,9720,16,9704,3.7209,True,6130,2025-09-09T14:03:15.249172+00:00,128,1,
FrodoKEM-640-AES,KEM,1.0,1024,1.2006,1.3968,2.5942,9720,16,9704,5.1917,True,6131,2025-09-09T14:03:15.355218+00:00,128,1,
FrodoKEM-640-AES,KEM,1.0,1024,1.0523,1.511,1.1681,9720,16,9704,3.7314,True,6132,2025-09-09T14:03:15.459766+00:00,128,1,
FrodoKEM-640-AES,KEM,1.0,1024,0.9253,1.2676,2.4042,9720,16,9704,4.5971,True,6133,2025-09-09T14:03:15.565268+00:00,128,1,
FrodoKEM-640-AES,KEM,1.0,1024,0.9895,1.3033,1.1051,9720,16,9704,3.3979,True,6134,2025-09-09T14:03:15.669460+00:00,128,1,
FrodoKEM-640-AES,KEM,1.0,1024,1.1647,1.1509,1.5139,9720,16,9704,3.8295,True,6135,2025-09-09T14:03:15.774627+00:00,128,1,
FrodoKEM-640-AES,KEM,1.0,1024,1.8741,1.5198,1.7462,9720,16,9704,5.1401,True,6136,2025-09-09T14:03:15.891383+00:00,128,1,
FrodoKEM-640-AES,KEM,1.0,1024,1.0094,1.2919,1.3435,9720,16,9704,3.6448,True,6137,2025-09-09T14:03:15.996664+00:00,128,1,
FrodoKEM-640-AES,KEM,1.0,1024,1.0001,1.2739,1.1099,9720,16,9704,3.3838,True,6138,2025-09-09T14:03:16.101283+00:00,128,1,
FrodoKEM-640-AES,KEM,1.0,1024,1.005,1.2096,1.1226,9720,16,9704,3.3372,True,6139,2025-09-09T14:03:16.210395+00:00,128,1,
FrodoKEM-640-AES,KEM,1.0,1024,0.8465,1.2823,1.0506,9720,16,9704,3.1795,True,6140,2025-09-09T14:03:16.314607+00:00,128,1,
FrodoKEM-640-AES,KEM,1.0,1024,0.9591,1.2897,1.1457,9720,16,9704,3.3945,True,6141,2025-09-09T14:03:16.418970+00:00,128,1,
FrodoKEM-640-AES,KEM,1.0,1024,0.8777,1.0132,0.8879,9720,16,9704,2.7788,True,6142,2025-09-09T14:03:16.522644+00:00,128,1,
FrodoKEM-640-AES,KEM,1.0,1024,1.0052,0.9126,0.853,9720,16,9704,2.7708,True,6143,2025-09-09T14:03:16.626232+00:00,128,1,
FrodoKEM-640-AES,KEM,1.0,1024,1.0275,1.348,2.0417,9720,16,9704,4.4172,True,6144,2025-09-09T14:03:16.731568+00:00,128,1,
FrodoKEM-640-AES,KEM,1.0,1024,1.1314,2.4342,1.0963,9720,16,9704,4.6619,True,6145,2025-09-09T14:03:16.837400+00:00,128,1,
FrodoKEM-640-AES,KEM,1.0,1024,1.8288,1.3508,0.9373,9720,16,9704,4.1169,True,6146,2025-09-09T14:03:16.942305+00:00,128,1,
FrodoKEM-640-AES,KEM,1.0,1024,1.073,1.2493,1.2185,9720,16,9704,3.5408,True,6147,2025-09-09T14:03:17.046850+00:00,128,1,
FrodoKEM-640-AES,KEM,1.0,1024,0.9633,1.2153,1.1183,9720,16,9704,3.2969,True,6148,2025-09-09T14:03:17.150978+00:00,128,1,
FrodoKEM-640-AES,KEM,1.0,1024,1.0062,1.3421,1.2246,9720,16,9704,3.5729,True,6149,2025-09-09T14:03:17.255547+00:00,128,1,
FrodoKEM-640-AES,KEM,1.0,1024,1.0428,1.2427,1.6166,9720,16,9704,3.9021,True,6150,2025-09-09T14:03:17.360464+00:00,128,1,
FrodoKEM-640-AES,KEM,2.0,2048,0.9235,1.1879,1.423,9720,16,9704,3.5344,True,6151,2025-09-09T14:03:17.465260+00:00,128,1,
FrodoKEM-640-AES,KEM,2.0,2048,1.0528,1.759,1.1967,9720,16,9704,4.0084,True,6152,2025-09-09T14:03:17.570283+00:00,128,1,
FrodoKEM-640-AES,KEM,2.0,2048,0.8654,0.854,0.9731,9720,16,9704,2.6925,True,6153,2025-09-09T14:03:17.674241+00:00,128,1,
FrodoKEM-640-AES,KEM,2.0,2048,0.9598,1.2518,1.2887,9720,16,9704,3.5003,True,6154,2025-09-09T14:03:17.778929+00:00,128,1,
FrodoKEM-640-AES,KEM,2.0,2048,1.0118,1.283,1.3252,9720,16,9704,3.62,True,6155,2025-09-09T14:03:17.883672+00:00,128,1,
FrodoKEM-640-AES,KEM,2.0,2048,1.0039,1.4754,1.1869,9720,16,9704,3.6662,True,6156,2025-09-09T14:03:17.988915+00:00,128,1,
FrodoKEM-640-AES,KEM,2.0,2048,1.0469,1.1769,1.3048,9720,16,9704,3.5287,True,6157,2025-09-09T14:03:18.098747+00:00,128,1,
FrodoKEM-640-AES,KEM,2.0,2048,1.0631,1.3467,1.4644,9720,16,9704,3.8742,True,6158,2025-09-09T14:03:18.204328+00:00,128,1,
FrodoKEM-640-AES,KEM,2.0,2048,1.1173,1.6836,1.1528,9720,16,9704,3.9537,True,6159,2025-09-09T14:03:18.310617+00:00,128,1,
FrodoKEM-640-AES,KEM,2.0,2048,1.0845,2.3439,1.3986,9720,16,9704,4.827,True,6160,2025-09-09T14:03:18.417835+00:00,128,1,
FrodoKEM-640-AES,KEM,2.0,2048,0.9955,1.1472,1.0889,9720,16,9704,3.2316,True,6161,2025-09-09T14:03:18.522541+00:00,128,1,
FrodoKEM-640-AES,KEM,2.0,2048,0.8405,0.9807,0.8236,9720,16,9704,2.6448,True,6162,2025-09-09T14:03:18.626456+00:00,128,1,
FrodoKEM-640-AES,KEM,2.0,2048,0.9645,1.2138,1.1464,9720,16,9704,3.3246,True,6163,2025-09-09T14:03:18.731111+00:00,128,1,
FrodoKEM-640-AES,KEM,2.0,2048,1.0218,1.3354,1.2402,9720,16,9704,3.5974,True,6164,2025-09-09T14:03:18.836180+00:00,128,1,
FrodoKEM-640-AES,KEM,2.0,2048,1.109,1.2064,1.1068,9720,16,9704,3.4221,True,6165,2025-09-09T14:03:18.941517+00:00,128,1,
FrodoKEM-640-AES,KEM,2.0,2048,1.0448,1.2302,1.1325,9720,16,9704,3.4074,True,6166,2025-09-09T14:03:19.046113+00:00,128,1,
FrodoKEM-640-AES,KEM,2.0,2048,1.0384,1.1577,1.1203,9720,16,9704,3.3164,True,6167,2025-09-09T14:03:19.151669+00:00,128,1,
FrodoKEM-640-AES,KEM,2.0,2048,0.7182,1.2447,1.0254,9720,16,9704,2.9884,True,6168,2025-09-09T14:03:19.256058+00:00,128,1,
FrodoKEM-640-AES,KEM,2.0,2048,0.6366,1.2705,1.5925,9720,16,9704,3.4996,True,6169,2025-09-09T14:03:19.361213+00:00,128,1,
FrodoKEM-640-AES,KEM,2.0,2048,0.8028,0.9763,0.9055,9720,16,9704,2.6846,True,6170,2025-09-09T14:03:19.465146+00:00,128,1,
FrodoKEM-640-AES,KEM,2.0,2048,1.0215,1.2894,1.1376,9720,16,9704,3.4485,True,6171,2025-09-09T14:03:19.569600+00:00,128,1,
FrodoKEM-640-AES,KEM,2.0,2048,0.9267,0.9246,0.8872,9720,16,9704,2.7385,True,6172,2025-09-09T14:03:19.673510+00:00,128,1,
FrodoKEM-640-AES,KEM,2.0,2048,1.0322,1.098,0.9726,9720,16,9704,3.1029,True,6173,2025-09-09T14:03:19.777879+00:00,128,1,
FrodoKEM-640-AES,KEM,2.0,2048,1.079,1.7467,1.1346,9720,16,9704,3.9602,True,6174,2025-09-09T14:03:19.883159+00:00,128,1,
FrodoKEM-640-AES,KEM,2.0,2048,0.8161,0.9749,0.9409,9720,16,9704,2.7319,True,6175,2025-09-09T14:03:19.987051+00:00,128,1,
FrodoKEM-640-AES,KEM,2.0,2048,0.9291,1.1468,0.8947,9720,16,9704,2.9706,True,6176,2025-09-09T14:03:20.091367+00:00,128,1,
FrodoKEM-640-AES,KEM,2.0,2048,0.6659,0.9722,0.9165,9720,16,9704,2.5546,True,6177,2025-09-09T14:03:20.194916+00:00,128,1,
FrodoKEM-640-AES,KEM,2.0,2048,0.9918,3.3683,1.0731,9720,16,9704,5.4333,True,6178,2025-09-09T14:03:20.301540+00:00,128,1,
FrodoKEM-640-AES,KEM,2.0,2048,0.9925,1.2533,0.8547,9720,16,9704,3.1005,True,6179,2025-09-09T14:03:20.409438+00:00,128,1,
FrodoKEM-640-AES,KEM,2.0,2048,1.1159,1.3567,1.2319,9720,16,9704,3.7046,True,6180,2025-09-09T14:03:20.514164+00:00,128,1,
FrodoKEM-640-AES,KEM,2.0,2048,0.8083,1.239,1.0831,9720,16,9704,3.1304,True,6181,2025-09-09T14:03:20.618715+00:00,128,1,
FrodoKEM-640-AES,KEM,2.0,2048,0.9703,1.1771,1.4356,9720,16,9704,3.5829,True,6182,2025-09-09T14:03:20.723324+00:00,128,1,
FrodoKEM-640-AES,KEM,2.0,2048,0.9208,1.2393,1.5091,9720,16,9704,3.6692,True,6183,2025-09-09T14:03:20.828130+00:00,128,1,
FrodoKEM-640-AES,KEM,2.0,2048,0.9058,1.2707,0.9557,9720,16,9704,3.1322,True,6184,2025-09-09T14:03:20.932504+00:00,128,1,
FrodoKEM-640-AES,KEM,2.0,2048,0.9895,1.0846,12.8083,9720,16,9704,14.8824,True,6185,2025-09-09T14:03:21.051247+00:00,128,1,
FrodoKEM-640-AES,KEM,2.0,2048,0.9992,1.2164,1.1456,9720,16,9704,3.3612,True,6186,2025-09-09T14:03:21.155727+00:00,128,1,
FrodoKEM-640-AES,KEM,2.0,2048,0.8478,1.2975,1.351,9720,16,9704,3.4962,True,6187,2025-09-09T14:03:21.260438+00:00,128,1,
FrodoKEM-640-AES,KEM,2.0,2048,0.9102,1.3404,1.1451,9720,16,9704,3.3958,True,6188,2025-09-09T14:03:21.364836+00:00,128,1,
FrodoKEM-640-AES,KEM,2.0,2048,1.0837,1.1799,1.1236,9720,16,9704,3.3872,True,6189,2025-09-09T14:03:21.470086+00:00,128,1,
FrodoKEM-640-AES,KEM,2.0,2048,1.0422,1.3079,1.2734,9720,16,9704,3.6235,True,6190,2025-09-09T14:03:21.575078+00:00,128,1,
FrodoKEM-640-AES,KEM,2.0,2048,1.0622,5.8346,3.3642,9720,16,9704,10.261,True,6191,2025-09-09T14:03:21.687255+00:00,128,1,
FrodoKEM-640-AES,KEM,2.0,2048,1.5089,1.9969,1.4175,9720,16,9704,4.9233,True,6192,2025-09-09T14:03:21.800089+00:00,128,1,
FrodoKEM-640-AES,KEM,2.0,2048,1.0616,1.4139,1.3168,9720,16,9704,3.7924,True,6193,2025-09-09T14:03:21.905995+00:00,128,1,
FrodoKEM-640-AES,KEM,2.0,2048,0.6976,1.2627,1.5142,9720,16,9704,3.4745,True,6194,2025-09-09T14:03:22.010769+00:00,128,1,
FrodoKEM-640-AES,KEM,2.0,2048,1.2586,1.2146,1.3148,9720,16,9704,3.7881,True,6195,2025-09-09T14:03:22.115730+00:00,128,1,
FrodoKEM-640-AES,KEM,2.0,2048,0.9584,0.9523,1.1446,9720,16,9704,3.0553,True,6196,2025-09-09T14:03:22.219772+00:00,128,1,
FrodoKEM-640-AES,KEM,2.0,2048,1.3281,2.6039,1.2485,9720,16,9704,5.1806,True,6197,2025-09-09T14:03:22.325991+00:00,128,1,
FrodoKEM-640-AES,KEM,2.0,2048,0.7983,1.0741,0.9885,9720,16,9704,2.8609,True,6198,2025-09-09T14:03:22.430254+00:00,128,1,
FrodoKEM-640-AES,KEM,2.0,2048,0.9568,1.3159,1.16,9720,16,9704,3.4327,True,6199,2025-09-09T14:03:22.535087+00:00,128,1,
FrodoKEM-640-AES,KEM,2.0,2048,0.6313,0.9335,0.9948,9720,16,9704,2.5596,True,6200,2025-09-09T14:03:22.639159+00:00,128,1,
FrodoKEM-640-AES,KEM,5.0,5120,1.0009,1.4044,1.3636,9720,16,9704,3.769,True,6201,2025-09-09T14:03:22.744619+00:00,128,1,
FrodoKEM-640-AES,KEM,5.0,5120,0.9943,1.2104,1.1922,9720,16,9704,3.3969,True,6202,2025-09-09T14:03:22.851151+00:00,128,1,
FrodoKEM-640-AES,KEM,5.0,5120,0.9022,1.1409,0.8668,9720,16,9704,2.9099,True,6203,2025-09-09T14:03:22.956569+00:00,128,1,
FrodoKEM-640-AES,KEM,5.0,5120,1.2694,1.48,1.0714,9720,16,9704,3.8208,True,6204,2025-09-09T14:03:23.062828+00:00,128,1,
FrodoKEM-640-AES,KEM,5.0,5120,0.9903,1.4491,1.2863,9720,16,9704,3.7258,True,6205,2025-09-09T14:03:23.168268+00:00,128,1,
FrodoKEM-640-AES,KEM,5.0,5120,0.9181,1.2361,1.1937,9720,16,9704,3.3478,True,6206,2025-09-09T14:03:23.273695+00:00,128,1,
FrodoKEM-640-AES,KEM,5.0,5120,0.9614,1.2751,1.2727,9720,16,9704,3.5093,True,6207,2025-09-09T14:03:23.384429+00:00,128,1,
FrodoKEM-640-AES,KEM,5.0,5120,0.9702,1.298,1.1267,9720,16,9704,3.3949,True,6208,2025-09-09T14:03:23.489503+00:00,128,1,
FrodoKEM-640-AES,KEM,5.0,5120,0.9652,1.2144,1.1057,9720,16,9704,3.2853,True,6209,2025-09-09T14:03:23.594625+00:00,128,1,
FrodoKEM-640-AES,KEM,5.0,5120,0.9147,1.3015,1.1684,9720,16,9704,3.3846,True,6210,2025-09-09T14:03:23.699851+00:00,128,1,
FrodoKEM-640-AES,KEM,5.0,5120,1.0205,1.1739,1.3051,9720,16,9704,3.4995,True,6211,2025-09-09T14:03:23.806398+00:00,128,1,
FrodoKEM-640-AES,KEM,5.0,5120,0.7514,1.2356,1.9578,9720,16,9704,3.9448,True,6212,2025-09-09T14:03:23.912652+00:00,128,1,
FrodoKEM-640-AES,KEM,5.0,5120,1.0129,1.0769,1.0159,9720,16,9704,3.1057,True,6213,2025-09-09T14:03:24.017835+00:00,128,1,
FrodoKEM-640-AES,KEM,5.0,5120,0.6346,0.8234,1.0898,9720,16,9704,2.5478,True,6214,2025-09-09T14:03:24.122200+00:00,128,1,
FrodoKEM-640-AES,KEM,5.0,5120,0.9895,1.287,1.1897,9720,16,9704,3.4662,True,6215,2025-09-09T14:03:24.227418+00:00,128,1,
FrodoKEM-640-AES,KEM,5.0,5120,0.7031,1.069,1.0434,9720,16,9704,2.8155,True,6216,2025-09-09T14:03:24.332339+00:00,128,1,
FrodoKEM-640-AES,KEM,5.0,5120,1.3389,1.1735,1.0759,9720,16,9704,3.5883,True,6217,2025-09-09T14:03:24.438263+00:00,128,1,
FrodoKEM-640-AES,KEM,5.0,5120,0.7496,1.2858,2.0523,9720,16,9704,4.0876,True,6218,2025-09-09T14:03:24.544263+00:00,128,1,
FrodoKEM-640-AES,KEM,5.0,5120,1.111,1.3531,1.9035,9720,16,9704,4.3675,True,6219,2025-09-09T14:03:24.650617+00:00,128,1,
FrodoKEM-640-AES,KEM,5.0,5120,0.8544,1.4102,1.1301,9720,16,9704,3.3947,True,6220,2025-09-09T14:03:24.756418+00:00,128,1,
FrodoKEM-640-AES,KEM,5.0,5120,1.4834,1.2439,1.179,9720,16,9704,3.9062,True,6221,2025-09-09T14:03:24.862074+00:00,128,1,
FrodoKEM-640-AES,KEM,5.0,5120,1.0229,1.331,1.2034,9720,16,9704,3.5573,True,6222,2025-09-09T14:03:24.967811+00:00,128,1,
FrodoKEM-640-AES,KEM,5.0,5120,1.0898,1.3488,1.288,9720,16,9704,3.7265,True,6223,2025-09-09T14:03:25.073437+00:00,128,1,
FrodoKEM-640-AES,KEM,5.0,5120,0.8794,1.4168,1.4967,9720,16,9704,3.7929,True,6224,2025-09-09T14:03:25.179507+00:00,128,1,
FrodoKEM-640-AES,KEM,5.0,5120,0.6753,1.0373,0.942,9720,16,9704,2.6546,True,6225,2025-09-09T14:03:25.284175+00:00,128,1,
FrodoKEM-640-AES,KEM,5.0,5120,1.1335,1.4636,1.4992,9720,16,9704,4.0963,True,6226,2025-09-09T14:03:25.390353+00:00,128,1,
FrodoKEM-640-AES,KEM,5.0,5120,0.982,1.6993,1.193,9720,16,9704,3.8743,True,6227,2025-09-09T14:03:25.496980+00:00,128,1,
FrodoKEM-640-AES,KEM,5.0,5120,0.9933,1.1184,1.1463,9720,16,9704,3.2579,True,6228,2025-09-09T14:03:25.601970+00:00,128,1,
FrodoKEM-640-AES,KEM,5.0,5120,0.9953,1.1887,1.0665,9720,16,9704,3.2506,True,6229,2025-09-09T14:03:25.706962+00:00,128,1,
FrodoKEM-640-AES,KEM,5.0,5120,1.1003,1.3425,1.2764,9720,16,9704,3.7192,True,6230,2025-09-09T14:03:25.812706+00:00,128,1,
FrodoKEM-640-AES,KEM,5.0,5120,1.6343,1.1774,1.1211,9720,16,9704,3.9328,True,6231,2025-09-09T14:03:25.918324+00:00,128,1,
FrodoKEM-640-AES,KEM,5.0,5120,0.953,1.2801,1.2092,9720,16,9704,3.4423,True,6232,2025-09-09T14:03:26.023489+00:00,128,1,
FrodoKEM-640-AES,KEM,5.0,5120,1.0316,1.2931,1.1698,9720,16,9704,3.4945,True,6233,2025-09-09T14:03:26.128708+00:00,128,1,
FrodoKEM-640-AES,KEM,5.0,5120,0.7101,0.9706,1.3263,9720,16,9704,3.007,True,6234,2025-09-09T14:03:26.240085+00:00,128,1,
FrodoKEM-640-AES,KEM,5.0,5120,1.0856,1.3655,1.3425,9720,16,9704,3.7936,True,6235,2025-09-09T14:03:26.345668+00:00,128,1,
FrodoKEM-640-AES,KEM,5.0,5120,0.7285,0.9256,0.9634,9720,16,9704,2.6174,True,6236,2025-09-09T14:03:26.450683+00:00,128,1,
FrodoKEM-640-AES,KEM,5.0,5120,0.7931,1.2254,0.981,9720,16,9704,2.9996,True,6237,2025-09-09T14:03:26.572531+00:00,128,1,
FrodoKEM-640-AES,KEM,5.0,5120,1.0289,1.35,1.2728,9720,16,9704,3.6516,True,6238,2025-09-09T14:03:26.684169+00:00,128,1,
FrodoKEM-640-AES,KEM,5.0,5120,1.0358,1.2651,1.2547,9720,16,9704,3.5556,True,6239,2025-09-09T14:03:26.789680+00:00,128,1,
FrodoKEM-640-AES,KEM,5.0,5120,0.6477,1.1697,1.2669,9720,16,9704,3.0842,True,6240,2025-09-09T14:03:26.895204+00:00,128,1,
FrodoKEM-640-AES,KEM,5.0,5120,1.0808,1.4475,1.1898,9720,16,9704,3.7181,True,6241,2025-09-09T14:03:27.009340+00:00,128,1,
FrodoKEM-640-AES,KEM,5.0,5120,1.012,1.4788,1.1589,9720,16,9704,3.6497,True,6242,2025-09-09T14:03:27.114854+00:00,128,1,
FrodoKEM-640-AES,KEM,5.0,5120,0.9088,1.0425,1.0928,9720,16,9704,3.0442,True,6243,2025-09-09T14:03:27.221654+00:00,128,1,
FrodoKEM-640-AES,KEM,5.0,5120,1.0817,1.3198,1.2504,9720,16,9704,3.6518,True,6244,2025-09-09T14:03:27.326927+00:00,128,1,
FrodoKEM-640-AES,KEM,5.0,5120,0.9687,1.3629,1.1788,9720,16,9704,3.5104,True,6245,2025-09-09T14:03:27.432993+00:00,128,1,
FrodoKEM-640-AES,KEM,5.0,5120,0.9707,1.1045,0.8962,9720,16,9704,2.9714,True,6246,2025-09-09T14:03:27.538117+00:00,128,1,
FrodoKEM-640-AES,KEM,5.0,5120,0.9396,0.9084,0.975,9720,16,9704,2.823,True,6247,2025-09-09T14:03:27.643425+00:00,128,1,
FrodoKEM-640-AES,KEM,5.0,5120,0.7765,0.9904,0.9971,9720,16,9704,2.764,True,6248,2025-09-09T14:03:27.748127+00:00,128,1,
FrodoKEM-640-AES,KEM,5.0,5120,1.104,1.1226,1.1555,9720,16,9704,3.3821,True,6249,2025-09-09T14:03:27.853037+00:00,128,1,
FrodoKEM-640-AES,KEM,5.0,5120,1.0947,1.3106,1.3383,9720,16,9704,3.7435,True,6250,2025-09-09T14:03:27.959033+00:00,128,1,
FrodoKEM-640-AES,KEM,10.0,10240,0.7059,0.96,0.8988,9720,16,9704,2.5646,True,6251,2025-09-09T14:03:28.066193+00:00,128,1,
FrodoKEM-640-AES,KEM,10.0,10240,1.4697,4.8674,1.5825,9720,16,9704,7.9195,True,6252,2025-09-09T14:03:28.178378+00:00,128,1,
FrodoKEM-640-AES,KEM,10.0,10240,0.9549,1.1848,5.2637,9720,16,9704,7.4033,True,6253,2025-09-09T14:03:28.288384+00:00,128,1,
FrodoKEM-640-AES,KEM,10.0,10240,0.9975,1.0698,0.8893,9720,16,9704,2.9567,True,6254,2025-09-09T14:03:28.394993+00:00,128,1,
FrodoKEM-640-AES,KEM,10.0,10240,1.327,1.69,5.4723,9720,16,9704,8.4893,True,6255,2025-09-09T14:03:28.507067+00:00,128,1,
FrodoKEM-640-AES,KEM,10.0,10240,1.064,1.1242,1.0858,9720,16,9704,3.274,True,6256,2025-09-09T14:03:28.618003+00:00,128,1,
FrodoKEM-640-AES,KEM,10.0,10240,7.4079,1.3678,1.5871,9720,16,9704,10.3629,True,6257,2025-09-09T14:03:28.733241+00:00,128,1,
FrodoKEM-640-AES,KEM,10.0,10240,0.9676,1.3478,1.28,9720,16,9704,3.5954,True,6258,2025-09-09T14:03:28.839521+00:00,128,1,
FrodoKEM-640-AES,KEM,10.0,10240,0.9806,1.9317,1.2845,9720,16,9704,4.1968,True,6259,2025-09-09T14:03:28.951424+00:00,128,1,
FrodoKEM-640-AES,KEM,10.0,10240,1.647,1.1727,1.481,9720,16,9704,4.3007,True,6260,2025-09-09T14:03:29.059021+00:00,128,1,
FrodoKEM-640-AES,KEM,10.0,10240,0.883,1.2213,1.0104,9720,16,9704,3.1147,True,6261,2025-09-09T14:03:29.165334+00:00,128,1,
FrodoKEM-640-AES,KEM,10.0,10240,0.9241,6.663,1.0915,9720,16,9704,8.6786,True,6262,2025-09-09T14:03:29.277813+00:00,128,1,
FrodoKEM-640-AES,KEM,10.0,10240,0.9754,2.1487,1.4064,9720,16,9704,4.5304,True,6263,2025-09-09T14:03:29.387725+00:00,128,1,
FrodoKEM-640-AES,KEM,10.0,10240,1.5662,1.2097,1.0909,9720,16,9704,3.8667,True,6264,2025-09-09T14:03:29.501930+00:00,128,1,
FrodoKEM-640-AES,KEM,10.0,10240,1.5855,2.863,1.5865,9720,16,9704,6.035,True,6265,2025-09-09T14:03:29.614229+00:00,128,1,
FrodoKEM-640-AES,KEM,10.0,10240,1.0391,1.2722,1.2084,9720,16,9704,3.5197,True,6266,2025-09-09T14:03:29.721052+00:00,128,1,
FrodoKEM-640-AES,KEM,10.0,10240,0.9501,1.2186,1.1127,9720,16,9704,3.2815,True,6267,2025-09-09T14:03:29.827317+00:00,128,1,
FrodoKEM-640-AES,KEM,10.0,10240,1.0539,1.1938,3.9484,9720,16,9704,6.1961,True,6268,2025-09-09T14:03:29.936787+00:00,128,1,
FrodoKEM-640-AES,KEM,10.0,10240,2.6847,1.3246,1.2688,9720,16,9704,5.2781,True,6269,2025-09-09T14:03:30.048520+00:00,128,1,
FrodoKEM-640-AES,KEM,10.0,10240,1.9258,1.3944,1.2714,9720,16,9704,4.5917,True,6270,2025-09-09T14:03:30.166836+00:00,128,1,
FrodoKEM-640-AES,KEM,10.0,10240,5.1965,1.5666,2.5062,9720,16,9704,9.2693,True,6271,2025-09-09T14:03:30.280357+00:00,128,1,
FrodoKEM-640-AES,KEM,10.0,10240,1.1581,1.9562,5.1059,9720,16,9704,8.2202,True,6272,2025-09-09T14:03:30.398735+00:00,128,1,
FrodoKEM-640-AES,KEM,10.0,10240,1.0526,1.5744,1.7622,9720,16,9704,4.3891,True,6273,2025-09-09T14:03:30.507540+00:00,128,1,
FrodoKEM-640-AES,KEM,10.0,10240,1.1345,1.4254,2.4578,9720,16,9704,5.0177,True,6274,2025-09-09T14:03:30.620231+00:00,128,1,
FrodoKEM-640-AES,KEM,10.0,10240,0.9561,1.6055,1.2344,9720,16,9704,3.796,True,6275,2025-09-09T14:03:30.727955+00:00,128,1,
FrodoKEM-640-AES,KEM,10.0,10240,0.9561,2.4278,1.3639,9720,16,9704,4.7478,True,6276,2025-09-09T14:03:30.838137+00:00,128,1,
FrodoKEM-640-AES,KEM,10.0,10240,0.9769,1.3864,1.1757,9720,16,9704,3.5391,True,6277,2025-09-09T14:03:30.944596+00:00,128,1,
FrodoKEM-640-AES,KEM,10.0,10240,1.0284,1.347,1.2773,9720,16,9704,3.6527,True,6278,2025-09-09T14:03:31.052305+00:00,128,1,
FrodoKEM-640-AES,KEM,10.0,10240,0.9636,1.3412,1.3063,9720,16,9704,3.6111,True,6279,2025-09-09T14:03:31.159709+00:00,128,1,
FrodoKEM-640-AES,KEM,10.0,10240,1.118,1.7858,0.8366,9720,16,9704,3.7404,True,6280,2025-09-09T14:03:31.266235+00:00,128,1,
FrodoKEM-640-AES,KEM,10.0,10240,1.1051,2.1341,1.2133,9720,16,9704,4.4525,True,6281,2025-09-09T14:03:31.373901+00:00,128,1,
FrodoKEM-640-AES,KEM,10.0,10240,0.9868,1.9313,1.1301,9720,16,9704,4.0483,True,6282,2025-09-09T14:03:31.485786+00:00,128,1,
FrodoKEM-640-AES,KEM,10.0,10240,0.9852,1.214,1.1273,9720,16,9704,3.3264,True,6283,2025-09-09T14:03:31.595365+00:00,128,1,
FrodoKEM-640-AES,KEM,10.0,10240,1.0668,2.3493,1.2119,9720,16,9704,4.628,True,6284,2025-09-09T14:03:31.702881+00:00,128,1,
FrodoKEM-640-AES,KEM,10.0,10240,1.0212,1.6015,1.1069,9720,16,9704,3.7296,True,6285,2025-09-09T14:03:31.810138+00:00,128,1,
FrodoKEM-640-AES,KEM,10.0,10240,1.0114,1.9338,1.1373,9720,16,9704,4.0825,True,6286,2025-09-09T14:03:31.918464+00:00,128,1,
FrodoKEM-640-AES,KEM,10.0,10240,1.2094,1.3466,1.3505,9720,16,9704,3.9065,True,6287,2025-09-09T14:03:32.026249+00:00,128,1,
FrodoKEM-640-AES,KEM,10.0,10240,0.9759,1.2633,1.1384,9720,16,9704,3.3776,True,6288,2025-09-09T14:03:32.146358+00:00,128,1,
FrodoKEM-640-AES,KEM,10.0,10240,1.0544,1.4956,1.1913,9720,16,9704,3.7413,True,6289,2025-09-09T14:03:32.253208+00:00,128,1,
FrodoKEM-640-AES,KEM,10.0,10240,1.0228,1.8524,1.2431,9720,16,9704,4.1182,True,6290,2025-09-09T14:03:32.361690+00:00,128,1,
FrodoKEM-640-AES,KEM,10.0,10240,0.8963,0.9873,1.0599,9720,16,9704,2.9435,True,6291,2025-09-09T14:03:32.475330+00:00,128,1,
FrodoKEM-640-AES,KEM,10.0,10240,1.0599,1.2707,1.1699,9720,16,9704,3.5006,True,6292,2025-09-09T14:03:32.582027+00:00,128,1,
FrodoKEM-640-AES,KEM,10.0,10240,0.7529,1.3624,1.0725,9720,16,9704,3.1878,True,6293,2025-09-09T14:03:32.688470+00:00,128,1,
FrodoKEM-640-AES,KEM,10.0,10240,0.998,1.1996,1.2824,9720,16,9704,3.48,True,6294,2025-09-09T14:03:32.794857+00:00,128,1,
FrodoKEM-640-AES,KEM,10.0,10240,1.1729,1.2243,1.0788,9720,16,9704,3.4759,True,6295,2025-09-09T14:03:32.902970+00:00,128,1,
FrodoKEM-640-AES,KEM,10.0,10240,1.0019,1.5904,1.1409,9720,16,9704,3.7332,True,6296,2025-09-09T14:03:33.009795+00:00,128,1,
FrodoKEM-640-AES,KEM,10.0,10240,0.8529,1.1151,0.9457,9720,16,9704,2.9136,True,6297,2025-09-09T14:03:33.118226+00:00,128,1,
FrodoKEM-640-AES,KEM,10.0,10240,0.7062,1.1648,0.9617,9720,16,9704,2.8327,True,6298,2025-09-09T14:03:33.226414+00:00,128,1,
FrodoKEM-640-AES,KEM,10.0,10240,1.1229,1.5849,1.2173,9720,16,9704,3.9251,True,6299,2025-09-09T14:03:33.334800+00:00,128,1,
FrodoKEM-640-AES,KEM,10.0,10240,0.9939,1.5538,1.2172,9720,16,9704,3.7649,True,6300,2025-09-09T14:03:33.441890+00:00,128,1,
FrodoKEM-640-SHAKE,KEM,0.1,102,2.4579,3.0517,2.925,9720,16,9704,8.4346,True,6301,2025-09-09T14:03:33.552335+00:00,128,1,
FrodoKEM-640-SHAKE,KEM,0.1,102,2.2628,2.676,2.5513,9720,16,9704,7.4902,True,6302,2025-09-09T14:03:33.660621+00:00,128,1,
FrodoKEM-640-SHAKE,KEM,0.1,102,2.7243,2.7033,2.9607,9720,16,9704,8.3883,True,6303,2025-09-09T14:03:33.769888+00:00,128,1,
FrodoKEM-640-SHAKE,KEM,0.1,102,2.3414,2.5989,2.8507,9720,16,9704,7.791,True,6304,2025-09-09T14:03:33.879674+00:00,128,1,
FrodoKEM-640-SHAKE,KEM,0.1,102,1.9939,2.5928,2.3249,9720,16,9704,6.9116,True,6305,2025-09-09T14:03:33.987825+00:00,128,1,
FrodoKEM-640-SHAKE,KEM,0.1,102,2.1372,2.4245,2.3319,9720,16,9704,6.8936,True,6306,2025-09-09T14:03:34.095513+00:00,128,1,
FrodoKEM-640-SHAKE,KEM,0.1,102,1.9414,4.2248,2.6674,9720,16,9704,8.8335,True,6307,2025-09-09T14:03:34.206076+00:00,128,1,
FrodoKEM-640-SHAKE,KEM,0.1,102,2.0528,2.4917,2.6182,9720,16,9704,7.1627,True,6308,2025-09-09T14:03:34.314786+00:00,128,1,
FrodoKEM-640-SHAKE,KEM,0.1,102,2.2459,2.9079,3.3458,9720,16,9704,8.4996,True,6309,2025-09-09T14:03:34.429441+00:00,128,1,
FrodoKEM-640-SHAKE,KEM,0.1,102,2.7462,4.0346,2.6343,9720,16,9704,9.4151,True,6310,2025-09-09T14:03:34.540088+00:00,128,1,
FrodoKEM-640-SHAKE,KEM,0.1,102,2.053,2.4288,2.6114,9720,16,9704,7.0933,True,6311,2025-09-09T14:03:34.648257+00:00,128,1,
FrodoKEM-640-SHAKE,KEM,0.1,102,1.8979,2.4569,2.6141,9720,16,9704,6.9688,True,6312,2025-09-09T14:03:34.756485+00:00,128,1,
FrodoKEM-640-SHAKE,KEM,0.1,102,2.1433,1.9625,2.9478,9720,16,9704,7.0535,True,6313,2025-09-09T14:03:34.864328+00:00,128,1,
FrodoKEM-640-SHAKE,KEM,0.1,102,2.6249,2.7404,18.1661,9720,16,9704,23.5314,True,6314,2025-09-09T14:03:34.988595+00:00,128,1,
FrodoKEM-640-SHAKE,KEM,0.1,102,1.9746,2.1634,2.6345,9720,16,9704,6.7725,True,6315,2025-09-09T14:03:35.096204+00:00,128,1,
FrodoKEM-640-SHAKE,KEM,0.1,102,2.1536,2.795,2.308,9720,16,9704,7.2566,True,6316,2025-09-09T14:03:35.204059+00:00,128,1,
FrodoKEM-640-SHAKE,KEM,0.1,102,2.2102,2.606,2.9257,9720,16,9704,7.7418,True,6317,2025-09-09T14:03:35.312511+00:00,128,1,
FrodoKEM-640-SHAKE,KEM,0.1,102,2.1762,1.9553,2.1179,9720,16,9704,6.2495,True,6318,2025-09-09T14:03:35.419347+00:00,128,1,
FrodoKEM-640-SHAKE,KEM,0.1,102,2.1343,2.4969,2.1589,9720,16,9704,6.7901,True,6319,2025-09-09T14:03:35.526709+00:00,128,1,
FrodoKEM-640-SHAKE,KEM,0.1,102,2.1806,3.3799,2.3661,9720,16,9704,7.9266,True,6320,2025-09-09T14:03:35.635221+00:00,128,1,
FrodoKEM-640-SHAKE,KEM,0.1,102,1.9193,2.2773,1.9468,9720,16,9704,6.1433,True,6321,2025-09-09T14:03:35.741997+00:00,128,1,
FrodoKEM-640-SHAKE,KEM,0.1,102,1.9652,2.0591,2.6016,9720,16,9704,6.6259,True,6322,2025-09-09T14:03:35.849219+00:00,128,1,
FrodoKEM-640-SHAKE,KEM,0.1,102,2.2315,2.303,2.4366,9720,16,9704,6.9711,True,6323,2025-09-09T14:03:35.956753+00:00,128,1,
FrodoKEM-640-SHAKE,KEM,0.1,102,1.9439,2.3509,2.5177,9720,16,9704,6.8124,True,6324,2025-09-09T14:03:36.064075+00:00,128,1,
FrodoKEM-640-SHAKE,KEM,0.1,102,2.1036,2.1402,2.3143,9720,16,9704,6.5581,True,6325,2025-09-09T14:03:36.171248+00:00,128,1,
FrodoKEM-640-SHAKE,KEM,0.1,102,2.3727,2.7085,2.9888,9720,16,9704,8.0701,True,6326,2025-09-09T14:03:36.280548+00:00,128,1,
FrodoKEM-640-SHAKE,KEM,0.1,102,2.5753,2.6907,4.6219,9720,16,9704,9.8879,True,6327,2025-09-09T14:03:36.391047+00:00,128,1,
FrodoKEM-640-SHAKE,KEM,0.1,102,2.146,2.367,2.3093,9720,16,9704,6.8223,True,6328,2025-09-09T14:03:36.498439+00:00,128,1,
FrodoKEM-640-SHAKE,KEM,0.1,102,1.9792,2.0941,2.2066,9720,16,9704,6.28,True,6329,2025-09-09T14:03:36.605340+00:00,128,1,
FrodoKEM-640-SHAKE,KEM,0.1,102,2.3978,3.4805,2.5293,9720,16,9704,8.4076,True,6330,2025-09-09T14:03:36.734811+00:00,128,1,
FrodoKEM-640-SHAKE,KEM,0.1,102,2.0409,2.3611,2.9458,9720,16,9704,7.3478,True,6331,2025-09-09T14:03:36.842771+00:00,128,1,
FrodoKEM-640-SHAKE,KEM,0.1,102,2.1303,2.549,3.1072,9720,16,9704,7.7864,True,6332,2025-09-09T14:03:36.951174+00:00,128,1,
FrodoKEM-640-SHAKE,KEM,0.1,102,2.063,2.6002,2.0676,9720,16,9704,6.7308,True,6333,2025-09-09T14:03:37.058739+00:00,128,1,
FrodoKEM-640-SHAKE,KEM,0.1,102,1.9335,2.4831,2.3165,9720,16,9704,6.7332,True,6334,2025-09-09T14:03:37.166539+00:00,128,1,
FrodoKEM-640-SHAKE,KEM,0.1,102,1.9811,2.2983,1.9587,9720,16,9704,6.2382,True,6335,2025-09-09T14:03:37.273329+00:00,128,1,
FrodoKEM-640-SHAKE,KEM,0.1,102,2.1259,2.2487,2.376,9720,16,9704,6.7506,True,6336,2025-09-09T14:03:37.380676+00:00,128,1,
FrodoKEM-640-SHAKE,KEM,0.1,102,3.1506,4.8295,2.6967,9720,16,9704,10.6768,True,6337,2025-09-09T14:03:37.491954+00:00,128,1,
FrodoKEM-640-SHAKE,KEM,0.1,102,2.58,2.8235,2.442,9720,16,9704,7.8456,True,6338,2025-09-09T14:03:37.600548+00:00,128,1,
FrodoKEM-640-SHAKE,KEM,0.1,102,1.9705,2.1684,2.2282,9720,16,9704,6.3671,True,6339,2025-09-09T14:03:37.707475+00:00,128,1,
FrodoKEM-640-SHAKE,KEM,0.1,102,2.4589,2.5774,2.1673,9720,16,9704,7.2036,True,6340,2025-09-09T14:03:37.819993+00:00,128,1,
FrodoKEM-640-SHAKE,KEM,0.1,102,2.378,2.8049,3.0504,9720,16,9704,8.2333,True,6341,2025-09-09T14:03:37.928800+00:00,128,1,
FrodoKEM-640-SHAKE,KEM,0.1,102,2.3287,2.1449,2.1781,9720,16,9704,6.6517,True,6342,2025-09-09T14:03:38.036026+00:00,128,1,
FrodoKEM-640-SHAKE,KEM,0.1,102,2.0307,2.1893,2.0207,9720,16,9704,6.2407,True,6343,2025-09-09T14:03:38.142916+00:00,128,1,
FrodoKEM-640-SHAKE,KEM,0.1,102,2.5188,3.8056,3.382,9720,16,9704,9.7065,True,6344,2025-09-09T14:03:38.253228+00:00,128,1,
FrodoKEM-640-SHAKE,KEM,0.1,102,2.762,3.0835,2.7366,9720,16,9704,8.582,True,6345,2025-09-09T14:03:38.362383+00:00,128,1,
FrodoKEM-640-SHAKE,KEM,0.1,102,8.0726,2.617,2.4522,9720,16,9704,13.1417,True,6346,2025-09-09T14:03:38.481591+00:00,128,1,
FrodoKEM-640-SHAKE,KEM,0.1,102,2.3688,2.6001,2.8567,9720,16,9704,7.8255,True,6347,2025-09-09T14:03:38.597271+00:00,128,1,
FrodoKEM-640-SHAKE,KEM,0.1,102,2.5046,2.8193,2.7017,9720,16,9704,8.0257,True,6348,2025-09-09T14:03:38.705899+00:00,128,1,
FrodoKEM-640-SHAKE,KEM,0.1,102,2.3684,10.7945,2.6581,9720,16,9704,15.8211,True,6349,2025-09-09T14:03:38.822445+00:00,128,1,
FrodoKEM-640-SHAKE,KEM,0.1,102,2.179,2.3972,1.8058,9720,16,9704,6.3819,True,6350,2025-09-09T14:03:38.929438+00:00,128,1,
FrodoKEM-640-SHAKE,KEM,0.5,512,1.7724,2.1444,2.1436,9720,16,9704,6.0604,True,6351,2025-09-09T14:03:39.036744+00:00,128,1,
FrodoKEM-640-SHAKE,KEM,0.5,512,2.2106,2.2387,2.2959,9720,16,9704,6.7451,True,6352,2025-09-09T14:03:39.144178+00:00,128,1,
FrodoKEM-640-SHAKE,KEM,0.5,512,2.4437,2.8164,2.7922,9720,16,9704,8.0523,True,6353,2025-09-09T14:03:39.252864+00:00,128,1,
FrodoKEM-640-SHAKE,KEM,0.5,512,1.7359,2.1011,2.1268,9720,16,9704,5.9638,True,6354,2025-09-09T14:03:39.359550+00:00,128,1,
FrodoKEM-640-SHAKE,KEM,0.5,512,1.8529,2.3202,2.1011,9720,16,9704,6.2742,True,6355,2025-09-09T14:03:39.466463+00:00,128,1,
FrodoKEM-640-SHAKE,KEM,0.5,512,2.2177,2.7106,2.6217,9720,16,9704,7.5499,True,6356,2025-09-09T14:03:39.574721+00:00,128,1,
FrodoKEM-640-SHAKE,KEM,0.5,512,2.4683,2.8995,2.7213,9720,16,9704,8.0891,True,6357,2025-09-09T14:03:39.683601+00:00,128,1,
FrodoKEM-640-SHAKE,KEM,0.5,512,2.444,2.8806,2.7519,9720,16,9704,8.0766,True,6358,2025-09-09T14:03:39.792358+00:00,128,1,
FrodoKEM-640-SHAKE,KEM,0.5,512,2.4123,2.7506,2.81,9720,16,9704,7.9729,True,6359,2025-09-09T14:03:39.901013+00:00,128,1,
FrodoKEM-640-SHAKE,KEM,0.5,512,2.0853,2.5537,2.3672,9720,16,9704,7.0062,True,6360,2025-09-09T14:03:40.014992+00:00,128,1,
FrodoKEM-640-SHAKE,KEM,0.5,512,2.3716,2.8039,2.7846,9720,16,9704,7.9601,True,6361,2025-09-09T14:03:40.123730+00:00,128,1,
FrodoKEM-640-SHAKE,KEM,0.5,512,2.0031,2.3022,2.2674,9720,16,9704,6.5728,True,6362,2025-09-09T14:03:40.231008+00:00,128,1,
FrodoKEM-640-SHAKE,KEM,0.5,512,1.8729,2.4749,2.3562,9720,16,9704,6.704,True,6363,2025-09-09T14:03:40.338847+00:00,128,1,
FrodoKEM-640-SHAKE,KEM,0.5,512,2.657,2.9482,4.4353,9720,16,9704,10.0405,True,6364,2025-09-09T14:03:40.450083+00:00,128,1,
FrodoKEM-640-SHAKE,KEM,0.5,512,3.2586,2.01,1.8951,9720,16,9704,7.1638,True,6365,2025-09-09T14:03:40.557910+00:00,128,1,
FrodoKEM-640-SHAKE,KEM,0.5,512,1.9171,2.2857,2.0649,9720,16,9704,6.2677,True,6366,2025-09-09T14:03:40.664829+00:00,128,1,
FrodoKEM-640-SHAKE,KEM,0.5,512,1.8807,2.1027,2.6298,9720,16,9704,6.6133,True,6367,2025-09-09T14:03:40.772336+00:00,128,1,
FrodoKEM-640-SHAKE,KEM,0.5,512,2.4683,2.7556,2.6407,9720,16,9704,7.8646,True,6368,2025-09-09T14:03:40.880849+00:00,128,1,
FrodoKEM-640-SHAKE,KEM,0.5,512,2.489,2.8736,2.4685,9720,16,9704,7.8311,True,6369,2025-09-09T14:03:40.996495+00:00,128,1,
FrodoKEM-640-SHAKE,KEM,0.5,512,2.9778,2.0467,2.3054,9720,16,9704,7.33,True,6370,2025-09-09T14:03:41.104552+00:00,128,1,
FrodoKEM-640-SHAKE,KEM,0.5,512,2.062,2.3127,2.3183,9720,16,9704,6.693,True,6371,2025-09-09T14:03:41.213063+00:00,128,1,
FrodoKEM-640-SHAKE,KEM,0.5,512,2.2114,2.2409,2.1536,9720,16,9704,6.6059,True,6372,2025-09-09T14:03:41.320430+00:00,128,1,
FrodoKEM-640-SHAKE,KEM,0.5,512,1.7929,1.8127,2.0489,9720,16,9704,5.6546,True,6373,2025-09-09T14:03:41.426837+00:00,128,1,
FrodoKEM-640-SHAKE,KEM,0.5,512,2.2411,6.7464,2.0424,9720,16,9704,11.03,True,6374,2025-09-09T14:03:41.546780+00:00,128,1,
FrodoKEM-640-SHAKE,KEM,0.5,512,2.108,2.1928,2.263,9720,16,9704,6.5637,True,6375,2025-09-09T14:03:41.654039+00:00,128,1,
FrodoKEM-640-SHAKE,KEM,0.5,512,2.4714,2.6489,2.6098,9720,16,9704,7.7301,True,6376,2025-09-09T14:03:41.762682+00:00,128,1,
FrodoKEM-640-SHAKE,KEM,0.5,512,1.7606,2.418,2.0748,9720,16,9704,6.2534,True,6377,2025-09-09T14:03:41.869690+00:00,128,1,
FrodoKEM-640-SHAKE,KEM,0.5,512,2.4999,6.0725,1.8371,9720,16,9704,10.4094,True,6378,2025-09-09T14:03:41.980679+00:00,128,1,
FrodoKEM-640-SHAKE,KEM,0.5,512,2.2865,2.5781,2.4842,9720,16,9704,7.3488,True,6379,2025-09-09T14:03:42.088855+00:00,128,1,
FrodoKEM-640-SHAKE,KEM,0.5,512,1.7483,1.7675,1.6594,9720,16,9704,5.1752,True,6380,2025-09-09T14:03:42.199043+00:00,128,1,
FrodoKEM-640-SHAKE,KEM,0.5,512,2.0147,2.419,2.0039,9720,16,9704,6.4377,True,6381,2025-09-09T14:03:42.306367+00:00,128,1,
FrodoKEM-640-SHAKE,KEM,0.5,512,2.0955,2.7435,1.9941,9720,16,9704,6.8331,True,6382,2025-09-09T14:03:42.414352+00:00,128,1,
FrodoKEM-640-SHAKE,KEM,0.5,512,2.3141,2.834,2.4591,9720,16,9704,7.6071,True,6383,2025-09-09T14:03:42.522793+00:00,128,1,
FrodoKEM-640-SHAKE,KEM,0.5,512,2.08,2.3962,2.603,9720,16,9704,7.0791,True,6384,2025-09-09T14:03:42.630779+00:00,128,1,
FrodoKEM-640-SHAKE,KEM,0.5,512,1.7345,1.9653,1.9213,9720,16,9704,5.6212,True,6385,2025-09-09T14:03:42.737317+00:00,128,1,
FrodoKEM-640-SHAKE,KEM,0.5,512,1.8581,2.1881,2.0245,9720,16,9704,6.0707,True,6386,2025-09-09T14:03:42.844780+00:00,128,1,
FrodoKEM-640-SHAKE,KEM,0.5,512,1.7052,2.3098,2.3453,9720,16,9704,6.3603,True,6387,2025-09-09T14:03:42.951982+00:00,128,1,
FrodoKEM-640-SHAKE,KEM,0.5,512,2.0591,2.3605,6.7141,9720,16,9704,11.1338,True,6388,2025-09-09T14:03:43.063996+00:00,128,1,
FrodoKEM-640-SHAKE,KEM,0.5,512,1.9304,2.4504,2.4384,9720,16,9704,6.8191,True,6389,2025-09-09T14:03:43.171693+00:00,128,1,
FrodoKEM-640-SHAKE,KEM,0.5,512,2.1178,2.7019,2.5805,9720,16,9704,7.4002,True,6390,2025-09-09T14:03:43.280407+00:00,128,1,
FrodoKEM-640-SHAKE,KEM,0.5,512,2.2856,2.3783,2.4325,9720,16,9704,7.0963,True,6391,2025-09-09T14:03:43.388996+00:00,128,1,
FrodoKEM-640-SHAKE,KEM,0.5,512,2.0158,2.4727,3.2839,9720,16,9704,7.7725,True,6392,2025-09-09T14:03:43.498186+00:00,128,1,
FrodoKEM-640-SHAKE,KEM,0.5,512,2.0759,2.0753,7.6659,9720,16,9704,11.8172,True,6393,2025-09-09T14:03:43.610975+00:00,128,1,
FrodoKEM-640-SHAKE,KEM,0.5,512,2.0647,2.1089,1.9757,9720,16,9704,6.1494,True,6394,2025-09-09T14:03:43.720320+00:00,128,1,
FrodoKEM-640-SHAKE,KEM,0.5,512,2.4394,2.6599,2.475,9720,16,9704,7.5743,True,6395,2025-09-09T14:03:43.828747+00:00,128,1,
FrodoKEM-640-SHAKE,KEM,0.5,512,2.4042,2.4183,2.3378,9720,16,9704,7.1603,True,6396,2025-09-09T14:03:43.937174+00:00,128,1,
FrodoKEM-640-SHAKE,KEM,0.5,512,2.3249,2.15,2.044,9720,16,9704,6.5189,True,6397,2025-09-09T14:03:44.044521+00:00,128,1,
FrodoKEM-640-SHAKE,KEM,0.5,512,2.0551,2.3215,2.0563,9720,16,9704,6.4329,True,6398,2025-09-09T14:03:44.152769+00:00,128,1,
FrodoKEM-640-SHAKE,KEM,0.5,512,2.6461,2.7177,3.137,9720,16,9704,8.5007,True,6399,2025-09-09T14:03:44.262482+00:00,128,1,
FrodoKEM-640-SHAKE,KEM,0.5,512,1.8853,2.3324,2.0327,9720,16,9704,6.2504,True,6400,2025-09-09T14:03:44.369619+00:00,128,1,
FrodoKEM-640-SHAKE,KEM,1.0,1024,2.5058,2.8503,2.4861,9720,16,9704,7.8423,True,6401,2025-09-09T14:03:44.478766+00:00,128,1,
FrodoKEM-640-SHAKE,KEM,1.0,1024,2.12,2.2536,2.3471,9720,16,9704,6.7206,True,6402,2025-09-09T14:03:44.587195+00:00,128,1,
FrodoKEM-640-SHAKE,KEM,1.0,1024,2.4906,2.7453,3.2369,9720,16,9704,8.4728,True,6403,2025-09-09T14:03:44.697153+00:00,128,1,
FrodoKEM-640-SHAKE,KEM,1.0,1024,2.6413,2.6309,2.3598,9720,16,9704,7.632,True,6404,2025-09-09T14:03:44.805836+00:00,128,1,
FrodoKEM-640-SHAKE,KEM,1.0,1024,1.8538,2.2394,2.4061,9720,16,9704,6.4993,True,6405,2025-09-09T14:03:44.913600+00:00,128,1,
FrodoKEM-640-SHAKE,KEM,1.0,1024,1.8711,2.3346,1.9713,9720,16,9704,6.1769,True,6406,2025-09-09T14:03:45.020988+00:00,128,1,
FrodoKEM-640-SHAKE,KEM,1.0,1024,2.0372,2.1361,2.2239,9720,16,9704,6.3972,True,6407,2025-09-09T14:03:45.128580+00:00,128,1,
FrodoKEM-640-SHAKE,KEM,1.0,1024,2.3399,2.7226,3.0264,9720,16,9704,8.0889,True,6408,2025-09-09T14:03:45.247216+00:00,128,1,
FrodoKEM-640-SHAKE,KEM,1.0,1024,2.254,2.2216,2.2557,9720,16,9704,6.7313,True,6409,2025-09-09T14:03:45.358929+00:00,128,1,
FrodoKEM-640-SHAKE,KEM,1.0,1024,1.8337,2.36,2.4369,9720,16,9704,6.6306,True,6410,2025-09-09T14:03:45.466821+00:00,128,1,
FrodoKEM-640-SHAKE,KEM,1.0,1024,2.2787,2.6962,2.5701,9720,16,9704,7.5449,True,6411,2025-09-09T14:03:45.575508+00:00,128,1,
FrodoKEM-640-SHAKE,KEM,1.0,1024,2.1672,2.4208,2.2998,9720,16,9704,6.8878,True,6412,2025-09-09T14:03:45.683308+00:00,128,1,
FrodoKEM-640-SHAKE,KEM,1.0,1024,2.7366,3.2438,7.1052,9720,16,9704,13.0855,True,6413,2025-09-09T14:03:45.804984+00:00,128,1,
FrodoKEM-640-SHAKE,KEM,1.0,1024,2.5915,2.7399,2.4632,9720,16,9704,7.7945,True,6414,2025-09-09T14:03:45.914978+00:00,128,1,
FrodoKEM-640-SHAKE,KEM,1.0,1024,1.9922,3.0243,2.0676,9720,16,9704,7.0841,True,6415,2025-09-09T14:03:46.023078+00:00,128,1,
FrodoKEM-640-SHAKE,KEM,1.0,1024,2.2423,2.3722,3.1486,9720,16,9704,7.763,True,6416,2025-09-09T14:03:46.132777+00:00,128,1,
FrodoKEM-640-SHAKE,KEM,1.0,1024,2.5051,2.7728,3.019,9720,16,9704,8.2969,True,6417,2025-09-09T14:03:46.242070+00:00,128,1,
FrodoKEM-640-SHAKE,KEM,1.0,1024,3.4851,2.1062,2.283,9720,16,9704,7.8742,True,6418,2025-09-09T14:03:46.352025+00:00,128,1,
FrodoKEM-640-SHAKE,KEM,1.0,1024,2.3083,2.4278,3.5324,9720,16,9704,8.2685,True,6419,2025-09-09T14:03:46.461054+00:00,128,1,
FrodoKEM-640-SHAKE,KEM,1.0,1024,2.2561,2.6941,2.4409,9720,16,9704,7.3911,True,6420,2025-09-09T14:03:46.570562+00:00,128,1,
FrodoKEM-640-SHAKE,KEM,1.0,1024,2.2867,2.7424,2.0616,9720,16,9704,7.0906,True,6421,2025-09-09T14:03:46.679220+00:00,128,1,
FrodoKEM-640-SHAKE,KEM,1.0,1024,2.5024,4.3102,2.9595,9720,16,9704,9.7721,True,6422,2025-09-09T14:03:46.792239+00:00,128,1,
FrodoKEM-640-SHAKE,KEM,1.0,1024,2.7096,2.8586,3.626,9720,16,9704,9.1942,True,6423,2025-09-09T14:03:46.902423+00:00,128,1,
FrodoKEM-640-SHAKE,KEM,1.0,1024,2.4998,6.3459,2.4241,9720,16,9704,11.2697,True,6424,2025-09-09T14:03:47.015423+00:00,128,1,
FrodoKEM-640-SHAKE,KEM,1.0,1024,2.3517,2.5618,2.3188,9720,16,9704,7.2324,True,6425,2025-09-09T14:03:47.123555+00:00,128,1,
FrodoKEM-640-SHAKE,KEM,1.0,1024,2.3471,2.6824,3.1168,9720,16,9704,8.1464,True,6426,2025-09-09T14:03:47.236496+00:00,128,1,
FrodoKEM-640-SHAKE,KEM,1.0,1024,2.4481,3.4023,2.7348,9720,16,9704,8.5853,True,6427,2025-09-09T14:03:47.348256+00:00,128,1,
FrodoKEM-640-SHAKE,KEM,1.0,1024,2.2532,2.5679,3.7821,9720,16,9704,8.6032,True,6428,2025-09-09T14:03:47.458104+00:00,128,1,
FrodoKEM-640-SHAKE,KEM,1.0,1024,1.8595,2.339,2.2885,9720,16,9704,6.487,True,6429,2025-09-09T14:03:47.565440+00:00,128,1,
FrodoKEM-640-SHAKE,KEM,1.0,1024,2.6768,6.3006,2.847,9720,16,9704,11.8244,True,6430,2025-09-09T14:03:47.678090+00:00,128,1,
FrodoKEM-640-SHAKE,KEM,1.0,1024,2.9991,3.5739,3.1431,9720,16,9704,9.7161,True,6431,2025-09-09T14:03:47.788736+00:00,128,1,
FrodoKEM-640-SHAKE,KEM,1.0,1024,2.1305,2.2641,3.1154,9720,16,9704,7.51,True,6432,2025-09-09T14:03:47.897283+00:00,128,1,
FrodoKEM-640-SHAKE,KEM,1.0,1024,2.2669,2.5636,2.6073,9720,16,9704,7.4379,True,6433,2025-09-09T14:03:48.005632+00:00,128,1,
FrodoKEM-640-SHAKE,KEM,1.0,1024,4.3368,2.411,2.2749,9720,16,9704,9.0227,True,6434,2025-09-09T14:03:48.117720+00:00,128,1,
FrodoKEM-640-SHAKE,KEM,1.0,1024,2.3931,2.5965,2.2106,9720,16,9704,7.2002,True,6435,2025-09-09T14:03:48.225858+00:00,128,1,
FrodoKEM-640-SHAKE,KEM,1.0,1024,2.0551,2.4391,2.3328,9720,16,9704,6.827,True,6436,2025-09-09T14:03:48.333476+00:00,128,1,
FrodoKEM-640-SHAKE,KEM,1.0,1024,2.3236,2.7534,2.6476,9720,16,9704,7.7246,True,6437,2025-09-09T14:03:48.442228+00:00,128,1,
FrodoKEM-640-SHAKE,KEM,1.0,1024,2.3992,2.7092,2.7824,9720,16,9704,7.8908,True,6438,2025-09-09T14:03:48.552397+00:00,128,1,
FrodoKEM-640-SHAKE,KEM,1.0,1024,2.4223,2.1458,1.9501,9720,16,9704,6.5182,True,6439,2025-09-09T14:03:48.659731+00:00,128,1,
FrodoKEM-640-SHAKE,KEM,1.0,1024,2.2479,2.6968,2.5452,9720,16,9704,7.49,True,6440,2025-09-09T14:03:48.768027+00:00,128,1,
FrodoKEM-640-SHAKE,KEM,1.0,1024,2.2029,2.7811,2.384,9720,16,9704,7.368,True,6441,2025-09-09T14:03:48.876158+00:00,128,1,
FrodoKEM-640-SHAKE,KEM,1.0,1024,3.2554,2.8496,2.3436,9720,16,9704,8.4486,True,6442,2025-09-09T14:03:48.985408+00:00,128,1,
FrodoKEM-640-SHAKE,KEM,1.0,1024,2.3272,2.753,2.5848,9720,16,9704,7.665,True,6443,2025-09-09T14:03:49.093912+00:00,128,1,
FrodoKEM-640-SHAKE,KEM,1.0,1024,2.0138,2.5294,2.4902,9720,16,9704,7.0333,True,6444,2025-09-09T14:03:49.201754+00:00,128,1,
FrodoKEM-640-SHAKE,KEM,1.0,1024,3.9558,2.5988,4.9996,9720,16,9704,11.5542,True,6445,2025-09-09T14:03:49.314388+00:00,128,1,
FrodoKEM-640-SHAKE,KEM,1.0,1024,2.0835,2.403,2.448,9720,16,9704,6.9345,True,6446,2025-09-09T14:03:49.422336+00:00,128,1,
FrodoKEM-640-SHAKE,KEM,1.0,1024,2.7431,2.9245,2.9044,9720,16,9704,8.5721,True,6447,2025-09-09T14:03:49.535230+00:00,128,1,
FrodoKEM-640-SHAKE,KEM,1.0,1024,2.099,2.5296,2.3155,9720,16,9704,6.9441,True,6448,2025-09-09T14:03:49.643208+00:00,128,1,
FrodoKEM-640-SHAKE,KEM,1.0,1024,1.9731,2.5425,2.4521,9720,16,9704,6.9677,True,6449,2025-09-09T14:03:49.750996+00:00,128,1,
FrodoKEM-640-SHAKE,KEM,1.0,1024,2.666,6.4535,6.5699,9720,16,9704,15.6894,True,6450,2025-09-09T14:03:49.867536+00:00,128,1,
FrodoKEM-640-SHAKE,KEM,2.0,2048,2.0591,2.1943,2.3891,9720,16,9704,6.6425,True,6451,2025-09-09T14:03:49.975888+00:00,128,1,
FrodoKEM-640-SHAKE,KEM,2.0,2048,2.2078,2.4813,3.2636,9720,16,9704,7.9527,True,6452,2025-09-09T14:03:50.084897+00:00,128,1,
FrodoKEM-640-SHAKE,KEM,2.0,2048,2.598,2.8061,2.7726,9720,16,9704,8.1768,True,6453,2025-09-09T14:03:50.194168+00:00,128,1,
FrodoKEM-640-SHAKE,KEM,2.0,2048,2.4678,2.8837,2.4606,9720,16,9704,7.812,True,6454,2025-09-09T14:03:50.303069+00:00,128,1,
FrodoKEM-640-SHAKE,KEM,2.0,2048,2.0893,9.6417,2.1407,9720,16,9704,13.8716,True,6455,2025-09-09T14:03:50.419102+00:00,128,1,
FrodoKEM-640-SHAKE,KEM,2.0,2048,2.1751,3.1599,2.8208,9720,16,9704,8.1557,True,6456,2025-09-09T14:03:50.535424+00:00,128,1,
FrodoKEM-640-SHAKE,KEM,2.0,2048,2.4075,2.264,2.5012,9720,16,9704,7.1726,True,6457,2025-09-09T14:03:50.643599+00:00,128,1,
FrodoKEM-640-SHAKE,KEM,2.0,2048,2.4034,3.8456,2.8973,9720,16,9704,9.1463,True,6458,2025-09-09T14:03:50.753877+00:00,128,1,
FrodoKEM-640-SHAKE,KEM,2.0,2048,1.8949,2.4243,5.4095,9720,16,9704,9.7287,True,6459,2025-09-09T14:03:50.864617+00:00,128,1,
FrodoKEM-640-SHAKE,KEM,2.0,2048,2.2718,2.5997,10.4809,9720,16,9704,15.3524,True,6460,2025-09-09T14:03:50.984818+00:00,128,1,
FrodoKEM-640-SHAKE,KEM,2.0,2048,2.3619,2.0717,2.2524,9720,16,9704,6.686,True,6461,2025-09-09T14:03:51.092747+00:00,128,1,
FrodoKEM-640-SHAKE,KEM,2.0,2048,2.7959,6.0451,2.7073,9720,16,9704,11.5483,True,6462,2025-09-09T14:03:51.207184+00:00,128,1,
FrodoKEM-640-SHAKE,KEM,2.0,2048,2.3272,2.2807,2.4739,9720,16,9704,7.0819,True,6463,2025-09-09T14:03:51.315527+00:00,128,1,
FrodoKEM-640-SHAKE,KEM,2.0,2048,2.1679,2.3594,2.3691,9720,16,9704,6.8964,True,6464,2025-09-09T14:03:51.432540+00:00,128,1,
FrodoKEM-640-SHAKE,KEM,2.0,2048,3.1588,3.2813,4.3766,9720,16,9704,10.8167,True,6465,2025-09-09T14:03:51.544820+00:00,128,1,
FrodoKEM-640-SHAKE,KEM,2.0,2048,2.3846,2.3425,2.3497,9720,16,9704,7.0768,True,6466,2025-09-09T14:03:51.652913+00:00,128,1,
FrodoKEM-640-SHAKE,KEM,2.0,2048,2.8855,3.5601,2.7102,9720,16,9704,9.1558,True,6467,2025-09-09T14:03:51.763267+00:00,128,1,
FrodoKEM-640-SHAKE,KEM,2.0,2048,2.139,2.5701,2.5445,9720,16,9704,7.2536,True,6468,2025-09-09T14:03:51.871605+00:00,128,1,
FrodoKEM-640-SHAKE,KEM,2.0,2048,2.4971,2.6309,2.5651,9720,16,9704,7.6931,True,6469,2025-09-09T14:03:51.980409+00:00,128,1,
FrodoKEM-640-SHAKE,KEM,2.0,2048,1.9217,2.2309,2.4698,9720,16,9704,6.6224,True,6470,2025-09-09T14:03:52.088295+00:00,128,1,
FrodoKEM-640-SHAKE,KEM,2.0,2048,2.3158,2.1368,2.8721,9720,16,9704,7.3246,True,6471,2025-09-09T14:03:52.196690+00:00,128,1,
FrodoKEM-640-SHAKE,KEM,2.0,2048,2.1654,2.3626,2.6335,9720,16,9704,7.1615,True,6472,2025-09-09T14:03:52.304906+00:00,128,1,
FrodoKEM-640-SHAKE,KEM,2.0,2048,2.3976,3.1185,2.4625,9720,16,9704,7.9787,True,6473,2025-09-09T14:03:52.414054+00:00,128,1,
FrodoKEM-640-SHAKE,KEM,2.0,2048,2.187,2.5726,7.8694,9720,16,9704,12.629,True,6474,2025-09-09T14:03:52.527940+00:00,128,1,
FrodoKEM-640-SHAKE,KEM,2.0,2048,2.4144,2.8485,3.9964,9720,16,9704,9.2594,True,6475,2025-09-09T14:03:52.638274+00:00,128,1,
FrodoKEM-640-SHAKE,KEM,2.0,2048,2.2362,10.6365,2.5268,9720,16,9704,15.3995,True,6476,2025-09-09T14:03:52.763622+00:00,128,1,
FrodoKEM-640-SHAKE,KEM,2.0,2048,1.9809,2.3898,2.8016,9720,16,9704,7.1724,True,6477,2025-09-09T14:03:52.872021+00:00,128,1,
FrodoKEM-640-SHAKE,KEM,2.0,2048,2.4375,2.5674,2.5342,9720,16,9704,7.539,True,6478,2025-09-09T14:03:52.980496+00:00,128,1,
FrodoKEM-640-SHAKE,KEM,2.0,2048,2.8784,3.3715,2.7341,9720,16,9704,8.984,True,6479,2025-09-09T14:03:53.095746+00:00,128,1,
FrodoKEM-640-SHAKE,KEM,2.0,2048,2.1132,2.475,6.3099,9720,16,9704,10.8981,True,6480,2025-09-09T14:03:53.207743+00:00,128,1,
FrodoKEM-640-SHAKE,KEM,2.0,2048,2.1097,3.2192,2.3758,9720,16,9704,7.7047,True,6481,2025-09-09T14:03:53.316856+00:00,128,1,
FrodoKEM-640-SHAKE,KEM,2.0,2048,4.0458,2.9563,5.044,9720,16,9704,12.0462,True,6482,2025-09-09T14:03:53.429818+00:00,128,1,
FrodoKEM-640-SHAKE,KEM,2.0,2048,2.2151,2.6244,2.5094,9720,16,9704,7.3489,True,6483,2025-09-09T14:03:53.542594+00:00,128,1,
FrodoKEM-640-SHAKE,KEM,2.0,2048,2.2297,2.1753,2.8043,9720,16,9704,7.2093,True,6484,2025-09-09T14:03:53.652004+00:00,128,1,
FrodoKEM-640-SHAKE,KEM,2.0,2048,2.3939,2.25,2.4094,9720,16,9704,7.0533,True,6485,2025-09-09T14:03:53.760677+00:00,128,1,
FrodoKEM-640-SHAKE,KEM,2.0,2048,2.5046,3.8963,3.2187,9720,16,9704,9.6196,True,6486,2025-09-09T14:03:53.872864+00:00,128,1,
FrodoKEM-640-SHAKE,KEM,2.0,2048,2.929,2.4506,3.1104,9720,16,9704,8.49,True,6487,2025-09-09T14:03:53.982764+00:00,128,1,
FrodoKEM-640-SHAKE,KEM,2.0,2048,2.1257,2.8075,2.7758,9720,16,9704,7.709,True,6488,2025-09-09T14:03:54.091918+00:00,128,1,
FrodoKEM-640-SHAKE,KEM,2.0,2048,2.9116,3.0385,2.9789,9720,16,9704,8.929,True,6489,2025-09-09T14:03:54.203032+00:00,128,1,
FrodoKEM-640-SHAKE,KEM,2.0,2048,3.1266,2.4716,7.3731,9720,16,9704,12.9713,True,6490,2025-09-09T14:03:54.317248+00:00,128,1,
FrodoKEM-640-SHAKE,KEM,2.0,2048,2.0841,2.3518,2.2933,9720,16,9704,6.7292,True,6491,2025-09-09T14:03:54.424935+00:00,128,1,
FrodoKEM-640-SHAKE,KEM,2.0,2048,2.0352,2.4062,2.3109,9720,16,9704,6.7523,True,6492,2025-09-09T14:03:54.533659+00:00,128,1,
FrodoKEM-640-SHAKE,KEM,2.0,2048,1.8303,2.4846,2.169,9720,16,9704,6.4839,True,6493,2025-09-09T14:03:54.641254+00:00,128,1,
FrodoKEM-640-SHAKE,KEM,2.0,2048,2.6606,2.9111,2.948,9720,16,9704,8.5196,True,6494,2025-09-09T14:03:54.750806+00:00,128,1,
FrodoKEM-640-SHAKE,KEM,2.0,2048,2.357,2.4495,2.4337,9720,16,9704,7.2402,True,6495,2025-09-09T14:03:54.859191+00:00,128,1,
FrodoKEM-640-SHAKE,KEM,2.0,2048,1.7519,1.9902,2.0891,9720,16,9704,5.8313,True,6496,2025-09-09T14:03:54.965998+00:00,128,1,
FrodoKEM-640-SHAKE,KEM,2.0,2048,2.8534,3.8656,3.0266,9720,16,9704,9.7456,True,6497,2025-09-09T14:03:55.080484+00:00,128,1,
FrodoKEM-640-SHAKE,KEM,2.0,2048,2.1205,2.9941,2.7384,9720,16,9704,7.853,True,6498,2025-09-09T14:03:55.189675+00:00,128,1,
FrodoKEM-640-SHAKE,KEM,2.0,2048,1.7646,2.3941,1.9526,9720,16,9704,6.1114,True,6499,2025-09-09T14:03:55.298367+00:00,128,1,
FrodoKEM-640-SHAKE,KEM,2.0,2048,2.1538,10.6143,2.4216,9720,16,9704,15.1898,True,6500,2025-09-09T14:03:55.414795+00:00,128,1,
FrodoKEM-640-SHAKE,KEM,5.0,5120,2.1533,5.6151,2.6062,9720,16,9704,10.3746,True,6501,2025-09-09T14:03:55.538561+00:00,128,1,
FrodoKEM-640-SHAKE,KEM,5.0,5120,2.1544,2.484,2.428,9720,16,9704,7.0664,True,6502,2025-09-09T14:03:55.647727+00:00,128,1,
FrodoKEM-640-SHAKE,KEM,5.0,5120,2.3001,2.493,2.8654,9720,16,9704,7.6586,True,6503,2025-09-09T14:03:55.757863+00:00,128,1,
FrodoKEM-640-SHAKE,KEM,5.0,5120,2.1577,2.6205,2.591,9720,16,9704,7.3691,True,6504,2025-09-09T14:03:55.867328+00:00,128,1,
FrodoKEM-640-SHAKE,KEM,5.0,5120,2.5077,2.0903,2.5629,9720,16,9704,7.1608,True,6505,2025-09-09T14:03:55.976789+00:00,128,1,
FrodoKEM-640-SHAKE,KEM,5.0,5120,2.8108,3.2428,2.99,9720,16,9704,9.0435,True,6506,2025-09-09T14:03:56.088171+00:00,128,1,
FrodoKEM-640-SHAKE,KEM,5.0,5120,3.7296,3.9218,3.8003,9720,16,9704,11.4516,True,6507,2025-09-09T14:03:56.205392+00:00,128,1,
FrodoKEM-640-SHAKE,KEM,5.0,5120,2.2629,3.194,3.7819,9720,16,9704,9.2388,True,6508,2025-09-09T14:03:56.316643+00:00,128,1,
FrodoKEM-640-SHAKE,KEM,5.0,5120,1.8123,1.9713,1.9301,9720,16,9704,5.7137,True,6509,2025-09-09T14:03:56.424776+00:00,128,1,
FrodoKEM-640-SHAKE,KEM,5.0,5120,3.9688,6.7187,2.9342,9720,16,9704,13.6217,True,6510,2025-09-09T14:03:56.540406+00:00,128,1,
FrodoKEM-640-SHAKE,KEM,5.0,5120,3.653,2.3672,3.1293,9720,16,9704,9.1495,True,6511,2025-09-09T14:03:56.662160+00:00,128,1,
FrodoKEM-640-SHAKE,KEM,5.0,5120,2.1675,2.7392,2.6512,9720,16,9704,7.5579,True,6512,2025-09-09T14:03:56.774607+00:00,128,1,
FrodoKEM-640-SHAKE,KEM,5.0,5120,3.2309,14.9987,2.5233,9720,16,9704,20.753,True,6513,2025-09-09T14:03:56.898513+00:00,128,1,
FrodoKEM-640-SHAKE,KEM,5.0,5120,2.4731,11.2479,19.2322,9720,16,9704,32.9533,True,6514,2025-09-09T14:03:57.042031+00:00,128,1,
FrodoKEM-640-SHAKE,KEM,5.0,5120,2.1761,2.4501,2.8543,9720,16,9704,7.4804,True,6515,2025-09-09T14:03:57.151253+00:00,128,1,
FrodoKEM-640-SHAKE,KEM,5.0,5120,2.27,2.4886,2.9561,9720,16,9704,7.7146,True,6516,2025-09-09T14:03:57.261053+00:00,128,1,
FrodoKEM-640-SHAKE,KEM,5.0,5120,2.3835,2.666,12.399,9720,16,9704,17.4484,True,6517,2025-09-09T14:03:57.380596+00:00,128,1,
FrodoKEM-640-SHAKE,KEM,5.0,5120,2.4114,3.0335,2.9593,9720,16,9704,8.4042,True,6518,2025-09-09T14:03:57.492601+00:00,128,1,
FrodoKEM-640-SHAKE,KEM,5.0,5120,2.449,43.2508,2.5308,9720,16,9704,48.2305,True,6519,2025-09-09T14:03:57.648990+00:00,128,1,
FrodoKEM-640-SHAKE,KEM,5.0,5120,2.3023,2.831,3.4273,9720,16,9704,8.5606,True,6520,2025-09-09T14:03:57.759711+00:00,128,1,
FrodoKEM-640-SHAKE,KEM,5.0,5120,3.1823,2.5374,10.1578,9720,16,9704,15.8774,True,6521,2025-09-09T14:03:57.877718+00:00,128,1,
FrodoKEM-640-SHAKE,KEM,5.0,5120,2.7406,2.5677,2.782,9720,16,9704,8.0903,True,6522,2025-09-09T14:03:57.987835+00:00,128,1,
FrodoKEM-640-SHAKE,KEM,5.0,5120,3.1206,4.3012,2.4602,9720,16,9704,9.882,True,6523,2025-09-09T14:03:58.102640+00:00,128,1,
FrodoKEM-640-SHAKE,KEM,5.0,5120,3.71,4.9368,2.6377,9720,16,9704,11.2845,True,6524,2025-09-09T14:03:58.216195+00:00,128,1,
FrodoKEM-640-SHAKE,KEM,5.0,5120,2.5955,3.8369,2.9077,9720,16,9704,9.3401,True,6525,2025-09-09T14:03:58.327256+00:00,128,1,
FrodoKEM-640-SHAKE,KEM,5.0,5120,6.6657,3.2397,3.1151,9720,16,9704,13.0205,True,6526,2025-09-09T14:03:58.442012+00:00,128,1,
FrodoKEM-640-SHAKE,KEM,5.0,5120,2.3972,7.2015,4.6076,9720,16,9704,14.2063,True,6527,2025-09-09T14:03:58.558205+00:00,128,1,
FrodoKEM-640-SHAKE,KEM,5.0,5120,5.5127,4.0262,3.2599,9720,16,9704,12.7987,True,6528,2025-09-09T14:03:58.672856+00:00,128,1,
FrodoKEM-640-SHAKE,KEM,5.0,5120,15.8542,2.4143,2.3391,9720,16,9704,20.6076,True,6529,2025-09-09T14:03:58.805287+00:00,128,1,
FrodoKEM-640-SHAKE,KEM,5.0,5120,2.3821,3.3105,2.2061,9720,16,9704,7.8988,True,6530,2025-09-09T14:03:58.918978+00:00,128,1,
FrodoKEM-640-SHAKE,KEM,5.0,5120,5.4543,2.6645,2.5164,9720,16,9704,10.6353,True,6531,2025-09-09T14:03:59.032655+00:00,128,1,
FrodoKEM-640-SHAKE,KEM,5.0,5120,2.3886,3.4265,2.4688,9720,16,9704,8.2839,True,6532,2025-09-09T14:03:59.143217+00:00,128,1,
FrodoKEM-640-SHAKE,KEM,5.0,5120,2.2591,2.6163,2.404,9720,16,9704,7.2794,True,6533,2025-09-09T14:03:59.252138+00:00,128,1,
FrodoKEM-640-SHAKE,KEM,5.0,5120,2.2577,1.9378,2.6826,9720,16,9704,6.8781,True,6534,2025-09-09T14:03:59.361115+00:00,128,1,
FrodoKEM-640-SHAKE,KEM,5.0,5120,4.0074,3.0947,2.3261,9720,16,9704,9.4282,True,6535,2025-09-09T14:03:59.473361+00:00,128,1,
FrodoKEM-640-SHAKE,KEM,5.0,5120,2.594,3.1662,2.3335,9720,16,9704,8.0937,True,6536,2025-09-09T14:03:59.583329+00:00,128,1,
FrodoKEM-640-SHAKE,KEM,5.0,5120,2.0867,2.7431,2.4739,9720,16,9704,7.3037,True,6537,2025-09-09T14:03:59.692204+00:00,128,1,
FrodoKEM-640-SHAKE,KEM,5.0,5120,2.0966,3.1475,2.3626,9720,16,9704,7.6067,True,6538,2025-09-09T14:03:59.802110+00:00,128,1,
FrodoKEM-640-SHAKE,KEM,5.0,5120,2.7186,3.3704,2.7806,9720,16,9704,8.8696,True,6539,2025-09-09T14:03:59.912880+00:00,128,1,
FrodoKEM-640-SHAKE,KEM,5.0,5120,2.287,2.6931,3.2688,9720,16,9704,8.2489,True,6540,2025-09-09T14:04:00.023120+00:00,128,1,
FrodoKEM-640-SHAKE,KEM,5.0,5120,2.8342,2.3289,4.3588,9720,16,9704,9.5219,True,6541,2025-09-09T14:04:00.135180+00:00,128,1,
FrodoKEM-640-SHAKE,KEM,5.0,5120,2.2093,2.8532,7.2663,9720,16,9704,12.3288,True,6542,2025-09-09T14:04:00.249292+00:00,128,1,
FrodoKEM-640-SHAKE,KEM,5.0,5120,2.5006,3.6134,2.7382,9720,16,9704,8.8522,True,6543,2025-09-09T14:04:00.360987+00:00,128,1,
FrodoKEM-640-SHAKE,KEM,5.0,5120,2.2005,2.2576,12.3782,9720,16,9704,16.8363,True,6544,2025-09-09T14:04:00.479540+00:00,128,1,
FrodoKEM-640-SHAKE,KEM,5.0,5120,2.3745,2.3871,15.0965,9720,16,9704,19.8581,True,6545,2025-09-09T14:04:00.604568+00:00,128,1,
FrodoKEM-640-SHAKE,KEM,5.0,5120,2.0321,2.4515,2.3258,9720,16,9704,6.8095,True,6546,2025-09-09T14:04:00.715657+00:00,128,1,
FrodoKEM-640-SHAKE,KEM,5.0,5120,2.4027,3.3255,2.5668,9720,16,9704,8.295,True,6547,2025-09-09T14:04:00.825711+00:00,128,1,
FrodoKEM-640-SHAKE,KEM,5.0,5120,2.3728,2.6662,9.3817,9720,16,9704,14.4206,True,6548,2025-09-09T14:04:00.942634+00:00,128,1,
FrodoKEM-640-SHAKE,KEM,5.0,5120,2.9769,2.569,2.9378,9720,16,9704,8.4837,True,6549,2025-09-09T14:04:01.053114+00:00,128,1,
FrodoKEM-640-SHAKE,KEM,5.0,5120,2.5678,5.1368,4.2478,9720,16,9704,11.9524,True,6550,2025-09-09T14:04:01.167291+00:00,128,1,
FrodoKEM-640-SHAKE,KEM,10.0,10240,2.194,2.4556,2.8497,9720,16,9704,7.4994,True,6551,2025-09-09T14:04:01.277797+00:00,128,1,
FrodoKEM-640-SHAKE,KEM,10.0,10240,6.7162,3.1013,1.9333,9720,16,9704,11.7508,True,6552,2025-09-09T14:04:01.393226+00:00,128,1,
FrodoKEM-640-SHAKE,KEM,10.0,10240,2.5423,2.773,3.4621,9720,16,9704,8.7774,True,6553,2025-09-09T14:04:01.504891+00:00,128,1,
FrodoKEM-640-SHAKE,KEM,10.0,10240,28.507,2.9887,2.7507,9720,16,9704,34.2464,True,6554,2025-09-09T14:04:01.652547+00:00,128,1,
FrodoKEM-640-SHAKE,KEM,10.0,10240,2.5938,2.2783,2.5933,9720,16,9704,7.4655,True,6555,2025-09-09T14:04:01.763950+00:00,128,1,
FrodoKEM-640-SHAKE,KEM,10.0,10240,2.4113,3.2127,2.5977,9720,16,9704,8.2217,True,6556,2025-09-09T14:04:01.876163+00:00,128,1,
FrodoKEM-640-SHAKE,KEM,10.0,10240,2.2144,2.6056,2.5451,9720,16,9704,7.365,True,6557,2025-09-09T14:04:01.987202+00:00,128,1,
FrodoKEM-640-SHAKE,KEM,10.0,10240,2.2572,2.3938,1.8956,9720,16,9704,6.5465,True,6558,2025-09-09T14:04:02.097280+00:00,128,1,
FrodoKEM-640-SHAKE,KEM,10.0,10240,2.6635,3.0196,2.7267,9720,16,9704,8.4097,True,6559,2025-09-09T14:04:02.209541+00:00,128,1,
FrodoKEM-640-SHAKE,KEM,10.0,10240,2.1323,2.7477,3.5347,9720,16,9704,8.4147,True,6560,2025-09-09T14:04:02.320694+00:00,128,1,
FrodoKEM-640-SHAKE,KEM,10.0,10240,2.3326,3.3245,2.5777,9720,16,9704,8.2347,True,6561,2025-09-09T14:04:02.433400+00:00,128,1,
FrodoKEM-640-SHAKE,KEM,10.0,10240,13.9607,2.6112,2.3006,9720,16,9704,18.8725,True,6562,2025-09-09T14:04:02.558106+00:00,128,1,
FrodoKEM-640-SHAKE,KEM,10.0,10240,2.9398,2.5352,2.4154,9720,16,9704,7.8904,True,6563,2025-09-09T14:04:02.669202+00:00,128,1,
FrodoKEM-640-SHAKE,KEM,10.0,10240,5.1714,2.4129,14.0718,9720,16,9704,21.6561,True,6564,2025-09-09T14:04:02.798646+00:00,128,1,
FrodoKEM-640-SHAKE,KEM,10.0,10240,3.5676,4.1718,4.7436,9720,16,9704,12.483,True,6565,2025-09-09T14:04:02.914359+00:00,128,1,
FrodoKEM-640-SHAKE,KEM,10.0,10240,2.2751,2.2016,1.9926,9720,16,9704,6.4693,True,6566,2025-09-09T14:04:03.024393+00:00,128,1,
FrodoKEM-640-SHAKE,KEM,10.0,10240,2.1867,2.3891,2.44,9720,16,9704,7.0157,True,6567,2025-09-09T14:04:03.134215+00:00,128,1,
FrodoKEM-640-SHAKE,KEM,10.0,10240,2.1272,2.4069,2.3138,9720,16,9704,6.8479,True,6568,2025-09-09T14:04:03.243930+00:00,128,1,
FrodoKEM-640-SHAKE,KEM,10.0,10240,2.3825,11.0485,2.7995,9720,16,9704,16.2305,True,6569,2025-09-09T14:04:03.363230+00:00,128,1,
FrodoKEM-640-SHAKE,KEM,10.0,10240,2.2532,2.5743,2.6166,9720,16,9704,7.4442,True,6570,2025-09-09T14:04:03.474053+00:00,128,1,
FrodoKEM-640-SHAKE,KEM,10.0,10240,2.2648,2.3684,2.3699,9720,16,9704,7.0031,True,6571,2025-09-09T14:04:03.584026+00:00,128,1,
FrodoKEM-640-SHAKE,KEM,10.0,10240,2.0394,2.4509,3.8659,9720,16,9704,8.3562,True,6572,2025-09-09T14:04:03.695928+00:00,128,1,
FrodoKEM-640-SHAKE,KEM,10.0,10240,2.1351,2.3112,1.9027,9720,16,9704,6.349,True,6573,2025-09-09T14:04:03.805369+00:00,128,1,
FrodoKEM-640-SHAKE,KEM,10.0,10240,3.318,3.7402,7.4565,9720,16,9704,14.5147,True,6574,2025-09-09T14:04:03.923642+00:00,128,1,
FrodoKEM-640-SHAKE,KEM,10.0,10240,2.3875,7.8766,6.1956,9720,16,9704,16.4596,True,6575,2025-09-09T14:04:04.042994+00:00,128,1,
FrodoKEM-640-SHAKE,KEM,10.0,10240,2.5483,3.1321,2.8993,9720,16,9704,8.5797,True,6576,2025-09-09T14:04:04.156201+00:00,128,1,
FrodoKEM-640-SHAKE,KEM,10.0,10240,2.7116,3.0718,12.2805,9720,16,9704,18.064,True,6577,2025-09-09T14:04:04.277977+00:00,128,1,
FrodoKEM-640-SHAKE,KEM,10.0,10240,6.4981,3.2101,7.2319,9720,16,9704,16.9401,True,6578,2025-09-09T14:04:04.398640+00:00,128,1,
FrodoKEM-640-SHAKE,KEM,10.0,10240,5.2042,2.695,2.7387,9720,16,9704,10.6379,True,6579,2025-09-09T14:04:04.513064+00:00,128,1,
FrodoKEM-640-SHAKE,KEM,10.0,10240,1.6648,3.0503,2.2669,9720,16,9704,6.982,True,6580,2025-09-09T14:04:04.623293+00:00,128,1,
FrodoKEM-640-SHAKE,KEM,10.0,10240,1.8855,2.0023,3.4141,9720,16,9704,7.3019,True,6581,2025-09-09T14:04:04.733442+00:00,128,1,
FrodoKEM-640-SHAKE,KEM,10.0,10240,1.9953,6.1092,2.2233,9720,16,9704,10.3278,True,6582,2025-09-09T14:04:04.846652+00:00,128,1,
FrodoKEM-640-SHAKE,KEM,10.0,10240,1.7466,2.1789,2.1725,9720,16,9704,6.0981,True,6583,2025-09-09T14:04:04.958747+00:00,128,1,
FrodoKEM-640-SHAKE,KEM,10.0,10240,2.4313,2.5523,3.6603,9720,16,9704,8.6439,True,6584,2025-09-09T14:04:05.070164+00:00,128,1,
FrodoKEM-640-SHAKE,KEM,10.0,10240,2.4597,2.7314,4.1356,9720,16,9704,9.3267,True,6585,2025-09-09T14:04:05.186292+00:00,128,1,
FrodoKEM-640-SHAKE,KEM,10.0,10240,5.6791,2.7297,2.584,9720,16,9704,10.9928,True,6586,2025-09-09T14:04:05.302627+00:00,128,1,
FrodoKEM-640-SHAKE,KEM,10.0,10240,6.4402,2.3315,2.3497,9720,16,9704,11.1214,True,6587,2025-09-09T14:04:05.416716+00:00,128,1,
FrodoKEM-640-SHAKE,KEM,10.0,10240,2.1228,2.5057,2.8613,9720,16,9704,7.4898,True,6588,2025-09-09T14:04:05.527771+00:00,128,1,
FrodoKEM-640-SHAKE,KEM,10.0,10240,2.4676,3.2225,2.6934,9720,16,9704,8.3835,True,6589,2025-09-09T14:04:05.640087+00:00,128,1,
FrodoKEM-640-SHAKE,KEM,10.0,10240,3.9422,2.4544,2.309,9720,16,9704,8.7055,True,6590,2025-09-09T14:04:05.752691+00:00,128,1,
FrodoKEM-640-SHAKE,KEM,10.0,10240,2.1413,2.5237,2.7942,9720,16,9704,7.4592,True,6591,2025-09-09T14:04:05.862889+00:00,128,1,
FrodoKEM-640-SHAKE,KEM,10.0,10240,2.5401,2.6659,2.7208,9720,16,9704,7.9268,True,6592,2025-09-09T14:04:05.975623+00:00,128,1,
FrodoKEM-640-SHAKE,KEM,10.0,10240,2.9094,2.4362,2.3743,9720,16,9704,7.7199,True,6593,2025-09-09T14:04:06.086225+00:00,128,1,
FrodoKEM-640-SHAKE,KEM,10.0,10240,2.4006,4.9621,2.5446,9720,16,9704,9.9074,True,6594,2025-09-09T14:04:06.199046+00:00,128,1,
FrodoKEM-640-SHAKE,KEM,10.0,10240,3.6988,2.8947,2.4433,9720,16,9704,9.0368,True,6595,2025-09-09T14:04:06.310849+00:00,128,1,
FrodoKEM-640-SHAKE,KEM,10.0,10240,4.7677,4.1776,3.0197,9720,16,9704,11.965,True,6596,2025-09-09T14:04:06.427619+00:00,128,1,
FrodoKEM-640-SHAKE,KEM,10.0,10240,2.4808,3.2529,12.8637,9720,16,9704,18.5973,True,6597,2025-09-09T14:04:06.549350+00:00,128,1,
FrodoKEM-640-SHAKE,KEM,10.0,10240,2.5242,6.1402,3.0864,9720,16,9704,11.7507,True,6598,2025-09-09T14:04:06.664645+00:00,128,1,
FrodoKEM-640-SHAKE,KEM,10.0,10240,11.0741,2.5997,2.5727,9720,16,9704,16.2466,True,6599,2025-09-09T14:04:06.784162+00:00,128,1,
FrodoKEM-640-SHAKE,KEM,10.0,10240,3.1321,2.7685,3.0624,9720,16,9704,8.963,True,6600,2025-09-09T14:04:06.903168+00:00,128,1,
FrodoKEM-976-AES,KEM,0.1,102,2.1321,2.5434,7.8747,15744,24,15720,12.5503,True,6601,2025-09-09T14:04:07.016989+00:00,192,2,
FrodoKEM-976-AES,KEM,0.1,102,1.8478,3.0855,2.3221,15744,24,15720,7.2554,True,6602,2025-09-09T14:04:07.124810+00:00,192,2,
FrodoKEM-976-AES,KEM,0.1,102,1.7873,2.546,2.326,15744,24,15720,6.6593,True,6603,2025-09-09T14:04:07.232931+00:00,192,2,
FrodoKEM-976-AES,KEM,0.1,102,2.1123,3.4328,2.8073,15744,24,15720,8.3524,True,6604,2025-09-09T14:04:07.341898+00:00,192,2,
FrodoKEM-976-AES,KEM,0.1,102,1.7938,2.2942,2.5783,15744,24,15720,6.6663,True,6605,2025-09-09T14:04:07.452050+00:00,192,2,
FrodoKEM-976-AES,KEM,0.1,102,1.8294,2.3325,6.1559,15744,24,15720,10.3179,True,6606,2025-09-09T14:04:07.563628+00:00,192,2,
FrodoKEM-976-AES,KEM,0.1,102,1.7415,2.3467,2.1357,15744,24,15720,6.2238,True,6607,2025-09-09T14:04:07.670426+00:00,192,2,
FrodoKEM-976-AES,KEM,0.1,102,1.9841,2.2991,2.1608,15744,24,15720,6.444,True,6608,2025-09-09T14:04:07.786429+00:00,192,2,
FrodoKEM-976-AES,KEM,0.1,102,2.1918,2.7765,2.6936,15744,24,15720,7.6619,True,6609,2025-09-09T14:04:07.894689+00:00,192,2,
FrodoKEM-976-AES,KEM,0.1,102,1.7115,2.3527,2.2069,15744,24,15720,6.2712,True,6610,2025-09-09T14:04:08.001903+00:00,192,2,
FrodoKEM-976-AES,KEM,0.1,102,1.7698,2.0978,2.2305,15744,24,15720,6.0981,True,6611,2025-09-09T14:04:08.113190+00:00,192,2,
FrodoKEM-976-AES,KEM,0.1,102,1.7626,2.1919,6.2639,15744,24,15720,10.2184,True,6612,2025-09-09T14:04:08.224928+00:00,192,2,
FrodoKEM-976-AES,KEM,0.1,102,1.8117,2.6253,1.9924,15744,24,15720,6.4294,True,6613,2025-09-09T14:04:08.332341+00:00,192,2,
FrodoKEM-976-AES,KEM,0.1,102,1.6796,1.5033,1.3563,15744,24,15720,4.5391,True,6614,2025-09-09T14:04:08.437497+00:00,192,2,
FrodoKEM-976-AES,KEM,0.1,102,1.7298,2.23,7.0521,15744,24,15720,11.0118,True,6615,2025-09-09T14:04:08.551075+00:00,192,2,
FrodoKEM-976-AES,KEM,0.1,102,1.5775,1.7025,2.1068,15744,24,15720,5.3868,True,6616,2025-09-09T14:04:08.657261+00:00,192,2,
FrodoKEM-976-AES,KEM,0.1,102,1.6129,1.5817,1.5567,15744,24,15720,4.7513,True,6617,2025-09-09T14:04:08.762590+00:00,192,2,
FrodoKEM-976-AES,KEM,0.1,102,1.768,3.0036,2.4579,15744,24,15720,7.2296,True,6618,2025-09-09T14:04:08.870378+00:00,192,2,
FrodoKEM-976-AES,KEM,0.1,102,1.4057,2.0609,1.8812,15744,24,15720,5.3478,True,6619,2025-09-09T14:04:08.980968+00:00,192,2,
FrodoKEM-976-AES,KEM,0.1,102,1.8394,2.787,2.1626,15744,24,15720,6.789,True,6620,2025-09-09T14:04:09.088350+00:00,192,2,
FrodoKEM-976-AES,KEM,0.1,102,1.8066,2.2859,1.7329,15744,24,15720,5.8254,True,6621,2025-09-09T14:04:09.195280+00:00,192,2,
FrodoKEM-976-AES,KEM,0.1,102,1.7607,2.2465,2.1752,15744,24,15720,6.1824,True,6622,2025-09-09T14:04:09.302808+00:00,192,2,
FrodoKEM-976-AES,KEM,0.1,102,1.694,3.2322,2.5097,15744,24,15720,7.4359,True,6623,2025-09-09T14:04:09.419902+00:00,192,2,
FrodoKEM-976-AES,KEM,0.1,102,9.2381,2.4096,2.1177,15744,24,15720,13.7654,True,6624,2025-09-09T14:04:09.535877+00:00,192,2,
FrodoKEM-976-AES,KEM,0.1,102,1.8138,2.1901,2.1015,15744,24,15720,6.1054,True,6625,2025-09-09T14:04:09.648412+00:00,192,2,
FrodoKEM-976-AES,KEM,0.1,102,2.0107,2.5197,5.3078,15744,24,15720,9.8383,True,6626,2025-09-09T14:04:09.758915+00:00,192,2,
FrodoKEM-976-AES,KEM,0.1,102,4.0414,2.2778,2.5565,15744,24,15720,8.8757,True,6627,2025-09-09T14:04:09.868511+00:00,192,2,
FrodoKEM-976-AES,KEM,0.1,102,1.8353,2.2819,1.9972,15744,24,15720,6.1144,True,6628,2025-09-09T14:04:09.975350+00:00,192,2,
FrodoKEM-976-AES,KEM,0.1,102,1.8533,2.6269,2.2043,15744,24,15720,6.6844,True,6629,2025-09-09T14:04:10.083237+00:00,192,2,
FrodoKEM-976-AES,KEM,0.1,102,1.7187,2.3996,2.0524,15744,24,15720,6.1707,True,6630,2025-09-09T14:04:10.190751+00:00,192,2,
FrodoKEM-976-AES,KEM,0.1,102,1.7722,2.4993,2.0844,15744,24,15720,6.3559,True,6631,2025-09-09T14:04:10.297932+00:00,192,2,
FrodoKEM-976-AES,KEM,0.1,102,1.5732,2.4559,2.0278,15744,24,15720,6.0569,True,6632,2025-09-09T14:04:10.404772+00:00,192,2,
FrodoKEM-976-AES,KEM,0.1,102,1.8779,2.8389,2.7385,15744,24,15720,7.4553,True,6633,2025-09-09T14:04:10.513001+00:00,192,2,
FrodoKEM-976-AES,KEM,0.1,102,1.618,2.0483,2.0749,15744,24,15720,5.7411,True,6634,2025-09-09T14:04:10.620640+00:00,192,2,
FrodoKEM-976-AES,KEM,0.1,102,1.9418,2.322,2.1874,15744,24,15720,6.4512,True,6635,2025-09-09T14:04:10.728060+00:00,192,2,
FrodoKEM-976-AES,KEM,0.1,102,1.6549,1.9827,1.8868,15744,24,15720,5.5244,True,6636,2025-09-09T14:04:10.835972+00:00,192,2,
FrodoKEM-976-AES,KEM,0.1,102,2.1186,2.2862,2.3254,15744,24,15720,6.7302,True,6637,2025-09-09T14:04:10.943379+00:00,192,2,
FrodoKEM-976-AES,KEM,0.1,102,2.3008,3.3233,2.1852,15744,24,15720,7.8093,True,6638,2025-09-09T14:04:11.051852+00:00,192,2,
FrodoKEM-976-AES,KEM,0.1,102,1.7852,2.1045,1.9296,15744,24,15720,5.8192,True,6639,2025-09-09T14:04:11.158723+00:00,192,2,
FrodoKEM-976-AES,KEM,0.1,102,2.1706,2.4686,2.0307,15744,24,15720,6.6699,True,6640,2025-09-09T14:04:11.266249+00:00,192,2,
FrodoKEM-976-AES,KEM,0.1,102,1.6918,31.6851,2.0618,15744,24,15720,35.4387,True,6641,2025-09-09T14:04:11.403690+00:00,192,2,
FrodoKEM-976-AES,KEM,0.1,102,1.8211,2.2552,2.0112,15744,24,15720,6.0875,True,6642,2025-09-09T14:04:11.510346+00:00,192,2,
FrodoKEM-976-AES,KEM,0.1,102,1.7907,4.3066,1.8721,15744,24,15720,7.9694,True,6643,2025-09-09T14:04:11.629955+00:00,192,2,
FrodoKEM-976-AES,KEM,0.1,102,1.3892,2.0795,1.8642,15744,24,15720,5.3329,True,6644,2025-09-09T14:04:11.737998+00:00,192,2,
FrodoKEM-976-AES,KEM,0.1,102,1.8584,2.8259,2.1014,15744,24,15720,6.7856,True,6645,2025-09-09T14:04:11.845778+00:00,192,2,
FrodoKEM-976-AES,KEM,0.1,102,1.7512,2.3576,2.0659,15744,24,15720,6.1747,True,6646,2025-09-09T14:04:11.965769+00:00,192,2,
FrodoKEM-976-AES,KEM,0.1,102,1.778,2.1238,2.0039,15744,24,15720,5.9056,True,6647,2025-09-09T14:04:12.081342+00:00,192,2,
FrodoKEM-976-AES,KEM,0.1,102,2.7736,2.2448,3.6427,15744,24,15720,8.6611,True,6648,2025-09-09T14:04:12.190869+00:00,192,2,
FrodoKEM-976-AES,KEM,0.1,102,5.8461,15.3244,2.1239,15744,24,15720,23.2944,True,6649,2025-09-09T14:04:12.322651+00:00,192,2,
FrodoKEM-976-AES,KEM,0.1,102,1.4944,2.5376,2.0393,15744,24,15720,6.0714,True,6650,2025-09-09T14:04:12.429758+00:00,192,2,
FrodoKEM-976-AES,KEM,0.5,512,1.9268,2.4816,2.7411,15744,24,15720,7.1495,True,6651,2025-09-09T14:04:12.537674+00:00,192,2,
FrodoKEM-976-AES,KEM,0.5,512,2.2385,2.4399,2.1802,15744,24,15720,6.8586,True,6652,2025-09-09T14:04:12.645253+00:00,192,2,
FrodoKEM-976-AES,KEM,0.5,512,3.1663,1.8494,2.0432,15744,24,15720,7.0589,True,6653,2025-09-09T14:04:12.755323+00:00,192,2,
FrodoKEM-976-AES,KEM,0.5,512,1.5859,1.9073,1.7526,15744,24,15720,5.2458,True,6654,2025-09-09T14:04:12.862057+00:00,192,2,
FrodoKEM-976-AES,KEM,0.5,512,1.54,1.5968,1.749,15744,24,15720,4.8858,True,6655,2025-09-09T14:04:12.967644+00:00,192,2,
FrodoKEM-976-AES,KEM,0.5,512,1.4498,2.2036,1.7887,15744,24,15720,5.4421,True,6656,2025-09-09T14:04:13.073735+00:00,192,2,
FrodoKEM-976-AES,KEM,0.5,512,1.626,1.9542,2.4498,15744,24,15720,6.03,True,6657,2025-09-09T14:04:13.187001+00:00,192,2,
FrodoKEM-976-AES,KEM,0.5,512,3.1228,2.3102,2.9979,15744,24,15720,8.4309,True,6658,2025-09-09T14:04:13.296239+00:00,192,2,
FrodoKEM-976-AES,KEM,0.5,512,1.7554,1.9942,1.7766,15744,24,15720,5.5261,True,6659,2025-09-09T14:04:13.402457+00:00,192,2,
FrodoKEM-976-AES,KEM,0.5,512,2.1285,2.7354,2.1032,15744,24,15720,6.9671,True,6660,2025-09-09T14:04:13.510080+00:00,192,2,
FrodoKEM-976-AES,KEM,0.5,512,1.9424,2.401,3.035,15744,24,15720,7.3783,True,6661,2025-09-09T14:04:13.618279+00:00,192,2,
FrodoKEM-976-AES,KEM,0.5,512,1.7896,2.4257,2.5112,15744,24,15720,6.7265,True,6662,2025-09-09T14:04:13.725687+00:00,192,2,
FrodoKEM-976-AES,KEM,0.5,512,1.6275,1.567,1.5689,15744,24,15720,4.7635,True,6663,2025-09-09T14:04:13.831208+00:00,192,2,
FrodoKEM-976-AES,KEM,0.5,512,1.7234,2.2706,3.3357,15744,24,15720,7.3297,True,6664,2025-09-09T14:04:13.939201+00:00,192,2,
FrodoKEM-976-AES,KEM,0.5,512,1.8543,2.3223,4.214,15744,24,15720,8.3906,True,6665,2025-09-09T14:04:14.055506+00:00,192,2,
FrodoKEM-976-AES,KEM,0.5,512,1.7846,1.9243,1.744,15744,24,15720,5.4528,True,6666,2025-09-09T14:04:14.162702+00:00,192,2,
FrodoKEM-976-AES,KEM,0.5,512,1.6682,2.1608,2.3753,15744,24,15720,6.2043,True,6667,2025-09-09T14:04:14.269906+00:00,192,2,
FrodoKEM-976-AES,KEM,0.5,512,1.9066,3.0041,2.8455,15744,24,15720,7.7563,True,6668,2025-09-09T14:04:14.378788+00:00,192,2,
FrodoKEM-976-AES,KEM,0.5,512,1.4869,1.7661,2.0587,15744,24,15720,5.3117,True,6669,2025-09-09T14:04:14.485037+00:00,192,2,
FrodoKEM-976-AES,KEM,0.5,512,1.8743,2.1023,2.2506,15744,24,15720,6.2273,True,6670,2025-09-09T14:04:14.592213+00:00,192,2,
FrodoKEM-976-AES,KEM,0.5,512,2.4957,2.1502,2.0449,15744,24,15720,6.6908,True,6671,2025-09-09T14:04:14.700496+00:00,192,2,
FrodoKEM-976-AES,KEM,0.5,512,1.7653,2.2121,2.2615,15744,24,15720,6.2389,True,6672,2025-09-09T14:04:14.807910+00:00,192,2,
FrodoKEM-976-AES,KEM,0.5,512,2.729,2.9415,3.0665,15744,24,15720,8.737,True,6673,2025-09-09T14:04:14.918215+00:00,192,2,
FrodoKEM-976-AES,KEM,0.5,512,1.8889,2.2533,2.2807,15744,24,15720,6.4229,True,6674,2025-09-09T14:04:15.025630+00:00,192,2,
FrodoKEM-976-AES,KEM,0.5,512,1.7739,2.1147,4.9862,15744,24,15720,8.8748,True,6675,2025-09-09T14:04:15.135480+00:00,192,2,
FrodoKEM-976-AES,KEM,0.5,512,1.7206,2.3165,1.9812,15744,24,15720,6.0183,True,6676,2025-09-09T14:04:15.242461+00:00,192,2,
FrodoKEM-976-AES,KEM,0.5,512,1.875,2.198,6.2188,15744,24,15720,10.2918,True,6677,2025-09-09T14:04:15.353465+00:00,192,2,
FrodoKEM-976-AES,KEM,0.5,512,1.7967,2.3088,2.5043,15744,24,15720,6.6098,True,6678,2025-09-09T14:04:15.460947+00:00,192,2,
FrodoKEM-976-AES,KEM,0.5,512,1.9873,2.2149,16.6359,15744,24,15720,20.8381,True,6679,2025-09-09T14:04:15.582747+00:00,192,2,
FrodoKEM-976-AES,KEM,0.5,512,1.7868,2.2677,2.4811,15744,24,15720,6.5355,True,6680,2025-09-09T14:04:15.690511+00:00,192,2,
FrodoKEM-976-AES,KEM,0.5,512,1.8787,3.0424,2.2357,15744,24,15720,7.1568,True,6681,2025-09-09T14:04:15.798600+00:00,192,2,
FrodoKEM-976-AES,KEM,0.5,512,1.767,2.2813,2.0933,15744,24,15720,6.1417,True,6682,2025-09-09T14:04:15.905482+00:00,192,2,
FrodoKEM-976-AES,KEM,0.5,512,2.2521,2.2849,2.2748,15744,24,15720,6.8118,True,6683,2025-09-09T14:04:16.013040+00:00,192,2,
FrodoKEM-976-AES,KEM,0.5,512,1.7421,4.1216,2.4301,15744,24,15720,8.2939,True,6684,2025-09-09T14:04:16.123004+00:00,192,2,
FrodoKEM-976-AES,KEM,0.5,512,1.9952,2.6266,2.5859,15744,24,15720,7.2078,True,6685,2025-09-09T14:04:16.233612+00:00,192,2,
FrodoKEM-976-AES,KEM,0.5,512,3.08,2.2758,2.0747,15744,24,15720,7.4304,True,6686,2025-09-09T14:04:16.343260+00:00,192,2,
FrodoKEM-976-AES,KEM,0.5,512,2.1519,2.5237,2.6307,15744,24,15720,7.3063,True,6687,2025-09-09T14:04:16.465300+00:00,192,2,
FrodoKEM-976-AES,KEM,0.5,512,1.9011,2.4185,2.7445,15744,24,15720,7.0642,True,6688,2025-09-09T14:04:16.573791+00:00,192,2,
FrodoKEM-976-AES,KEM,0.5,512,1.8464,2.1604,2.0553,15744,24,15720,6.0621,True,6689,2025-09-09T14:04:16.680834+00:00,192,2,
FrodoKEM-976-AES,KEM,0.5,512,1.8185,2.1979,2.1699,15744,24,15720,6.1862,True,6690,2025-09-09T14:04:16.788524+00:00,192,2,
FrodoKEM-976-AES,KEM,0.5,512,1.9977,2.6345,2.4655,15744,24,15720,7.0977,True,6691,2025-09-09T14:04:16.910475+00:00,192,2,
FrodoKEM-976-AES,KEM,0.5,512,1.9734,2.3934,2.3636,15744,24,15720,6.7305,True,6692,2025-09-09T14:04:17.021088+00:00,192,2,
FrodoKEM-976-AES,KEM,0.5,512,9.7385,2.3264,2.2253,15744,24,15720,14.2902,True,6693,2025-09-09T14:04:17.136648+00:00,192,2,
FrodoKEM-976-AES,KEM,0.5,512,1.8321,2.1955,2.2195,15744,24,15720,6.2471,True,6694,2025-09-09T14:04:17.243961+00:00,192,2,
FrodoKEM-976-AES,KEM,0.5,512,1.8684,2.7365,2.9125,15744,24,15720,7.5173,True,6695,2025-09-09T14:04:17.352596+00:00,192,2,
FrodoKEM-976-AES,KEM,0.5,512,1.7624,2.1524,2.2577,15744,24,15720,6.1725,True,6696,2025-09-09T14:04:17.472072+00:00,192,2,
FrodoKEM-976-AES,KEM,0.5,512,1.9422,2.2703,2.2709,15744,24,15720,6.4834,True,6697,2025-09-09T14:04:17.579978+00:00,192,2,
FrodoKEM-976-AES,KEM,0.5,512,1.8465,2.2837,2.1351,15744,24,15720,6.2653,True,6698,2025-09-09T14:04:17.687686+00:00,192,2,
FrodoKEM-976-AES,KEM,0.5,512,1.8389,2.3,2.0746,15744,24,15720,6.2135,True,6699,2025-09-09T14:04:17.795022+00:00,192,2,
FrodoKEM-976-AES,KEM,0.5,512,4.8952,2.8786,2.0554,15744,24,15720,9.8292,True,6700,2025-09-09T14:04:17.907994+00:00,192,2,
FrodoKEM-976-AES,KEM,1.0,1024,1.8682,2.6328,4.1003,15744,24,15720,8.6013,True,6701,2025-09-09T14:04:18.017688+00:00,192,2,
FrodoKEM-976-AES,KEM,1.0,1024,1.8046,2.2317,2.0094,15744,24,15720,6.0458,True,6702,2025-09-09T14:04:18.125703+00:00,192,2,
FrodoKEM-976-AES,KEM,1.0,1024,1.7851,2.7637,2.0805,15744,24,15720,6.6293,True,6703,2025-09-09T14:04:18.234437+00:00,192,2,
FrodoKEM-976-AES,KEM,1.0,1024,1.8351,2.3671,2.1008,15744,24,15720,6.3031,True,6704,2025-09-09T14:04:18.341998+00:00,192,2,
FrodoKEM-976-AES,KEM,1.0,1024,2.6188,6.3143,4.8062,15744,24,15720,13.7393,True,6705,2025-09-09T14:04:18.462459+00:00,192,2,
FrodoKEM-976-AES,KEM,1.0,1024,1.9953,2.2055,4.0417,15744,24,15720,8.2426,True,6706,2025-09-09T14:04:18.572296+00:00,192,2,
FrodoKEM-976-AES,KEM,1.0,1024,1.8408,2.5537,3.1983,15744,24,15720,7.5928,True,6707,2025-09-09T14:04:18.686016+00:00,192,2,
FrodoKEM-976-AES,KEM,1.0,1024,1.7443,2.2042,2.1488,15744,24,15720,6.0973,True,6708,2025-09-09T14:04:18.792909+00:00,192,2,
FrodoKEM-976-AES,KEM,1.0,1024,2.3347,2.4165,2.224,15744,24,15720,6.9752,True,6709,2025-09-09T14:04:18.903383+00:00,192,2,
FrodoKEM-976-AES,KEM,1.0,1024,1.7912,2.4893,7.3321,15744,24,15720,11.6125,True,6710,2025-09-09T14:04:19.015975+00:00,192,2,
FrodoKEM-976-AES,KEM,1.0,1024,2.5333,2.3724,2.2319,15744,24,15720,7.1375,True,6711,2025-09-09T14:04:19.124150+00:00,192,2,
FrodoKEM-976-AES,KEM,1.0,1024,2.1583,2.0934,2.2742,15744,24,15720,6.5259,True,6712,2025-09-09T14:04:19.231622+00:00,192,2,
FrodoKEM-976-AES,KEM,1.0,1024,1.6991,2.1964,2.4315,15744,24,15720,6.327,True,6713,2025-09-09T14:04:19.338756+00:00,192,2,
FrodoKEM-976-AES,KEM,1.0,1024,1.9463,2.2756,2.0733,15744,24,15720,6.2952,True,6714,2025-09-09T14:04:19.449466+00:00,192,2,
FrodoKEM-976-AES,KEM,1.0,1024,1.8722,2.0918,2.0898,15744,24,15720,6.0538,True,6715,2025-09-09T14:04:19.556350+00:00,192,2,
FrodoKEM-976-AES,KEM,1.0,1024,3.33,2.4272,2.2516,15744,24,15720,8.0088,True,6716,2025-09-09T14:04:19.665362+00:00,192,2,
FrodoKEM-976-AES,KEM,1.0,1024,1.9864,1.8966,1.832,15744,24,15720,5.7149,True,6717,2025-09-09T14:04:19.773572+00:00,192,2,
FrodoKEM-976-AES,KEM,1.0,1024,2.571,3.1459,2.5072,15744,24,15720,8.2242,True,6718,2025-09-09T14:04:19.882602+00:00,192,2,
FrodoKEM-976-AES,KEM,1.0,1024,1.8252,3.3821,2.4261,15744,24,15720,7.6333,True,6719,2025-09-09T14:04:19.991121+00:00,192,2,
FrodoKEM-976-AES,KEM,1.0,1024,1.7418,2.2569,2.0977,15744,24,15720,6.0964,True,6720,2025-09-09T14:04:20.098111+00:00,192,2,
FrodoKEM-976-AES,KEM,1.0,1024,3.9654,5.1225,3.0671,15744,24,15720,12.155,True,6721,2025-09-09T14:04:20.214173+00:00,192,2,
FrodoKEM-976-AES,KEM,1.0,1024,1.7722,2.1232,5.7119,15744,24,15720,9.6072,True,6722,2025-09-09T14:04:20.324657+00:00,192,2,
FrodoKEM-976-AES,KEM,1.0,1024,1.7661,2.23,10.4179,15744,24,15720,14.414,True,6723,2025-09-09T14:04:20.444564+00:00,192,2,
FrodoKEM-976-AES,KEM,1.0,1024,1.8296,1.8808,2.5284,15744,24,15720,6.2388,True,6724,2025-09-09T14:04:20.551869+00:00,192,2,
FrodoKEM-976-AES,KEM,1.0,1024,1.8958,2.1278,2.8395,15744,24,15720,6.8631,True,6725,2025-09-09T14:04:20.659596+00:00,192,2,
FrodoKEM-976-AES,KEM,1.0,1024,1.6806,2.4901,1.8666,15744,24,15720,6.0373,True,6726,2025-09-09T14:04:20.766570+00:00,192,2,
FrodoKEM-976-AES,KEM,1.0,1024,3.9501,1.7027,2.4089,15744,24,15720,8.0617,True,6727,2025-09-09T14:04:20.875752+00:00,192,2,
FrodoKEM-976-AES,KEM,1.0,1024,1.8773,2.8981,6.0533,15744,24,15720,10.8286,True,6728,2025-09-09T14:04:20.988941+00:00,192,2,
FrodoKEM-976-AES,KEM,1.0,1024,1.8034,2.0836,2.1002,15744,24,15720,5.9872,True,6729,2025-09-09T14:04:21.097334+00:00,192,2,
FrodoKEM-976-AES,KEM,1.0,1024,1.7598,2.2363,2.1409,15744,24,15720,6.137,True,6730,2025-09-09T14:04:21.205885+00:00,192,2,
FrodoKEM-976-AES,KEM,1.0,1024,1.8116,2.2645,2.7461,15744,24,15720,6.8222,True,6731,2025-09-09T14:04:21.314857+00:00,192,2,
FrodoKEM-976-AES,KEM,1.0,1024,1.9667,2.4509,2.2389,15744,24,15720,6.6565,True,6732,2025-09-09T14:04:21.422881+00:00,192,2,
FrodoKEM-976-AES,KEM,1.0,1024,1.9967,2.4463,2.9509,15744,24,15720,7.3939,True,6733,2025-09-09T14:04:21.532706+00:00,192,2,
FrodoKEM-976-AES,KEM,1.0,1024,1.8294,2.4111,2.2164,15744,24,15720,6.4569,True,6734,2025-09-09T14:04:21.642344+00:00,192,2,
FrodoKEM-976-AES,KEM,1.0,1024,1.9246,2.3138,5.1725,15744,24,15720,9.4109,True,6735,2025-09-09T14:04:21.754114+00:00,192,2,
FrodoKEM-976-AES,KEM,1.0,1024,1.6972,2.3888,2.0411,15744,24,15720,6.1271,True,6736,2025-09-09T14:04:21.861677+00:00,192,2,
FrodoKEM-976-AES,KEM,1.0,1024,2.1038,3.5678,2.3819,15744,24,15720,8.0536,True,6737,2025-09-09T14:04:21.971095+00:00,192,2,
FrodoKEM-976-AES,KEM,1.0,1024,4.6568,2.2863,2.1388,15744,24,15720,9.0819,True,6738,2025-09-09T14:04:22.090152+00:00,192,2,
FrodoKEM-976-AES,KEM,1.0,1024,1.9135,3.1265,2.2672,15744,24,15720,7.3072,True,6739,2025-09-09T14:04:22.198647+00:00,192,2,
FrodoKEM-976-AES,KEM,1.0,1024,3.1382,2.1229,2.3139,15744,24,15720,7.575,True,6740,2025-09-09T14:04:22.308445+00:00,192,2,
FrodoKEM-976-AES,KEM,1.0,1024,5.3895,2.677,2.797,15744,24,15720,10.8636,True,6741,2025-09-09T14:04:22.423928+00:00,192,2,
FrodoKEM-976-AES,KEM,1.0,1024,1.8557,2.5357,2.1959,15744,24,15720,6.5872,True,6742,2025-09-09T14:04:22.532110+00:00,192,2,
FrodoKEM-976-AES,KEM,1.0,1024,1.2391,1.6684,1.8652,15744,24,15720,4.7727,True,6743,2025-09-09T14:04:22.637801+00:00,192,2,
FrodoKEM-976-AES,KEM,1.0,1024,1.6387,2.0428,2.1455,15744,24,15720,5.8269,True,6744,2025-09-09T14:04:22.744565+00:00,192,2,
FrodoKEM-976-AES,KEM,1.0,1024,1.9882,2.4649,2.2464,15744,24,15720,6.6995,True,6745,2025-09-09T14:04:22.853390+00:00,192,2,
FrodoKEM-976-AES,KEM,1.0,1024,1.7574,2.2064,2.3995,15744,24,15720,6.3633,True,6746,2025-09-09T14:04:22.961391+00:00,192,2,
FrodoKEM-976-AES,KEM,1.0,1024,2.1471,9.8859,6.4021,15744,24,15720,18.4351,True,6747,2025-09-09T14:04:23.081495+00:00,192,2,
FrodoKEM-976-AES,KEM,1.0,1024,1.8935,2.9277,5.5399,15744,24,15720,10.3612,True,6748,2025-09-09T14:04:23.197612+00:00,192,2,
FrodoKEM-976-AES,KEM,1.0,1024,2.3841,2.8505,3.7194,15744,24,15720,8.954,True,6749,2025-09-09T14:04:23.307371+00:00,192,2,
FrodoKEM-976-AES,KEM,1.0,1024,1.6506,2.0818,1.5533,15744,24,15720,5.2857,True,6750,2025-09-09T14:04:23.413762+00:00,192,2,
FrodoKEM-976-AES,KEM,2.0,2048,13.2117,5.5915,4.1308,15744,24,15720,22.934,True,6751,2025-09-09T14:04:23.538394+00:00,192,2,
FrodoKEM-976-AES,KEM,2.0,2048,1.654,2.3164,2.1493,15744,24,15720,6.1196,True,6752,2025-09-09T14:04:23.646042+00:00,192,2,
FrodoKEM-976-AES,KEM,2.0,2048,1.7935,2.1957,1.8374,15744,24,15720,5.8266,True,6753,2025-09-09T14:04:23.753584+00:00,192,2,
FrodoKEM-976-AES,KEM,2.0,2048,1.3692,2.212,1.9119,15744,24,15720,5.4931,True,6754,2025-09-09T14:04:23.860429+00:00,192,2,
FrodoKEM-976-AES,KEM,2.0,2048,1.9137,2.247,2.3925,15744,24,15720,6.5533,True,6755,2025-09-09T14:04:23.968317+00:00,192,2,
FrodoKEM-976-AES,KEM,2.0,2048,2.7047,2.378,2.3419,15744,24,15720,7.4245,True,6756,2025-09-09T14:04:24.077010+00:00,192,2,
FrodoKEM-976-AES,KEM,2.0,2048,1.2959,1.8847,1.8717,15744,24,15720,5.0523,True,6757,2025-09-09T14:04:24.184673+00:00,192,2,
FrodoKEM-976-AES,KEM,2.0,2048,1.7226,1.9644,1.6244,15744,24,15720,5.3115,True,6758,2025-09-09T14:04:24.293071+00:00,192,2,
FrodoKEM-976-AES,KEM,2.0,2048,1.3744,1.8593,2.3916,15744,24,15720,5.6253,True,6759,2025-09-09T14:04:24.399758+00:00,192,2,
FrodoKEM-976-AES,KEM,2.0,2048,1.752,2.8441,2.0774,15744,24,15720,6.6735,True,6760,2025-09-09T14:04:24.507399+00:00,192,2,
FrodoKEM-976-AES,KEM,2.0,2048,1.6849,2.1364,2.051,15744,24,15720,5.8724,True,6761,2025-09-09T14:04:24.614349+00:00,192,2,
FrodoKEM-976-AES,KEM,2.0,2048,1.7174,2.2518,2.0709,15744,24,15720,6.04,True,6762,2025-09-09T14:04:24.721429+00:00,192,2,
FrodoKEM-976-AES,KEM,2.0,2048,1.8502,4.1852,2.3051,15744,24,15720,8.3405,True,6763,2025-09-09T14:04:24.830905+00:00,192,2,
FrodoKEM-976-AES,KEM,2.0,2048,2.0054,7.7561,2.134,15744,24,15720,11.8956,True,6764,2025-09-09T14:04:24.943966+00:00,192,2,
FrodoKEM-976-AES,KEM,2.0,2048,1.8622,1.8246,1.5518,15744,24,15720,5.2386,True,6765,2025-09-09T14:04:25.050166+00:00,192,2,
FrodoKEM-976-AES,KEM,2.0,2048,1.807,2.4146,2.172,15744,24,15720,6.3935,True,6766,2025-09-09T14:04:25.159176+00:00,192,2,
FrodoKEM-976-AES,KEM,2.0,2048,1.6723,2.0645,1.7213,15744,24,15720,5.4581,True,6767,2025-09-09T14:04:25.266264+00:00,192,2,
FrodoKEM-976-AES,KEM,2.0,2048,1.8217,2.2943,2.1818,15744,24,15720,6.2977,True,6768,2025-09-09T14:04:25.374203+00:00,192,2,
FrodoKEM-976-AES,KEM,2.0,2048,1.2887,1.925,1.5607,15744,24,15720,4.7744,True,6769,2025-09-09T14:04:25.480700+00:00,192,2,
FrodoKEM-976-AES,KEM,2.0,2048,2.0249,2.3425,2.1536,15744,24,15720,6.5211,True,6770,2025-09-09T14:04:25.588259+00:00,192,2,
FrodoKEM-976-AES,KEM,2.0,2048,1.7942,2.2394,1.9652,15744,24,15720,5.9987,True,6771,2025-09-09T14:04:25.695371+00:00,192,2,
FrodoKEM-976-AES,KEM,2.0,2048,1.6807,2.6788,2.1276,15744,24,15720,6.4871,True,6772,2025-09-09T14:04:25.803044+00:00,192,2,
FrodoKEM-976-AES,KEM,2.0,2048,1.3113,1.9379,2.0536,15744,24,15720,5.3028,True,6773,2025-09-09T14:04:25.909405+00:00,192,2,
FrodoKEM-976-AES,KEM,2.0,2048,1.1942,1.6181,1.6088,15744,24,15720,4.4212,True,6774,2025-09-09T14:04:26.015245+00:00,192,2,
FrodoKEM-976-AES,KEM,2.0,2048,1.6923,2.2097,1.5667,15744,24,15720,5.4688,True,6775,2025-09-09T14:04:26.121768+00:00,192,2,
FrodoKEM-976-AES,KEM,2.0,2048,1.431,1.5579,1.793,15744,24,15720,4.782,True,6776,2025-09-09T14:04:26.227725+00:00,192,2,
FrodoKEM-976-AES,KEM,2.0,2048,1.8949,2.6259,2.3166,15744,24,15720,6.8373,True,6777,2025-09-09T14:04:26.335800+00:00,192,2,
FrodoKEM-976-AES,KEM,2.0,2048,1.9472,2.4306,2.2718,15744,24,15720,6.6496,True,6778,2025-09-09T14:04:26.443542+00:00,192,2,
FrodoKEM-976-AES,KEM,2.0,2048,1.7085,2.4847,1.9807,15744,24,15720,6.1739,True,6779,2025-09-09T14:04:26.554157+00:00,192,2,
FrodoKEM-976-AES,KEM,2.0,2048,2.3662,2.4097,2.5769,15744,24,15720,7.3527,True,6780,2025-09-09T14:04:26.668682+00:00,192,2,
FrodoKEM-976-AES,KEM,2.0,2048,1.7385,2.2991,3.2448,15744,24,15720,7.2825,True,6781,2025-09-09T14:04:26.777018+00:00,192,2,
FrodoKEM-976-AES,KEM,2.0,2048,3.5125,3.666,2.8674,15744,24,15720,10.0458,True,6782,2025-09-09T14:04:26.888195+00:00,192,2,
FrodoKEM-976-AES,KEM,2.0,2048,2.0423,2.3111,2.1806,15744,24,15720,6.534,True,6783,2025-09-09T14:04:26.995731+00:00,192,2,
FrodoKEM-976-AES,KEM,2.0,2048,2.297,3.1366,8.8754,15744,24,15720,14.3089,True,6784,2025-09-09T14:04:27.111172+00:00,192,2,
FrodoKEM-976-AES,KEM,2.0,2048,1.8091,2.4083,2.0387,15744,24,15720,6.2561,True,6785,2025-09-09T14:04:27.218777+00:00,192,2,
FrodoKEM-976-AES,KEM,2.0,2048,1.8589,2.5001,2.4151,15744,24,15720,6.7741,True,6786,2025-09-09T14:04:27.326787+00:00,192,2,
FrodoKEM-976-AES,KEM,2.0,2048,1.4492,1.9049,1.635,15744,24,15720,4.9891,True,6787,2025-09-09T14:04:27.433004+00:00,192,2,
FrodoKEM-976-AES,KEM,2.0,2048,1.8848,2.0368,2.0657,15744,24,15720,5.9873,True,6788,2025-09-09T14:04:27.540010+00:00,192,2,
FrodoKEM-976-AES,KEM,2.0,2048,1.6732,2.3671,2.0272,15744,24,15720,6.0675,True,6789,2025-09-09T14:04:27.647114+00:00,192,2,
FrodoKEM-976-AES,KEM,2.0,2048,1.8647,2.3058,2.0983,15744,24,15720,6.2688,True,6790,2025-09-09T14:04:27.762130+00:00,192,2,
FrodoKEM-976-AES,KEM,2.0,2048,1.9735,1.9585,1.8512,15744,24,15720,5.7832,True,6791,2025-09-09T14:04:27.869015+00:00,192,2,
FrodoKEM-976-AES,KEM,2.0,2048,1.9141,1.9462,1.5844,15744,24,15720,5.4447,True,6792,2025-09-09T14:04:27.975584+00:00,192,2,
FrodoKEM-976-AES,KEM,2.0,2048,2.1463,3.9973,2.6663,15744,24,15720,8.8099,True,6793,2025-09-09T14:04:28.085691+00:00,192,2,
FrodoKEM-976-AES,KEM,2.0,2048,2.183,6.758,2.216,15744,24,15720,11.1571,True,6794,2025-09-09T14:04:28.198204+00:00,192,2,
FrodoKEM-976-AES,KEM,2.0,2048,1.8905,2.8143,2.9604,15744,24,15720,7.6651,True,6795,2025-09-09T14:04:28.307492+00:00,192,2,
FrodoKEM-976-AES,KEM,2.0,2048,2.0026,2.1959,1.8065,15744,24,15720,6.0049,True,6796,2025-09-09T14:04:28.414789+00:00,192,2,
FrodoKEM-976-AES,KEM,2.0,2048,1.3944,2.115,1.7079,15744,24,15720,5.2174,True,6797,2025-09-09T14:04:28.521315+00:00,192,2,
FrodoKEM-976-AES,KEM,2.0,2048,1.2137,1.4475,1.5685,15744,24,15720,4.2297,True,6798,2025-09-09T14:04:28.626732+00:00,192,2,
FrodoKEM-976-AES,KEM,2.0,2048,1.7724,2.5897,9.6746,15744,24,15720,14.0368,True,6799,2025-09-09T14:04:28.741775+00:00,192,2,
FrodoKEM-976-AES,KEM,2.0,2048,1.7251,2.2424,2.2931,15744,24,15720,6.2605,True,6800,2025-09-09T14:04:28.849060+00:00,192,2,
FrodoKEM-976-AES,KEM,5.0,5120,2.1169,2.5478,2.3493,15744,24,15720,7.014,True,6801,2025-09-09T14:04:28.958443+00:00,192,2,
FrodoKEM-976-AES,KEM,5.0,5120,2.7159,2.7467,3.3952,15744,24,15720,8.8578,True,6802,2025-09-09T14:04:29.069410+00:00,192,2,
FrodoKEM-976-AES,KEM,5.0,5120,1.4049,2.2796,1.7962,15744,24,15720,5.4807,True,6803,2025-09-09T14:04:29.177160+00:00,192,2,
FrodoKEM-976-AES,KEM,5.0,5120,2.1644,1.9261,2.082,15744,24,15720,6.1725,True,6804,2025-09-09T14:04:29.285253+00:00,192,2,
FrodoKEM-976-AES,KEM,5.0,5120,1.7778,2.0915,2.6712,15744,24,15720,6.5405,True,6805,2025-09-09T14:04:29.393621+00:00,192,2,
FrodoKEM-976-AES,KEM,5.0,5120,2.0276,2.1818,2.2828,15744,24,15720,6.4922,True,6806,2025-09-09T14:04:29.501699+00:00,192,2,
FrodoKEM-976-AES,KEM,5.0,5120,1.7859,2.0681,1.5498,15744,24,15720,5.4038,True,6807,2025-09-09T14:04:29.609358+00:00,192,2,
FrodoKEM-976-AES,KEM,5.0,5120,1.7633,2.5276,2.1064,15744,24,15720,6.3973,True,6808,2025-09-09T14:04:29.718472+00:00,192,2,
FrodoKEM-976-AES,KEM,5.0,5120,1.7924,2.3218,7.3285,15744,24,15720,11.4427,True,6809,2025-09-09T14:04:29.831930+00:00,192,2,
FrodoKEM-976-AES,KEM,5.0,5120,2.3341,2.2557,2.922,15744,24,15720,7.5118,True,6810,2025-09-09T14:04:29.941508+00:00,192,2,
FrodoKEM-976-AES,KEM,5.0,5120,1.7513,1.7041,1.6923,15744,24,15720,5.1478,True,6811,2025-09-09T14:04:30.048260+00:00,192,2,
FrodoKEM-976-AES,KEM,5.0,5120,1.8042,2.1327,2.2979,15744,24,15720,6.2347,True,6812,2025-09-09T14:04:30.156413+00:00,192,2,
FrodoKEM-976-AES,KEM,5.0,5120,1.3169,1.8409,1.9701,15744,24,15720,5.1279,True,6813,2025-09-09T14:04:30.264134+00:00,192,2,
FrodoKEM-976-AES,KEM,5.0,5120,1.8425,2.4179,2.0808,15744,24,15720,6.3412,True,6814,2025-09-09T14:04:30.372397+00:00,192,2,
FrodoKEM-976-AES,KEM,5.0,5120,1.8826,2.2696,2.1542,15744,24,15720,6.3065,True,6815,2025-09-09T14:04:30.480442+00:00,192,2,
FrodoKEM-976-AES,KEM,5.0,5120,1.3494,2.1634,1.7321,15744,24,15720,5.2449,True,6816,2025-09-09T14:04:30.588196+00:00,192,2,
FrodoKEM-976-AES,KEM,5.0,5120,1.2983,1.5902,1.9578,15744,24,15720,4.8463,True,6817,2025-09-09T14:04:30.695434+00:00,192,2,
FrodoKEM-976-AES,KEM,5.0,5120,1.8875,2.3036,2.5302,15744,24,15720,6.7212,True,6818,2025-09-09T14:04:30.808173+00:00,192,2,
FrodoKEM-976-AES,KEM,5.0,5120,1.8013,2.2753,2.1764,15744,24,15720,6.253,True,6819,2025-09-09T14:04:30.916490+00:00,192,2,
FrodoKEM-976-AES,KEM,5.0,5120,1.2609,1.8507,1.5585,15744,24,15720,4.6701,True,6820,2025-09-09T14:04:31.029116+00:00,192,2,
FrodoKEM-976-AES,KEM,5.0,5120,1.2791,1.8358,1.8874,15744,24,15720,5.0023,True,6821,2025-09-09T14:04:31.135768+00:00,192,2,
FrodoKEM-976-AES,KEM,5.0,5120,1.2258,1.6981,1.3776,15744,24,15720,4.3015,True,6822,2025-09-09T14:04:31.242251+00:00,192,2,
FrodoKEM-976-AES,KEM,5.0,5120,1.29,1.6054,1.4203,15744,24,15720,4.3158,True,6823,2025-09-09T14:04:31.348998+00:00,192,2,
FrodoKEM-976-AES,KEM,5.0,5120,1.3034,1.6805,1.8393,15744,24,15720,4.8232,True,6824,2025-09-09T14:04:31.456446+00:00,192,2,
FrodoKEM-976-AES,KEM,5.0,5120,1.7244,1.5714,1.6257,15744,24,15720,4.9215,True,6825,2025-09-09T14:04:31.563622+00:00,192,2,
FrodoKEM-976-AES,KEM,5.0,5120,1.2439,1.6581,1.5595,15744,24,15720,4.4615,True,6826,2025-09-09T14:04:31.670118+00:00,192,2,
FrodoKEM-976-AES,KEM,5.0,5120,1.7826,2.2317,2.0256,15744,24,15720,6.0399,True,6827,2025-09-09T14:04:31.782180+00:00,192,2,
FrodoKEM-976-AES,KEM,5.0,5120,1.502,5.9939,1.6047,15744,24,15720,9.1006,True,6828,2025-09-09T14:04:31.894042+00:00,192,2,
FrodoKEM-976-AES,KEM,5.0,5120,1.2662,1.7949,2.2328,15744,24,15720,5.2939,True,6829,2025-09-09T14:04:32.002616+00:00,192,2,
FrodoKEM-976-AES,KEM,5.0,5120,1.2046,2.0412,1.4956,15744,24,15720,4.7414,True,6830,2025-09-09T14:04:32.109776+00:00,192,2,
FrodoKEM-976-AES,KEM,5.0,5120,1.4108,1.7084,1.7417,15744,24,15720,4.8609,True,6831,2025-09-09T14:04:32.216739+00:00,192,2,
FrodoKEM-976-AES,KEM,5.0,5120,1.8216,1.8039,1.995,15744,24,15720,5.6205,True,6832,2025-09-09T14:04:32.324032+00:00,192,2,
FrodoKEM-976-AES,KEM,5.0,5120,2.2847,2.9327,2.2317,15744,24,15720,7.4492,True,6833,2025-09-09T14:04:32.433335+00:00,192,2,
FrodoKEM-976-AES,KEM,5.0,5120,1.7854,2.2688,2.1279,15744,24,15720,6.182,True,6834,2025-09-09T14:04:32.541411+00:00,192,2,
FrodoKEM-976-AES,KEM,5.0,5120,1.8798,1.6196,1.4758,15744,24,15720,4.9752,True,6835,2025-09-09T14:04:32.648332+00:00,192,2,
FrodoKEM-976-AES,KEM,5.0,5120,1.8365,2.3865,2.221,15744,24,15720,6.4439,True,6836,2025-09-09T14:04:32.756875+00:00,192,2,
FrodoKEM-976-AES,KEM,5.0,5120,1.8371,2.3321,2.1971,15744,24,15720,6.3663,True,6837,2025-09-09T14:04:32.864885+00:00,192,2,
FrodoKEM-976-AES,KEM,5.0,5120,1.2001,1.5253,1.4778,15744,24,15720,4.2032,True,6838,2025-09-09T14:04:32.971001+00:00,192,2,
FrodoKEM-976-AES,KEM,5.0,5120,1.9506,2.611,2.3672,15744,24,15720,6.9287,True,6839,2025-09-09T14:04:33.079992+00:00,192,2,
FrodoKEM-976-AES,KEM,5.0,5120,1.8517,2.5963,2.6095,15744,24,15720,7.0575,True,6840,2025-09-09T14:04:33.193842+00:00,192,2,
FrodoKEM-976-AES,KEM,5.0,5120,1.3735,2.0175,2.1927,15744,24,15720,5.5838,True,6841,2025-09-09T14:04:33.302252+00:00,192,2,
FrodoKEM-976-AES,KEM,5.0,5120,1.3368,2.0335,1.8082,15744,24,15720,5.1785,True,6842,2025-09-09T14:04:33.409661+00:00,192,2,
FrodoKEM-976-AES,KEM,5.0,5120,1.346,1.6974,1.5776,15744,24,15720,4.6211,True,6843,2025-09-09T14:04:33.517256+00:00,192,2,
FrodoKEM-976-AES,KEM,5.0,5120,1.8696,2.5129,2.3993,15744,24,15720,6.7818,True,6844,2025-09-09T14:04:33.626128+00:00,192,2,
FrodoKEM-976-AES,KEM,5.0,5120,1.944,2.8163,7.798,15744,24,15720,12.5583,True,6845,2025-09-09T14:04:33.745411+00:00,192,2,
FrodoKEM-976-AES,KEM,5.0,5120,1.8632,2.5416,2.5165,15744,24,15720,6.9214,True,6846,2025-09-09T14:04:33.854385+00:00,192,2,
FrodoKEM-976-AES,KEM,5.0,5120,1.5842,1.6927,1.52,15744,24,15720,4.7969,True,6847,2025-09-09T14:04:33.961271+00:00,192,2,
FrodoKEM-976-AES,KEM,5.0,5120,1.2007,1.5819,1.5118,15744,24,15720,4.2945,True,6848,2025-09-09T14:04:34.068236+00:00,192,2,
FrodoKEM-976-AES,KEM,5.0,5120,1.6669,1.9766,2.6383,15744,24,15720,6.2819,True,6849,2025-09-09T14:04:34.176554+00:00,192,2,
FrodoKEM-976-AES,KEM,5.0,5120,1.3191,1.523,1.6657,15744,24,15720,4.5078,True,6850,2025-09-09T14:04:34.283300+00:00,192,2,
FrodoKEM-976-AES,KEM,10.0,10240,2.3563,2.5648,2.7251,15744,24,15720,7.6462,True,6851,2025-09-09T14:04:34.394707+00:00,192,2,
FrodoKEM-976-AES,KEM,10.0,10240,2.6729,2.6948,2.3705,15744,24,15720,7.7382,True,6852,2025-09-09T14:04:34.506458+00:00,192,2,
FrodoKEM-976-AES,KEM,10.0,10240,2.0193,1.8414,1.5824,15744,24,15720,5.4432,True,6853,2025-09-09T14:04:34.615925+00:00,192,2,
FrodoKEM-976-AES,KEM,10.0,10240,1.8702,2.913,2.3609,15744,24,15720,7.1441,True,6854,2025-09-09T14:04:34.726135+00:00,192,2,
FrodoKEM-976-AES,KEM,10.0,10240,1.863,2.1699,2.4272,15744,24,15720,6.4601,True,6855,2025-09-09T14:04:34.835358+00:00,192,2,
FrodoKEM-976-AES,KEM,10.0,10240,1.8412,2.2062,2.4226,15744,24,15720,6.4701,True,6856,2025-09-09T14:04:34.944738+00:00,192,2,
FrodoKEM-976-AES,KEM,10.0,10240,1.7676,2.149,2.3532,15744,24,15720,6.2698,True,6857,2025-09-09T14:04:35.054067+00:00,192,2,
FrodoKEM-976-AES,KEM,10.0,10240,1.8516,2.039,1.8069,15744,24,15720,5.6975,True,6858,2025-09-09T14:04:35.164138+00:00,192,2,
FrodoKEM-976-AES,KEM,10.0,10240,4.7857,2.6582,6.5782,15744,24,15720,14.0221,True,6859,2025-09-09T14:04:35.281022+00:00,192,2,
FrodoKEM-976-AES,KEM,10.0,10240,1.8505,1.774,1.6384,15744,24,15720,5.2628,True,6860,2025-09-09T14:04:35.391756+00:00,192,2,
FrodoKEM-976-AES,KEM,10.0,10240,1.7723,2.1685,2.2835,15744,24,15720,6.2244,True,6861,2025-09-09T14:04:35.501021+00:00,192,2,
FrodoKEM-976-AES,KEM,10.0,10240,1.5881,1.9739,1.5503,15744,24,15720,5.1124,True,6862,2025-09-09T14:04:35.609651+00:00,192,2,
FrodoKEM-976-AES,KEM,10.0,10240,1.4935,1.723,1.5744,15744,24,15720,4.7909,True,6863,2025-09-09T14:04:35.718408+00:00,192,2,
FrodoKEM-976-AES,KEM,10.0,10240,1.4844,1.766,1.7177,15744,24,15720,4.9682,True,6864,2025-09-09T14:04:35.827018+00:00,192,2,
FrodoKEM-976-AES,KEM,10.0,10240,1.6825,1.6956,1.9099,15744,24,15720,5.288,True,6865,2025-09-09T14:04:35.935566+00:00,192,2,
FrodoKEM-976-AES,KEM,10.0,10240,1.2096,1.6619,1.5596,15744,24,15720,4.4311,True,6866,2025-09-09T14:04:36.044334+00:00,192,2,
FrodoKEM-976-AES,KEM,10.0,10240,1.9949,2.4015,2.1813,15744,24,15720,6.5778,True,6867,2025-09-09T14:04:36.154164+00:00,192,2,
FrodoKEM-976-AES,KEM,10.0,10240,1.7242,1.81,1.8391,15744,24,15720,5.3733,True,6868,2025-09-09T14:04:36.262844+00:00,192,2,
FrodoKEM-976-AES,KEM,10.0,10240,1.6965,2.4114,2.1078,15744,24,15720,6.2157,True,6869,2025-09-09T14:04:36.371764+00:00,192,2,
FrodoKEM-976-AES,KEM,10.0,10240,1.2595,1.878,1.5548,15744,24,15720,4.6922,True,6870,2025-09-09T14:04:36.481853+00:00,192,2,
FrodoKEM-976-AES,KEM,10.0,10240,1.3497,1.9204,1.6451,15744,24,15720,4.9152,True,6871,2025-09-09T14:04:36.590665+00:00,192,2,
FrodoKEM-976-AES,KEM,10.0,10240,1.6856,1.8325,1.8616,15744,24,15720,5.3797,True,6872,2025-09-09T14:04:36.700329+00:00,192,2,
FrodoKEM-976-AES,KEM,10.0,10240,1.7662,2.5176,1.6313,15744,24,15720,5.9151,True,6873,2025-09-09T14:04:36.809510+00:00,192,2,
FrodoKEM-976-AES,KEM,10.0,10240,2.0284,2.682,2.6227,15744,24,15720,7.3331,True,6874,2025-09-09T14:04:36.920345+00:00,192,2,
FrodoKEM-976-AES,KEM,10.0,10240,1.8258,2.3306,2.1464,15744,24,15720,6.3027,True,6875,2025-09-09T14:04:37.030277+00:00,192,2,
FrodoKEM-976-AES,KEM,10.0,10240,1.7597,1.5981,1.8832,15744,24,15720,5.241,True,6876,2025-09-09T14:04:37.138258+00:00,192,2,
FrodoKEM-976-AES,KEM,10.0,10240,1.9302,2.2861,2.4217,15744,24,15720,6.638,True,6877,2025-09-09T14:04:37.247933+00:00,192,2,
FrodoKEM-976-AES,KEM,10.0,10240,1.183,1.6663,1.3486,15744,24,15720,4.1979,True,6878,2025-09-09T14:04:37.357049+00:00,192,2,
FrodoKEM-976-AES,KEM,10.0,10240,1.2418,1.6416,1.4893,15744,24,15720,4.3727,True,6879,2025-09-09T14:04:37.465520+00:00,192,2,
FrodoKEM-976-AES,KEM,10.0,10240,1.6789,3.0453,2.1585,15744,24,15720,6.8827,True,6880,2025-09-09T14:04:37.575723+00:00,192,2,
FrodoKEM-976-AES,KEM,10.0,10240,1.6654,2.0974,2.0194,15744,24,15720,5.7822,True,6881,2025-09-09T14:04:37.684726+00:00,192,2,
FrodoKEM-976-AES,KEM,10.0,10240,1.2921,1.8413,2.2017,15744,24,15720,5.3352,True,6882,2025-09-09T14:04:37.793499+00:00,192,2,
FrodoKEM-976-AES,KEM,10.0,10240,1.4222,1.6263,1.8378,15744,24,15720,4.8863,True,6883,2025-09-09T14:04:37.900685+00:00,192,2,
FrodoKEM-976-AES,KEM,10.0,10240,1.2963,1.6055,1.6607,15744,24,15720,4.5625,True,6884,2025-09-09T14:04:38.008649+00:00,192,2,
FrodoKEM-976-AES,KEM,10.0,10240,1.7426,2.2593,1.6925,15744,24,15720,5.6944,True,6885,2025-09-09T14:04:38.117874+00:00,192,2,
FrodoKEM-976-AES,KEM,10.0,10240,2.1172,2.586,2.4173,15744,24,15720,7.1205,True,6886,2025-09-09T14:04:38.228549+00:00,192,2,
FrodoKEM-976-AES,KEM,10.0,10240,1.7029,2.6287,2.0217,15744,24,15720,6.3533,True,6887,2025-09-09T14:04:38.338860+00:00,192,2,
FrodoKEM-976-AES,KEM,10.0,10240,1.3444,1.653,6.5392,15744,24,15720,9.5365,True,6888,2025-09-09T14:04:38.451572+00:00,192,2,
FrodoKEM-976-AES,KEM,10.0,10240,1.226,1.9432,1.9628,15744,24,15720,5.132,True,6889,2025-09-09T14:04:38.560036+00:00,192,2,
FrodoKEM-976-AES,KEM,10.0,10240,1.5108,1.8093,1.9288,15744,24,15720,5.249,True,6890,2025-09-09T14:04:38.675714+00:00,192,2,
FrodoKEM-976-AES,KEM,10.0,10240,1.3716,1.933,1.5364,15744,24,15720,4.8409,True,6891,2025-09-09T14:04:38.783247+00:00,192,2,
FrodoKEM-976-AES,KEM,10.0,10240,1.9676,1.774,1.9798,15744,24,15720,5.7214,True,6892,2025-09-09T14:04:38.895790+00:00,192,2,
FrodoKEM-976-AES,KEM,10.0,10240,1.773,2.8371,2.0737,15744,24,15720,6.6839,True,6893,2025-09-09T14:04:39.006776+00:00,192,2,
FrodoKEM-976-AES,KEM,10.0,10240,1.9212,2.2701,2.7956,15744,24,15720,6.9869,True,6894,2025-09-09T14:04:39.117258+00:00,192,2,
FrodoKEM-976-AES,KEM,10.0,10240,2.0234,2.6157,2.5656,15744,24,15720,7.2047,True,6895,2025-09-09T14:04:39.227801+00:00,192,2,
FrodoKEM-976-AES,KEM,10.0,10240,1.502,2.1814,3.878,15744,24,15720,7.5614,True,6896,2025-09-09T14:04:39.339918+00:00,192,2,
FrodoKEM-976-AES,KEM,10.0,10240,1.7378,2.0571,2.0918,15744,24,15720,5.8866,True,6897,2025-09-09T14:04:39.448527+00:00,192,2,
FrodoKEM-976-AES,KEM,10.0,10240,1.7508,1.9855,2.0011,15744,24,15720,5.7374,True,6898,2025-09-09T14:04:39.557611+00:00,192,2,
FrodoKEM-976-AES,KEM,10.0,10240,1.7979,2.2351,2.0554,15744,24,15720,6.0884,True,6899,2025-09-09T14:04:39.667148+00:00,192,2,
FrodoKEM-976-AES,KEM,10.0,10240,1.8684,2.2638,1.8637,15744,24,15720,5.9959,True,6900,2025-09-09T14:04:39.776434+00:00,192,2,
FrodoKEM-976-SHAKE,KEM,0.1,102,4.0459,3.9874,3.8299,15744,24,15720,11.8632,True,6901,2025-09-09T14:04:39.889349+00:00,192,2,
FrodoKEM-976-SHAKE,KEM,0.1,102,3.3413,3.7545,7.03,15744,24,15720,14.1259,True,6902,2025-09-09T14:04:40.003982+00:00,192,2,
FrodoKEM-976-SHAKE,KEM,0.1,102,3.781,3.5739,3.8448,15744,24,15720,11.1998,True,6903,2025-09-09T14:04:40.115723+00:00,192,2,
FrodoKEM-976-SHAKE,KEM,0.1,102,3.774,3.9504,3.96,15744,24,15720,11.6844,True,6904,2025-09-09T14:04:40.227982+00:00,192,2,
FrodoKEM-976-SHAKE,KEM,0.1,102,3.9969,3.8754,3.9929,15744,24,15720,11.8652,True,6905,2025-09-09T14:04:40.340414+00:00,192,2,
FrodoKEM-976-SHAKE,KEM,0.1,102,3.7775,3.666,4.013,15744,24,15720,11.4565,True,6906,2025-09-09T14:04:40.452471+00:00,192,2,
FrodoKEM-976-SHAKE,KEM,0.1,102,5.1733,5.5203,5.4434,15744,24,15720,16.137,True,6907,2025-09-09T14:04:40.569206+00:00,192,2,
FrodoKEM-976-SHAKE,KEM,0.1,102,3.9685,4.4469,3.9829,15744,24,15720,12.3983,True,6908,2025-09-09T14:04:40.682177+00:00,192,2,
FrodoKEM-976-SHAKE,KEM,0.1,102,5.5921,4.6663,6.0374,15744,24,15720,16.2959,True,6909,2025-09-09T14:04:40.800367+00:00,192,2,
FrodoKEM-976-SHAKE,KEM,0.1,102,3.8622,3.5949,3.6227,15744,24,15720,11.0798,True,6910,2025-09-09T14:04:40.911951+00:00,192,2,
FrodoKEM-976-SHAKE,KEM,0.1,102,3.7973,4.5173,4.1513,15744,24,15720,12.4659,True,6911,2025-09-09T14:04:41.024960+00:00,192,2,
FrodoKEM-976-SHAKE,KEM,0.1,102,3.7463,3.6376,3.3236,15744,24,15720,10.7075,True,6912,2025-09-09T14:04:41.136217+00:00,192,2,
FrodoKEM-976-SHAKE,KEM,0.1,102,3.6325,3.7762,4.5867,15744,24,15720,11.9953,True,6913,2025-09-09T14:04:41.248745+00:00,192,2,
FrodoKEM-976-SHAKE,KEM,0.1,102,3.573,4.1194,3.9153,15744,24,15720,11.6077,True,6914,2025-09-09T14:04:41.360975+00:00,192,2,
FrodoKEM-976-SHAKE,KEM,0.1,102,3.8749,3.8156,3.7533,15744,24,15720,11.4438,True,6915,2025-09-09T14:04:41.472944+00:00,192,2,
FrodoKEM-976-SHAKE,KEM,0.1,102,3.7225,3.8617,4.1676,15744,24,15720,11.7518,True,6916,2025-09-09T14:04:41.585239+00:00,192,2,
FrodoKEM-976-SHAKE,KEM,0.1,102,3.6789,3.8684,3.5469,15744,24,15720,11.0941,True,6917,2025-09-09T14:04:41.696859+00:00,192,2,
FrodoKEM-976-SHAKE,KEM,0.1,102,3.8654,4.0543,4.4959,15744,24,15720,12.4155,True,6918,2025-09-09T14:04:41.809811+00:00,192,2,
FrodoKEM-976-SHAKE,KEM,0.1,102,4.4014,4.6727,4.5457,15744,24,15720,13.6198,True,6919,2025-09-09T14:04:41.923943+00:00,192,2,
FrodoKEM-976-SHAKE,KEM,0.1,102,5.2723,6.1133,5.8057,15744,24,15720,17.1913,True,6920,2025-09-09T14:04:42.041677+00:00,192,2,
FrodoKEM-976-SHAKE,KEM,0.1,102,4.8187,5.481,4.634,15744,24,15720,14.9337,True,6921,2025-09-09T14:04:42.157205+00:00,192,2,
FrodoKEM-976-SHAKE,KEM,0.1,102,4.8639,5.5744,5.1353,15744,24,15720,15.5736,True,6922,2025-09-09T14:04:42.273357+00:00,192,2,
FrodoKEM-976-SHAKE,KEM,0.1,102,4.053,4.6593,4.01,15744,24,15720,12.7222,True,6923,2025-09-09T14:04:42.387186+00:00,192,2,
FrodoKEM-976-SHAKE,KEM,0.1,102,4.2691,3.8229,4.0086,15744,24,15720,12.1006,True,6924,2025-09-09T14:04:42.499860+00:00,192,2,
FrodoKEM-976-SHAKE,KEM,0.1,102,3.7381,4.4069,3.8732,15744,24,15720,12.0182,True,6925,2025-09-09T14:04:42.612423+00:00,192,2,
FrodoKEM-976-SHAKE,KEM,0.1,102,5.0453,4.7546,5.0599,15744,24,15720,14.8597,True,6926,2025-09-09T14:04:42.727838+00:00,192,2,
FrodoKEM-976-SHAKE,KEM,0.1,102,3.611,3.7587,3.9983,15744,24,15720,11.368,True,6927,2025-09-09T14:04:42.839764+00:00,192,2,
FrodoKEM-976-SHAKE,KEM,0.1,102,13.0261,3.7965,4.4155,15744,24,15720,21.238,True,6928,2025-09-09T14:04:42.964282+00:00,192,2,
FrodoKEM-976-SHAKE,KEM,0.1,102,3.7041,3.8134,4.059,15744,24,15720,11.5765,True,6929,2025-09-09T14:04:43.076599+00:00,192,2,
FrodoKEM-976-SHAKE,KEM,0.1,102,3.5887,4.1698,4.1667,15744,24,15720,11.9252,True,6930,2025-09-09T14:04:43.189313+00:00,192,2,
FrodoKEM-976-SHAKE,KEM,0.1,102,4.4718,6.0088,4.3069,15744,24,15720,14.7875,True,6931,2025-09-09T14:04:43.304649+00:00,192,2,
FrodoKEM-976-SHAKE,KEM,0.1,102,4.0407,4.0361,3.5596,15744,24,15720,11.6364,True,6932,2025-09-09T14:04:43.418202+00:00,192,2,
FrodoKEM-976-SHAKE,KEM,0.1,102,5.4561,5.6567,5.3574,15744,24,15720,16.4702,True,6933,2025-09-09T14:04:43.535193+00:00,192,2,
FrodoKEM-976-SHAKE,KEM,0.1,102,5.4981,7.2974,6.5165,15744,24,15720,19.3121,True,6934,2025-09-09T14:04:43.655071+00:00,192,2,
FrodoKEM-976-SHAKE,KEM,0.1,102,4.263,4.5366,4.1116,15744,24,15720,12.9112,True,6935,2025-09-09T14:04:43.768528+00:00,192,2,
FrodoKEM-976-SHAKE,KEM,0.1,102,4.0272,4.4717,4.0757,15744,24,15720,12.5746,True,6936,2025-09-09T14:04:43.881609+00:00,192,2,
FrodoKEM-976-SHAKE,KEM,0.1,102,4.9232,5.154,4.8657,15744,24,15720,14.943,True,6937,2025-09-09T14:04:43.997046+00:00,192,2,
FrodoKEM-976-SHAKE,KEM,0.1,102,3.7227,4.3636,3.7061,15744,24,15720,11.7924,True,6938,2025-09-09T14:04:44.109369+00:00,192,2,
FrodoKEM-976-SHAKE,KEM,0.1,102,3.795,3.805,4.2223,15744,24,15720,11.8223,True,6939,2025-09-09T14:04:44.221742+00:00,192,2,
FrodoKEM-976-SHAKE,KEM,0.1,102,4.0144,3.9289,3.9367,15744,24,15720,11.88,True,6940,2025-09-09T14:04:44.334203+00:00,192,2,
FrodoKEM-976-SHAKE,KEM,0.1,102,4.6682,5.3506,5.4547,15744,24,15720,15.4735,True,6941,2025-09-09T14:04:44.450435+00:00,192,2,
FrodoKEM-976-SHAKE,KEM,0.1,102,3.1463,3.5693,3.5331,15744,24,15720,10.2487,True,6942,2025-09-09T14:04:44.561257+00:00,192,2,
FrodoKEM-976-SHAKE,KEM,0.1,102,3.9026,3.858,3.9033,15744,24,15720,11.6639,True,6943,2025-09-09T14:04:44.673401+00:00,192,2,
FrodoKEM-976-SHAKE,KEM,0.1,102,3.8139,4.9261,4.0829,15744,24,15720,12.8228,True,6944,2025-09-09T14:04:44.786764+00:00,192,2,
FrodoKEM-976-SHAKE,KEM,0.1,102,3.6422,4.5304,3.7363,15744,24,15720,11.909,True,6945,2025-09-09T14:04:44.899259+00:00,192,2,
FrodoKEM-976-SHAKE,KEM,0.1,102,4.8498,4.5772,4.3026,15744,24,15720,13.7296,True,6946,2025-09-09T14:04:45.013504+00:00,192,2,
FrodoKEM-976-SHAKE,KEM,0.1,102,3.863,8.1692,12.2518,15744,24,15720,24.2839,True,6947,2025-09-09T14:04:45.138281+00:00,192,2,
FrodoKEM-976-SHAKE,KEM,0.1,102,4.0121,4.424,4.7924,15744,24,15720,13.2285,True,6948,2025-09-09T14:04:45.252052+00:00,192,2,
FrodoKEM-976-SHAKE,KEM,0.1,102,3.6737,4.6437,4.5509,15744,24,15720,12.8683,True,6949,2025-09-09T14:04:45.365477+00:00,192,2,
FrodoKEM-976-SHAKE,KEM,0.1,102,4.6113,4.9433,5.1492,15744,24,15720,14.7039,True,6950,2025-09-09T14:04:45.480727+00:00,192,2,
FrodoKEM-976-SHAKE,KEM,0.5,512,3.7275,3.8361,3.778,15744,24,15720,11.3416,True,6951,2025-09-09T14:04:45.592773+00:00,192,2,
FrodoKEM-976-SHAKE,KEM,0.5,512,4.446,5.4441,4.1928,15744,24,15720,14.0829,True,6952,2025-09-09T14:04:45.707577+00:00,192,2,
FrodoKEM-976-SHAKE,KEM,0.5,512,5.2162,6.2038,5.1743,15744,24,15720,16.5942,True,6953,2025-09-09T14:04:45.824975+00:00,192,2,
FrodoKEM-976-SHAKE,KEM,0.5,512,3.6298,3.8164,3.819,15744,24,15720,11.2652,True,6954,2025-09-09T14:04:45.936939+00:00,192,2,
FrodoKEM-976-SHAKE,KEM,0.5,512,3.7172,3.7868,3.9953,15744,24,15720,11.4994,True,6955,2025-09-09T14:04:46.049174+00:00,192,2,
FrodoKEM-976-SHAKE,KEM,0.5,512,4.636,4.5967,3.7002,15744,24,15720,12.9328,True,6956,2025-09-09T14:04:46.162715+00:00,192,2,
FrodoKEM-976-SHAKE,KEM,0.5,512,3.4793,6.0218,3.6626,15744,24,15720,13.1636,True,6957,2025-09-09T14:04:46.277217+00:00,192,2,
FrodoKEM-976-SHAKE,KEM,0.5,512,5.0692,5.7328,5.2255,15744,24,15720,16.0274,True,6958,2025-09-09T14:04:46.393885+00:00,192,2,
FrodoKEM-976-SHAKE,KEM,0.5,512,3.7284,4.7433,4.8668,15744,24,15720,13.3385,True,6959,2025-09-09T14:04:46.507998+00:00,192,2,
FrodoKEM-976-SHAKE,KEM,0.5,512,5.9765,5.3678,4.08,15744,24,15720,15.4243,True,6960,2025-09-09T14:04:46.624073+00:00,192,2,
FrodoKEM-976-SHAKE,KEM,0.5,512,5.0288,4.9927,5.2022,15744,24,15720,15.2238,True,6961,2025-09-09T14:04:46.740006+00:00,192,2,
FrodoKEM-976-SHAKE,KEM,0.5,512,3.9867,4.5453,4.57,15744,24,15720,13.102,True,6962,2025-09-09T14:04:46.853856+00:00,192,2,
FrodoKEM-976-SHAKE,KEM,0.5,512,3.7903,4.3599,18.0244,15744,24,15720,26.1746,True,6963,2025-09-09T14:04:46.980814+00:00,192,2,
FrodoKEM-976-SHAKE,KEM,0.5,512,3.6234,4.3748,4.911,15744,24,15720,12.9092,True,6964,2025-09-09T14:04:47.094552+00:00,192,2,
FrodoKEM-976-SHAKE,KEM,0.5,512,3.7345,5.2739,3.8542,15744,24,15720,12.8626,True,6965,2025-09-09T14:04:47.208183+00:00,192,2,
FrodoKEM-976-SHAKE,KEM,0.5,512,10.1453,7.8669,4.0482,15744,24,15720,22.0604,True,6966,2025-09-09T14:04:47.333879+00:00,192,2,
FrodoKEM-976-SHAKE,KEM,0.5,512,3.8866,4.2296,3.9899,15744,24,15720,12.1061,True,6967,2025-09-09T14:04:47.448709+00:00,192,2,
FrodoKEM-976-SHAKE,KEM,0.5,512,4.8803,5.5994,5.4621,15744,24,15720,15.9418,True,6968,2025-09-09T14:04:47.566849+00:00,192,2,
FrodoKEM-976-SHAKE,KEM,0.5,512,4.3357,4.0935,3.66,15744,24,15720,12.0892,True,6969,2025-09-09T14:04:47.679825+00:00,192,2,
FrodoKEM-976-SHAKE,KEM,0.5,512,4.7722,5.3271,5.0369,15744,24,15720,15.1362,True,6970,2025-09-09T14:04:47.795588+00:00,192,2,
FrodoKEM-976-SHAKE,KEM,0.5,512,5.4311,19.1277,21.8715,15744,24,15720,46.4303,True,6971,2025-09-09T14:04:47.945244+00:00,192,2,
FrodoKEM-976-SHAKE,KEM,0.5,512,3.9256,4.2259,4.6508,15744,24,15720,12.8023,True,6972,2025-09-09T14:04:48.058753+00:00,192,2,
FrodoKEM-976-SHAKE,KEM,0.5,512,4.5152,46.9954,4.1764,15744,24,15720,55.687,True,6973,2025-09-09T14:04:48.216586+00:00,192,2,
FrodoKEM-976-SHAKE,KEM,0.5,512,4.0877,4.95,4.255,15744,24,15720,13.2927,True,6974,2025-09-09T14:04:48.337690+00:00,192,2,
FrodoKEM-976-SHAKE,KEM,0.5,512,10.2154,5.2686,4.5232,15744,24,15720,20.0073,True,6975,2025-09-09T14:04:48.458697+00:00,192,2,
FrodoKEM-976-SHAKE,KEM,0.5,512,5.7083,7.3485,9.0087,15744,24,15720,22.0656,True,6976,2025-09-09T14:04:48.582079+00:00,192,2,
FrodoKEM-976-SHAKE,KEM,0.5,512,5.0505,7.2291,5.3426,15744,24,15720,17.6222,True,6977,2025-09-09T14:04:48.700800+00:00,192,2,
FrodoKEM-976-SHAKE,KEM,0.5,512,4.799,5.5971,5.1342,15744,24,15720,15.5303,True,6978,2025-09-09T14:04:48.817525+00:00,192,2,
FrodoKEM-976-SHAKE,KEM,0.5,512,5.4887,6.0011,5.4641,15744,24,15720,16.9538,True,6979,2025-09-09T14:04:48.935417+00:00,192,2,
FrodoKEM-976-SHAKE,KEM,0.5,512,4.4747,4.2923,3.5886,15744,24,15720,12.3556,True,6980,2025-09-09T14:04:49.048867+00:00,192,2,
FrodoKEM-976-SHAKE,KEM,0.5,512,3.6541,3.914,4.501,15744,24,15720,12.0691,True,6981,2025-09-09T14:04:49.161770+00:00,192,2,
FrodoKEM-976-SHAKE,KEM,0.5,512,4.4285,4.64,4.4566,15744,24,15720,13.5252,True,6982,2025-09-09T14:04:49.276202+00:00,192,2,
FrodoKEM-976-SHAKE,KEM,0.5,512,3.7192,4.9154,5.2315,15744,24,15720,13.8662,True,6983,2025-09-09T14:04:49.391080+00:00,192,2,
FrodoKEM-976-SHAKE,KEM,0.5,512,5.2305,5.8484,5.6403,15744,24,15720,16.7193,True,6984,2025-09-09T14:04:49.508732+00:00,192,2,
FrodoKEM-976-SHAKE,KEM,0.5,512,6.003,13.6216,5.5183,15744,24,15720,25.1429,True,6985,2025-09-09T14:04:49.634882+00:00,192,2,
FrodoKEM-976-SHAKE,KEM,0.5,512,3.4654,3.7911,5.6074,15744,24,15720,12.8638,True,6986,2025-09-09T14:04:49.748406+00:00,192,2,
FrodoKEM-976-SHAKE,KEM,0.5,512,4.2934,4.8292,9.4173,15744,24,15720,18.5399,True,6987,2025-09-09T14:04:49.867986+00:00,192,2,
FrodoKEM-976-SHAKE,KEM,0.5,512,4.8173,10.2935,5.2648,15744,24,15720,20.3756,True,6988,2025-09-09T14:04:49.989573+00:00,192,2,
FrodoKEM-976-SHAKE,KEM,0.5,512,4.1658,6.2175,5.8869,15744,24,15720,16.2701,True,6989,2025-09-09T14:04:50.116220+00:00,192,2,
FrodoKEM-976-SHAKE,KEM,0.5,512,7.2934,5.1173,5.2939,15744,24,15720,17.7046,True,6990,2025-09-09T14:04:50.234633+00:00,192,2,
FrodoKEM-976-SHAKE,KEM,0.5,512,4.3473,5.0509,4.5808,15744,24,15720,13.979,True,6991,2025-09-09T14:04:50.350053+00:00,192,2,
FrodoKEM-976-SHAKE,KEM,0.5,512,4.7628,4.862,5.8104,15744,24,15720,15.4352,True,6992,2025-09-09T14:04:50.466439+00:00,192,2,
FrodoKEM-976-SHAKE,KEM,0.5,512,5.5437,4.9918,16.1295,15744,24,15720,26.6649,True,6993,2025-09-09T14:04:50.593856+00:00,192,2,
FrodoKEM-976-SHAKE,KEM,0.5,512,5.6885,6.1029,6.8182,15744,24,15720,18.6096,True,6994,2025-09-09T14:04:50.713361+00:00,192,2,
FrodoKEM-976-SHAKE,KEM,0.5,512,3.7919,6.2243,14.0471,15744,24,15720,24.0633,True,6995,2025-09-09T14:04:50.839018+00:00,192,2,
FrodoKEM-976-SHAKE,KEM,0.5,512,4.5465,4.5784,4.4936,15744,24,15720,13.6185,True,6996,2025-09-09T14:04:50.953345+00:00,192,2,
FrodoKEM-976-SHAKE,KEM,0.5,512,5.8732,11.7579,5.3547,15744,24,15720,22.9858,True,6997,2025-09-09T14:04:51.086719+00:00,192,2,
FrodoKEM-976-SHAKE,KEM,0.5,512,4.8584,4.074,4.0408,15744,24,15720,12.9732,True,6998,2025-09-09T14:04:51.200383+00:00,192,2,
FrodoKEM-976-SHAKE,KEM,0.5,512,4.4036,10.2423,5.5235,15744,24,15720,20.1694,True,6999,2025-09-09T14:04:51.321689+00:00,192,2,
FrodoKEM-976-SHAKE,KEM,0.5,512,4.2502,4.6264,5.5524,15744,24,15720,14.429,True,7000,2025-09-09T14:04:51.436816+00:00,192,2,
FrodoKEM-976-SHAKE,KEM,1.0,1024,4.7026,5.4428,4.9778,15744,24,15720,15.1233,True,7001,2025-09-09T14:04:51.552773+00:00,192,2,
FrodoKEM-976-SHAKE,KEM,1.0,1024,4.6765,3.9753,4.0118,15744,24,15720,12.6636,True,7002,2025-09-09T14:04:51.666282+00:00,192,2,
FrodoKEM-976-SHAKE,KEM,1.0,1024,4.4729,4.8701,4.4904,15744,24,15720,13.8335,True,7003,2025-09-09T14:04:51.780994+00:00,192,2,
FrodoKEM-976-SHAKE,KEM,1.0,1024,3.9166,6.5049,4.4362,15744,24,15720,14.8577,True,7004,2025-09-09T14:04:51.896677+00:00,192,2,
FrodoKEM-976-SHAKE,KEM,1.0,1024,4.6545,4.4979,4.5372,15744,24,15720,13.6895,True,7005,2025-09-09T14:04:52.011287+00:00,192,2,
FrodoKEM-976-SHAKE,KEM,1.0,1024,6.1946,4.721,4.8886,15744,24,15720,15.8042,True,7006,2025-09-09T14:04:52.127942+00:00,192,2,
FrodoKEM-976-SHAKE,KEM,1.0,1024,5.0829,4.719,4.903,15744,24,15720,14.7049,True,7007,2025-09-09T14:04:52.243815+00:00,192,2,
FrodoKEM-976-SHAKE,KEM,1.0,1024,4.3805,4.7258,5.4909,15744,24,15720,14.5972,True,7008,2025-09-09T14:04:52.367218+00:00,192,2,
FrodoKEM-976-SHAKE,KEM,1.0,1024,4.9334,8.8744,4.8253,15744,24,15720,18.6332,True,7009,2025-09-09T14:04:52.486777+00:00,192,2,
FrodoKEM-976-SHAKE,KEM,1.0,1024,8.3551,6.2975,6.4205,15744,24,15720,21.0731,True,7010,2025-09-09T14:04:52.609192+00:00,192,2,
FrodoKEM-976-SHAKE,KEM,1.0,1024,5.7431,4.6469,4.9623,15744,24,15720,15.3523,True,7011,2025-09-09T14:04:52.727143+00:00,192,2,
FrodoKEM-976-SHAKE,KEM,1.0,1024,4.1631,5.0988,4.4026,15744,24,15720,13.6646,True,7012,2025-09-09T14:04:52.841787+00:00,192,2,
FrodoKEM-976-SHAKE,KEM,1.0,1024,5.356,9.9012,5.6758,15744,24,15720,20.933,True,7013,2025-09-09T14:04:52.963567+00:00,192,2,
FrodoKEM-976-SHAKE,KEM,1.0,1024,4.125,3.9798,5.0635,15744,24,15720,13.1683,True,7014,2025-09-09T14:04:53.077668+00:00,192,2,
FrodoKEM-976-SHAKE,KEM,1.0,1024,5.2642,5.668,5.496,15744,24,15720,16.4283,True,7015,2025-09-09T14:04:53.194926+00:00,192,2,
FrodoKEM-976-SHAKE,KEM,1.0,1024,4.8813,4.849,5.1116,15744,24,15720,14.8419,True,7016,2025-09-09T14:04:53.310671+00:00,192,2,
FrodoKEM-976-SHAKE,KEM,1.0,1024,4.3212,4.8935,4.5867,15744,24,15720,13.8013,True,7017,2025-09-09T14:04:53.425488+00:00,192,2,
FrodoKEM-976-SHAKE,KEM,1.0,1024,4.7486,6.4868,6.8016,15744,24,15720,18.037,True,7018,2025-09-09T14:04:53.544447+00:00,192,2,
FrodoKEM-976-SHAKE,KEM,1.0,1024,4.8275,4.755,4.4662,15744,24,15720,14.0487,True,7019,2025-09-09T14:04:53.659393+00:00,192,2,
FrodoKEM-976-SHAKE,KEM,1.0,1024,3.5594,3.6178,3.6678,15744,24,15720,10.845,True,7020,2025-09-09T14:04:53.775122+00:00,192,2,
FrodoKEM-976-SHAKE,KEM,1.0,1024,4.4298,5.5883,5.1733,15744,24,15720,15.1914,True,7021,2025-09-09T14:04:53.891044+00:00,192,2,
FrodoKEM-976-SHAKE,KEM,1.0,1024,5.0507,6.1929,4.8358,15744,24,15720,16.0794,True,7022,2025-09-09T14:04:54.007939+00:00,192,2,
FrodoKEM-976-SHAKE,KEM,1.0,1024,4.9159,27.4405,4.6453,15744,24,15720,37.0017,True,7023,2025-09-09T14:04:54.145712+00:00,192,2,
FrodoKEM-976-SHAKE,KEM,1.0,1024,6.0092,5.4149,5.8703,15744,24,15720,17.2943,True,7024,2025-09-09T14:04:54.264080+00:00,192,2,
FrodoKEM-976-SHAKE,KEM,1.0,1024,3.9327,4.0918,4.1188,15744,24,15720,12.1433,True,7025,2025-09-09T14:04:54.377047+00:00,192,2,
FrodoKEM-976-SHAKE,KEM,1.0,1024,4.4586,4.4914,4.0348,15744,24,15720,12.9848,True,7026,2025-09-09T14:04:54.490773+00:00,192,2,
FrodoKEM-976-SHAKE,KEM,1.0,1024,5.6081,7.7449,5.8389,15744,24,15720,19.1919,True,7027,2025-09-09T14:04:54.610917+00:00,192,2,
FrodoKEM-976-SHAKE,KEM,1.0,1024,4.0618,4.0117,4.6531,15744,24,15720,12.7266,True,7028,2025-09-09T14:04:54.733271+00:00,192,2,
FrodoKEM-976-SHAKE,KEM,1.0,1024,4.1713,4.1556,4.9193,15744,24,15720,13.2463,True,7029,2025-09-09T14:04:54.847303+00:00,192,2,
FrodoKEM-976-SHAKE,KEM,1.0,1024,5.7705,7.6889,5.4733,15744,24,15720,18.9327,True,7030,2025-09-09T14:04:54.967153+00:00,192,2,
FrodoKEM-976-SHAKE,KEM,1.0,1024,4.8319,6.2666,5.2156,15744,24,15720,16.3141,True,7031,2025-09-09T14:04:55.084602+00:00,192,2,
FrodoKEM-976-SHAKE,KEM,1.0,1024,5.3071,5.0926,4.6436,15744,24,15720,15.0433,True,7032,2025-09-09T14:04:55.200625+00:00,192,2,
FrodoKEM-976-SHAKE,KEM,1.0,1024,4.1332,4.559,5.0096,15744,24,15720,13.7018,True,7033,2025-09-09T14:04:55.315191+00:00,192,2,
FrodoKEM-976-SHAKE,KEM,1.0,1024,5.7511,5.7649,5.8957,15744,24,15720,17.4117,True,7034,2025-09-09T14:04:55.433474+00:00,192,2,
FrodoKEM-976-SHAKE,KEM,1.0,1024,4.2305,4.8853,4.2978,15744,24,15720,13.4136,True,7035,2025-09-09T14:04:55.547848+00:00,192,2,
FrodoKEM-976-SHAKE,KEM,1.0,1024,4.6615,5.2313,4.7371,15744,24,15720,14.6299,True,7036,2025-09-09T14:04:55.663315+00:00,192,2,
FrodoKEM-976-SHAKE,KEM,1.0,1024,3.6731,4.5586,3.8945,15744,24,15720,12.1262,True,7037,2025-09-09T14:04:55.776276+00:00,192,2,
FrodoKEM-976-SHAKE,KEM,1.0,1024,4.558,4.9589,4.2675,15744,24,15720,13.7845,True,7038,2025-09-09T14:04:55.890896+00:00,192,2,
FrodoKEM-976-SHAKE,KEM,1.0,1024,4.1793,6.1215,10.2675,15744,24,15720,20.5682,True,7039,2025-09-09T14:04:56.012286+00:00,192,2,
FrodoKEM-976-SHAKE,KEM,1.0,1024,4.4696,5.7996,6.1514,15744,24,15720,16.4206,True,7040,2025-09-09T14:04:56.129462+00:00,192,2,
FrodoKEM-976-SHAKE,KEM,1.0,1024,5.7298,5.0998,5.2996,15744,24,15720,16.1292,True,7041,2025-09-09T14:04:56.246409+00:00,192,2,
FrodoKEM-976-SHAKE,KEM,1.0,1024,4.353,8.4948,5.2885,15744,24,15720,18.1363,True,7042,2025-09-09T14:04:56.365443+00:00,192,2,
FrodoKEM-976-SHAKE,KEM,1.0,1024,3.6425,4.491,4.0631,15744,24,15720,12.1965,True,7043,2025-09-09T14:04:56.478479+00:00,192,2,
FrodoKEM-976-SHAKE,KEM,1.0,1024,5.1938,5.2133,4.9322,15744,24,15720,15.3393,True,7044,2025-09-09T14:04:56.594654+00:00,192,2,
FrodoKEM-976-SHAKE,KEM,1.0,1024,4.7154,4.5033,4.6228,15744,24,15720,13.8415,True,7045,2025-09-09T14:04:56.709449+00:00,192,2,
FrodoKEM-976-SHAKE,KEM,1.0,1024,5.2875,5.1583,5.0356,15744,24,15720,15.4814,True,7046,2025-09-09T14:04:56.826355+00:00,192,2,
FrodoKEM-976-SHAKE,KEM,1.0,1024,4.5815,12.0649,4.6346,15744,24,15720,21.281,True,7047,2025-09-09T14:04:56.948551+00:00,192,2,
FrodoKEM-976-SHAKE,KEM,1.0,1024,4.7276,5.1789,4.5951,15744,24,15720,14.5017,True,7048,2025-09-09T14:04:57.063915+00:00,192,2,
FrodoKEM-976-SHAKE,KEM,1.0,1024,4.9036,5.0376,4.5954,15744,24,15720,14.5366,True,7049,2025-09-09T14:04:57.179375+00:00,192,2,
FrodoKEM-976-SHAKE,KEM,1.0,1024,4.2295,5.561,4.5309,15744,24,15720,14.3214,True,7050,2025-09-09T14:04:57.294612+00:00,192,2,
FrodoKEM-976-SHAKE,KEM,2.0,2048,4.2384,7.0552,10.1785,15744,24,15720,21.4721,True,7051,2025-09-09T14:04:57.417473+00:00,192,2,
FrodoKEM-976-SHAKE,KEM,2.0,2048,4.0677,6.9744,4.3636,15744,24,15720,15.4057,True,7052,2025-09-09T14:04:57.536880+00:00,192,2,
FrodoKEM-976-SHAKE,KEM,2.0,2048,6.549,5.3924,5.8678,15744,24,15720,17.8093,True,7053,2025-09-09T14:04:57.656997+00:00,192,2,
FrodoKEM-976-SHAKE,KEM,2.0,2048,5.359,6.0512,6.0195,15744,24,15720,17.4298,True,7054,2025-09-09T14:04:57.775652+00:00,192,2,
FrodoKEM-976-SHAKE,KEM,2.0,2048,4.5148,4.6955,4.8754,15744,24,15720,14.0857,True,7055,2025-09-09T14:04:57.890686+00:00,192,2,
FrodoKEM-976-SHAKE,KEM,2.0,2048,4.4105,4.7328,4.2145,15744,24,15720,13.3578,True,7056,2025-09-09T14:04:58.005217+00:00,192,2,
FrodoKEM-976-SHAKE,KEM,2.0,2048,4.3347,4.894,4.2308,15744,24,15720,13.4595,True,7057,2025-09-09T14:04:58.119998+00:00,192,2,
FrodoKEM-976-SHAKE,KEM,2.0,2048,4.4156,5.9907,5.4879,15744,24,15720,15.8942,True,7058,2025-09-09T14:04:58.237157+00:00,192,2,
FrodoKEM-976-SHAKE,KEM,2.0,2048,4.8564,18.2905,4.4904,15744,24,15720,27.6373,True,7059,2025-09-09T14:04:58.366350+00:00,192,2,
FrodoKEM-976-SHAKE,KEM,2.0,2048,3.8934,5.1444,4.7775,15744,24,15720,13.8153,True,7060,2025-09-09T14:04:58.482197+00:00,192,2,
FrodoKEM-976-SHAKE,KEM,2.0,2048,5.5004,10.5483,10.0072,15744,24,15720,26.056,True,7061,2025-09-09T14:04:58.609288+00:00,192,2,
FrodoKEM-976-SHAKE,KEM,2.0,2048,5.1908,5.8504,5.2149,15744,24,15720,16.2561,True,7062,2025-09-09T14:04:58.726544+00:00,192,2,
FrodoKEM-976-SHAKE,KEM,2.0,2048,5.1053,4.984,5.1356,15744,24,15720,15.2249,True,7063,2025-09-09T14:04:58.842903+00:00,192,2,
FrodoKEM-976-SHAKE,KEM,2.0,2048,4.7228,5.9157,5.137,15744,24,15720,15.7754,True,7064,2025-09-09T14:04:58.959827+00:00,192,2,
FrodoKEM-976-SHAKE,KEM,2.0,2048,4.9539,4.6692,5.2744,15744,24,15720,14.8975,True,7065,2025-09-09T14:04:59.076099+00:00,192,2,
FrodoKEM-976-SHAKE,KEM,2.0,2048,4.606,5.1951,4.2028,15744,24,15720,14.0038,True,7066,2025-09-09T14:04:59.191368+00:00,192,2,
FrodoKEM-976-SHAKE,KEM,2.0,2048,5.1683,4.3958,6.1911,15744,24,15720,15.7552,True,7067,2025-09-09T14:04:59.311949+00:00,192,2,
FrodoKEM-976-SHAKE,KEM,2.0,2048,4.7712,4.7955,4.5665,15744,24,15720,14.1331,True,7068,2025-09-09T14:04:59.442532+00:00,192,2,
FrodoKEM-976-SHAKE,KEM,2.0,2048,5.2003,5.8207,4.2038,15744,24,15720,15.2249,True,7069,2025-09-09T14:04:59.558947+00:00,192,2,
FrodoKEM-976-SHAKE,KEM,2.0,2048,4.3459,4.7145,4.7094,15744,24,15720,13.7697,True,7070,2025-09-09T14:04:59.673693+00:00,192,2,
FrodoKEM-976-SHAKE,KEM,2.0,2048,5.7538,6.0763,6.0091,15744,24,15720,17.8392,True,7071,2025-09-09T14:04:59.792707+00:00,192,2,
FrodoKEM-976-SHAKE,KEM,2.0,2048,3.837,4.4458,3.9745,15744,24,15720,12.2573,True,7072,2025-09-09T14:04:59.906363+00:00,192,2,
FrodoKEM-976-SHAKE,KEM,2.0,2048,4.2669,5.0138,4.4813,15744,24,15720,13.762,True,7073,2025-09-09T14:05:00.021190+00:00,192,2,
FrodoKEM-976-SHAKE,KEM,2.0,2048,4.7919,4.7952,4.6691,15744,24,15720,14.2561,True,7074,2025-09-09T14:05:00.137216+00:00,192,2,
FrodoKEM-976-SHAKE,KEM,2.0,2048,4.2417,4.4331,4.4192,15744,24,15720,13.094,True,7075,2025-09-09T14:05:00.251452+00:00,192,2,
FrodoKEM-976-SHAKE,KEM,2.0,2048,5.3146,5.013,4.0849,15744,24,15720,14.4125,True,7076,2025-09-09T14:05:00.367770+00:00,192,2,
FrodoKEM-976-SHAKE,KEM,2.0,2048,5.0012,4.7494,4.7689,15744,24,15720,14.5195,True,7077,2025-09-09T14:05:00.483247+00:00,192,2,
FrodoKEM-976-SHAKE,KEM,2.0,2048,4.6204,5.7293,7.7393,15744,24,15720,18.089,True,7078,2025-09-09T14:05:00.602476+00:00,192,2,
FrodoKEM-976-SHAKE,KEM,2.0,2048,5.3491,4.7955,5.3197,15744,24,15720,15.4643,True,7079,2025-09-09T14:05:00.719042+00:00,192,2,
FrodoKEM-976-SHAKE,KEM,2.0,2048,4.1061,9.8634,8.989,15744,24,15720,22.9585,True,7080,2025-09-09T14:05:00.843236+00:00,192,2,
FrodoKEM-976-SHAKE,KEM,2.0,2048,4.0142,4.1122,4.4594,15744,24,15720,12.5859,True,7081,2025-09-09T14:05:00.957578+00:00,192,2,
FrodoKEM-976-SHAKE,KEM,2.0,2048,4.4089,5.3745,6.5609,15744,24,15720,16.3443,True,7082,2025-09-09T14:05:01.075005+00:00,192,2,
FrodoKEM-976-SHAKE,KEM,2.0,2048,5.6817,7.6507,4.8088,15744,24,15720,18.1412,True,7083,2025-09-09T14:05:01.196101+00:00,192,2,
FrodoKEM-976-SHAKE,KEM,2.0,2048,18.4928,14.6318,6.7759,15744,24,15720,39.9005,True,7084,2025-09-09T14:05:01.337678+00:00,192,2,
FrodoKEM-976-SHAKE,KEM,2.0,2048,4.6366,6.2858,5.9301,15744,24,15720,16.8525,True,7085,2025-09-09T14:05:01.455651+00:00,192,2,
FrodoKEM-976-SHAKE,KEM,2.0,2048,4.2514,14.4284,4.5614,15744,24,15720,23.2412,True,7086,2025-09-09T14:05:01.580154+00:00,192,2,
FrodoKEM-976-SHAKE,KEM,2.0,2048,4.5075,4.5668,14.3467,15744,24,15720,23.421,True,7087,2025-09-09T14:05:01.704522+00:00,192,2,
FrodoKEM-976-SHAKE,KEM,2.0,2048,6.3716,6.1412,5.4996,15744,24,15720,18.0124,True,7088,2025-09-09T14:05:01.823816+00:00,192,2,
FrodoKEM-976-SHAKE,KEM,2.0,2048,4.0123,10.0948,10.4364,15744,24,15720,24.5435,True,7089,2025-09-09T14:05:01.949377+00:00,192,2,
FrodoKEM-976-SHAKE,KEM,2.0,2048,4.2534,9.7962,11.8826,15744,24,15720,25.9323,True,7090,2025-09-09T14:05:02.076421+00:00,192,2,
FrodoKEM-976-SHAKE,KEM,2.0,2048,6.2954,20.3653,6.7399,15744,24,15720,33.4007,True,7091,2025-09-09T14:05:02.210878+00:00,192,2,
FrodoKEM-976-SHAKE,KEM,2.0,2048,5.2568,10.8092,41.7809,15744,24,15720,57.8468,True,7092,2025-09-09T14:05:02.369877+00:00,192,2,
FrodoKEM-976-SHAKE,KEM,2.0,2048,5.5764,14.5064,8.9122,15744,24,15720,28.995,True,7093,2025-09-09T14:05:02.501191+00:00,192,2,
FrodoKEM-976-SHAKE,KEM,2.0,2048,4.7868,13.3299,13.5932,15744,24,15720,31.7099,True,7094,2025-09-09T14:05:02.640372+00:00,192,2,
FrodoKEM-976-SHAKE,KEM,2.0,2048,4.9067,13.4446,9.7884,15744,24,15720,28.1397,True,7095,2025-09-09T14:05:02.769567+00:00,192,2,
FrodoKEM-976-SHAKE,KEM,2.0,2048,4.3945,13.3348,4.4297,15744,24,15720,22.159,True,7096,2025-09-09T14:05:02.892743+00:00,192,2,
FrodoKEM-976-SHAKE,KEM,2.0,2048,4.1114,8.7012,5.4217,15744,24,15720,18.2343,True,7097,2025-09-09T14:05:03.012201+00:00,192,2,
FrodoKEM-976-SHAKE,KEM,2.0,2048,3.9424,9.9698,13.7795,15744,24,15720,27.6917,True,7098,2025-09-09T14:05:03.141165+00:00,192,2,
FrodoKEM-976-SHAKE,KEM,2.0,2048,4.1428,4.5756,15.9534,15744,24,15720,24.6718,True,7099,2025-09-09T14:05:03.266773+00:00,192,2,
FrodoKEM-976-SHAKE,KEM,2.0,2048,5.3435,5.4358,5.1667,15744,24,15720,15.9459,True,7100,2025-09-09T14:05:03.383849+00:00,192,2,
FrodoKEM-976-SHAKE,KEM,5.0,5120,3.8314,4.0774,19.8281,15744,24,15720,27.737,True,7101,2025-09-09T14:05:03.517504+00:00,192,2,
FrodoKEM-976-SHAKE,KEM,5.0,5120,5.0776,12.987,6.2578,15744,24,15720,24.3224,True,7102,2025-09-09T14:05:03.644629+00:00,192,2,
FrodoKEM-976-SHAKE,KEM,5.0,5120,4.1779,5.3265,5.2916,15744,24,15720,14.796,True,7103,2025-09-09T14:05:03.761052+00:00,192,2,
FrodoKEM-976-SHAKE,KEM,5.0,5120,5.6111,14.466,14.8091,15744,24,15720,34.8862,True,7104,2025-09-09T14:05:03.898698+00:00,192,2,
FrodoKEM-976-SHAKE,KEM,5.0,5120,8.6606,9.7157,4.6048,15744,24,15720,22.9811,True,7105,2025-09-09T14:05:04.023395+00:00,192,2,
FrodoKEM-976-SHAKE,KEM,5.0,5120,5.0018,13.8334,8.9677,15744,24,15720,27.8028,True,7106,2025-09-09T14:05:04.153135+00:00,192,2,
FrodoKEM-976-SHAKE,KEM,5.0,5120,6.2639,5.1307,13.4632,15744,24,15720,24.8578,True,7107,2025-09-09T14:05:04.279649+00:00,192,2,
FrodoKEM-976-SHAKE,KEM,5.0,5120,4.4541,11.1229,5.6948,15744,24,15720,21.2718,True,7108,2025-09-09T14:05:04.402886+00:00,192,2,
FrodoKEM-976-SHAKE,KEM,5.0,5120,9.0833,6.0363,12.0547,15744,24,15720,27.1743,True,7109,2025-09-09T14:05:04.535423+00:00,192,2,
FrodoKEM-976-SHAKE,KEM,5.0,5120,4.323,5.5155,4.589,15744,24,15720,14.4275,True,7110,2025-09-09T14:05:04.652148+00:00,192,2,
FrodoKEM-976-SHAKE,KEM,5.0,5120,4.1923,4.5374,5.1112,15744,24,15720,13.841,True,7111,2025-09-09T14:05:04.767910+00:00,192,2,
FrodoKEM-976-SHAKE,KEM,5.0,5120,5.4037,5.0476,4.9233,15744,24,15720,15.3746,True,7112,2025-09-09T14:05:04.885134+00:00,192,2,
FrodoKEM-976-SHAKE,KEM,5.0,5120,4.4595,4.8688,4.7121,15744,24,15720,14.0405,True,7113,2025-09-09T14:05:05.010479+00:00,192,2,
FrodoKEM-976-SHAKE,KEM,5.0,5120,5.2297,5.2866,5.1049,15744,24,15720,15.6212,True,7114,2025-09-09T14:05:05.127909+00:00,192,2,
FrodoKEM-976-SHAKE,KEM,5.0,5120,4.8954,4.2723,4.0619,15744,24,15720,13.2297,True,7115,2025-09-09T14:05:05.244871+00:00,192,2,
FrodoKEM-976-SHAKE,KEM,5.0,5120,6.1957,5.3808,5.7772,15744,24,15720,17.3536,True,7116,2025-09-09T14:05:05.366331+00:00,192,2,
FrodoKEM-976-SHAKE,KEM,5.0,5120,4.3578,7.8037,4.3648,15744,24,15720,16.5262,True,7117,2025-09-09T14:05:05.491287+00:00,192,2,
FrodoKEM-976-SHAKE,KEM,5.0,5120,4.1146,5.1688,18.1108,15744,24,15720,27.3942,True,7118,2025-09-09T14:05:05.622498+00:00,192,2,
FrodoKEM-976-SHAKE,KEM,5.0,5120,5.0996,8.3518,7.4006,15744,24,15720,20.852,True,7119,2025-09-09T14:05:05.745380+00:00,192,2,
FrodoKEM-976-SHAKE,KEM,5.0,5120,4.8086,5.7647,6.571,15744,24,15720,17.1442,True,7120,2025-09-09T14:05:05.865323+00:00,192,2,
FrodoKEM-976-SHAKE,KEM,5.0,5120,4.5906,6.733,5.4949,15744,24,15720,16.8184,True,7121,2025-09-09T14:05:05.987005+00:00,192,2,
FrodoKEM-976-SHAKE,KEM,5.0,5120,4.5054,4.7281,4.6677,15744,24,15720,13.9012,True,7122,2025-09-09T14:05:06.111315+00:00,192,2,
FrodoKEM-976-SHAKE,KEM,5.0,5120,3.7102,4.1228,12.3531,15744,24,15720,20.186,True,7123,2025-09-09T14:05:06.233676+00:00,192,2,
FrodoKEM-976-SHAKE,KEM,5.0,5120,4.4452,4.9783,16.0472,15744,24,15720,25.4707,True,7124,2025-09-09T14:05:06.366274+00:00,192,2,
FrodoKEM-976-SHAKE,KEM,5.0,5120,5.0799,5.1098,5.39,15744,24,15720,15.5797,True,7125,2025-09-09T14:05:06.484006+00:00,192,2,
FrodoKEM-976-SHAKE,KEM,5.0,5120,4.3256,5.3173,4.5777,15744,24,15720,14.2207,True,7126,2025-09-09T14:05:06.600110+00:00,192,2,
FrodoKEM-976-SHAKE,KEM,5.0,5120,4.239,4.2037,3.814,15744,24,15720,12.2567,True,7127,2025-09-09T14:05:06.714400+00:00,192,2,
FrodoKEM-976-SHAKE,KEM,5.0,5120,5.1803,5.5807,10.7954,15744,24,15720,21.5564,True,7128,2025-09-09T14:05:06.837758+00:00,192,2,
FrodoKEM-976-SHAKE,KEM,5.0,5120,4.4811,10.1021,13.0743,15744,24,15720,27.6575,True,7129,2025-09-09T14:05:06.967275+00:00,192,2,
FrodoKEM-976-SHAKE,KEM,5.0,5120,5.2495,4.902,4.3304,15744,24,15720,14.4819,True,7130,2025-09-09T14:05:07.083978+00:00,192,2,
FrodoKEM-976-SHAKE,KEM,5.0,5120,4.9454,5.8832,8.7711,15744,24,15720,19.5997,True,7131,2025-09-09T14:05:07.205574+00:00,192,2,
FrodoKEM-976-SHAKE,KEM,5.0,5120,4.476,4.8098,4.5397,15744,24,15720,13.8255,True,7132,2025-09-09T14:05:07.322091+00:00,192,2,
FrodoKEM-976-SHAKE,KEM,5.0,5120,4.2962,6.9984,4.5281,15744,24,15720,15.8228,True,7133,2025-09-09T14:05:07.447206+00:00,192,2,
FrodoKEM-976-SHAKE,KEM,5.0,5120,5.2113,5.6228,5.1866,15744,24,15720,16.0207,True,7134,2025-09-09T14:05:07.565265+00:00,192,2,
FrodoKEM-976-SHAKE,KEM,5.0,5120,4.5384,6.1376,4.5801,15744,24,15720,15.2561,True,7135,2025-09-09T14:05:07.682176+00:00,192,2,
FrodoKEM-976-SHAKE,KEM,5.0,5120,4.8715,4.9203,4.8145,15744,24,15720,14.6064,True,7136,2025-09-09T14:05:07.798807+00:00,192,2,
FrodoKEM-976-SHAKE,KEM,5.0,5120,8.1145,4.9503,7.5614,15744,24,15720,20.6262,True,7137,2025-09-09T14:05:07.921159+00:00,192,2,
FrodoKEM-976-SHAKE,KEM,5.0,5120,4.1552,4.9688,4.4009,15744,24,15720,13.5249,True,7138,2025-09-09T14:05:08.036493+00:00,192,2,
FrodoKEM-976-SHAKE,KEM,5.0,5120,6.8367,5.7497,6.4643,15744,24,15720,19.0508,True,7139,2025-09-09T14:05:08.157893+00:00,192,2,
FrodoKEM-976-SHAKE,KEM,5.0,5120,4.42,5.3508,5.2393,15744,24,15720,15.01,True,7140,2025-09-09T14:05:08.274804+00:00,192,2,
FrodoKEM-976-SHAKE,KEM,5.0,5120,9.0313,6.6787,6.629,15744,24,15720,22.3389,True,7141,2025-09-09T14:05:08.407239+00:00,192,2,
FrodoKEM-976-SHAKE,KEM,5.0,5120,5.3722,9.8601,5.5928,15744,24,15720,20.825,True,7142,2025-09-09T14:05:08.540121+00:00,192,2,
FrodoKEM-976-SHAKE,KEM,5.0,5120,5.2312,5.5581,4.4894,15744,24,15720,15.2786,True,7143,2025-09-09T14:05:08.657468+00:00,192,2,
FrodoKEM-976-SHAKE,KEM,5.0,5120,8.5192,6.8616,4.6391,15744,24,15720,20.0199,True,7144,2025-09-09T14:05:08.780081+00:00,192,2,
FrodoKEM-976-SHAKE,KEM,5.0,5120,4.3133,5.7054,5.7845,15744,24,15720,15.8032,True,7145,2025-09-09T14:05:08.899158+00:00,192,2,
FrodoKEM-976-SHAKE,KEM,5.0,5120,4.1931,10.2436,11.7345,15744,24,15720,26.1712,True,7146,2025-09-09T14:05:09.028835+00:00,192,2,
FrodoKEM-976-SHAKE,KEM,5.0,5120,7.1159,8.0773,5.1891,15744,24,15720,20.3824,True,7147,2025-09-09T14:05:09.151216+00:00,192,2,
FrodoKEM-976-SHAKE,KEM,5.0,5120,5.7759,5.0283,5.2739,15744,24,15720,16.0781,True,7148,2025-09-09T14:05:09.269732+00:00,192,2,
FrodoKEM-976-SHAKE,KEM,5.0,5120,4.5594,5.0734,4.4323,15744,24,15720,14.0652,True,7149,2025-09-09T14:05:09.395515+00:00,192,2,
FrodoKEM-976-SHAKE,KEM,5.0,5120,4.9598,6.0209,5.9543,15744,24,15720,16.935,True,7150,2025-09-09T14:05:09.514245+00:00,192,2,
FrodoKEM-976-SHAKE,KEM,10.0,10240,7.031,6.5025,4.6778,15744,24,15720,18.2113,True,7151,2025-09-09T14:05:09.638826+00:00,192,2,
FrodoKEM-976-SHAKE,KEM,10.0,10240,5.2735,6.1986,5.6772,15744,24,15720,17.1493,True,7152,2025-09-09T14:05:09.759600+00:00,192,2,
FrodoKEM-976-SHAKE,KEM,10.0,10240,5.219,4.9923,5.342,15744,24,15720,15.5533,True,7153,2025-09-09T14:05:09.880062+00:00,192,2,
FrodoKEM-976-SHAKE,KEM,10.0,10240,3.7604,4.3643,5.1284,15744,24,15720,13.2531,True,7154,2025-09-09T14:05:10.006260+00:00,192,2,
FrodoKEM-976-SHAKE,KEM,10.0,10240,5.5512,4.1143,5.8125,15744,24,15720,15.478,True,7155,2025-09-09T14:05:10.140550+00:00,192,2,
FrodoKEM-976-SHAKE,KEM,10.0,10240,4.2987,6.2213,5.9641,15744,24,15720,16.4841,True,7156,2025-09-09T14:05:10.270190+00:00,192,2,
FrodoKEM-976-SHAKE,KEM,10.0,10240,8.4352,10.2052,5.0351,15744,24,15720,23.6755,True,7157,2025-09-09T14:05:10.398542+00:00,192,2,
FrodoKEM-976-SHAKE,KEM,10.0,10240,5.9246,6.0155,6.1394,15744,24,15720,18.0795,True,7158,2025-09-09T14:05:10.521760+00:00,192,2,
FrodoKEM-976-SHAKE,KEM,10.0,10240,5.4019,5.2863,4.4703,15744,24,15720,15.1585,True,7159,2025-09-09T14:05:10.642463+00:00,192,2,
FrodoKEM-976-SHAKE,KEM,10.0,10240,5.0168,5.0551,3.9939,15744,24,15720,14.0657,True,7160,2025-09-09T14:05:10.760631+00:00,192,2,
FrodoKEM-976-SHAKE,KEM,10.0,10240,5.5153,4.4085,4.3259,15744,24,15720,14.2497,True,7161,2025-09-09T14:05:10.877673+00:00,192,2,
FrodoKEM-976-SHAKE,KEM,10.0,10240,5.2044,4.9279,5.0514,15744,24,15720,15.1836,True,7162,2025-09-09T14:05:10.996031+00:00,192,2,
FrodoKEM-976-SHAKE,KEM,10.0,10240,4.265,4.8939,4.7098,15744,24,15720,13.8688,True,7163,2025-09-09T14:05:11.112594+00:00,192,2,
FrodoKEM-976-SHAKE,KEM,10.0,10240,4.8855,5.2331,5.1847,15744,24,15720,15.3033,True,7164,2025-09-09T14:05:11.231268+00:00,192,2,
FrodoKEM-976-SHAKE,KEM,10.0,10240,18.5555,6.3602,9.8582,15744,24,15720,34.7739,True,7165,2025-09-09T14:05:11.368798+00:00,192,2,
FrodoKEM-976-SHAKE,KEM,10.0,10240,5.5539,6.2033,6.0516,15744,24,15720,17.8088,True,7166,2025-09-09T14:05:11.490366+00:00,192,2,
FrodoKEM-976-SHAKE,KEM,10.0,10240,5.9598,4.7896,5.3166,15744,24,15720,16.0659,True,7167,2025-09-09T14:05:11.618409+00:00,192,2,
FrodoKEM-976-SHAKE,KEM,10.0,10240,4.1429,4.0395,4.2712,15744,24,15720,12.4536,True,7168,2025-09-09T14:05:11.735035+00:00,192,2,
FrodoKEM-976-SHAKE,KEM,10.0,10240,4.1666,3.9969,3.8357,15744,24,15720,11.9992,True,7169,2025-09-09T14:05:11.855172+00:00,192,2,
FrodoKEM-976-SHAKE,KEM,10.0,10240,4.2676,4.274,4.308,15744,24,15720,12.8496,True,7170,2025-09-09T14:05:11.971001+00:00,192,2,
FrodoKEM-976-SHAKE,KEM,10.0,10240,5.82,5.9831,5.6306,15744,24,15720,17.4338,True,7171,2025-09-09T14:05:12.091664+00:00,192,2,
FrodoKEM-976-SHAKE,KEM,10.0,10240,5.9847,6.2877,6.3772,15744,24,15720,18.6496,True,7172,2025-09-09T14:05:12.214085+00:00,192,2,
FrodoKEM-976-SHAKE,KEM,10.0,10240,6.1809,6.3428,6.4418,15744,24,15720,18.9654,True,7173,2025-09-09T14:05:12.337028+00:00,192,2,
FrodoKEM-976-SHAKE,KEM,10.0,10240,5.6641,4.6978,10.6376,15744,24,15720,20.9995,True,7174,2025-09-09T14:05:12.460594+00:00,192,2,
FrodoKEM-976-SHAKE,KEM,10.0,10240,4.4512,4.1325,4.2946,15744,24,15720,12.8783,True,7175,2025-09-09T14:05:12.577081+00:00,192,2,
FrodoKEM-976-SHAKE,KEM,10.0,10240,4.3905,6.1447,5.3724,15744,24,15720,15.9076,True,7176,2025-09-09T14:05:12.698159+00:00,192,2,
FrodoKEM-976-SHAKE,KEM,10.0,10240,5.1321,4.6884,5.123,15744,24,15720,14.9435,True,7177,2025-09-09T14:05:12.816559+00:00,192,2,
FrodoKEM-976-SHAKE,KEM,10.0,10240,13.4451,4.8006,4.5768,15744,24,15720,22.8226,True,7178,2025-09-09T14:05:12.961009+00:00,192,2,
FrodoKEM-976-SHAKE,KEM,10.0,10240,3.7852,4.3196,4.6318,15744,24,15720,12.7366,True,7179,2025-09-09T14:05:13.077685+00:00,192,2,
FrodoKEM-976-SHAKE,KEM,10.0,10240,4.4253,8.3967,4.768,15744,24,15720,17.59,True,7180,2025-09-09T14:05:13.198110+00:00,192,2,
FrodoKEM-976-SHAKE,KEM,10.0,10240,13.2202,11.4677,3.8382,15744,24,15720,28.5261,True,7181,2025-09-09T14:05:13.329965+00:00,192,2,
FrodoKEM-976-SHAKE,KEM,10.0,10240,3.9333,4.4093,4.4072,15744,24,15720,12.7498,True,7182,2025-09-09T14:05:13.447571+00:00,192,2,
FrodoKEM-976-SHAKE,KEM,10.0,10240,6.1787,4.6041,15.4723,15744,24,15720,26.2551,True,7183,2025-09-09T14:05:13.577208+00:00,192,2,
FrodoKEM-976-SHAKE,KEM,10.0,10240,4.1901,5.3329,3.8157,15744,24,15720,13.3387,True,7184,2025-09-09T14:05:13.694383+00:00,192,2,
FrodoKEM-976-SHAKE,KEM,10.0,10240,4.9838,5.9214,4.9423,15744,24,15720,15.8475,True,7185,2025-09-09T14:05:13.812971+00:00,192,2,
FrodoKEM-976-SHAKE,KEM,10.0,10240,4.2898,5.0341,4.0816,15744,24,15720,13.4055,True,7186,2025-09-09T14:05:13.930552+00:00,192,2,
FrodoKEM-976-SHAKE,KEM,10.0,10240,6.8478,4.5485,9.6066,15744,24,15720,21.0029,True,7187,2025-09-09T14:05:14.054307+00:00,192,2,
FrodoKEM-976-SHAKE,KEM,10.0,10240,4.8555,4.5126,5.1729,15744,24,15720,14.541,True,7188,2025-09-09T14:05:14.171723+00:00,192,2,
FrodoKEM-976-SHAKE,KEM,10.0,10240,4.3195,5.2338,5.0309,15744,24,15720,14.5843,True,7189,2025-09-09T14:05:14.290444+00:00,192,2,
FrodoKEM-976-SHAKE,KEM,10.0,10240,4.1102,13.0669,4.1495,15744,24,15720,21.3266,True,7190,2025-09-09T14:05:14.415149+00:00,192,2,
FrodoKEM-976-SHAKE,KEM,10.0,10240,7.8758,4.0027,8.3042,15744,24,15720,20.1827,True,7191,2025-09-09T14:05:14.549021+00:00,192,2,
FrodoKEM-976-SHAKE,KEM,10.0,10240,12.0345,12.4301,8.5077,15744,24,15720,32.9723,True,7192,2025-09-09T14:05:14.685437+00:00,192,2,
FrodoKEM-976-SHAKE,KEM,10.0,10240,11.1718,6.7728,12.4656,15744,24,15720,30.4102,True,7193,2025-09-09T14:05:14.819380+00:00,192,2,
FrodoKEM-976-SHAKE,KEM,10.0,10240,4.3962,5.9539,4.8862,15744,24,15720,15.2364,True,7194,2025-09-09T14:05:14.937500+00:00,192,2,
FrodoKEM-976-SHAKE,KEM,10.0,10240,6.5926,4.4238,4.4673,15744,24,15720,15.4837,True,7195,2025-09-09T14:05:15.055886+00:00,192,2,
FrodoKEM-976-SHAKE,KEM,10.0,10240,4.5742,12.0762,4.5495,15744,24,15720,21.1999,True,7196,2025-09-09T14:05:15.180589+00:00,192,2,
FrodoKEM-976-SHAKE,KEM,10.0,10240,4.8918,4.5659,5.0327,15744,24,15720,14.4904,True,7197,2025-09-09T14:05:15.311309+00:00,192,2,
FrodoKEM-976-SHAKE,KEM,10.0,10240,8.5375,4.8247,4.9939,15744,24,15720,18.3561,True,7198,2025-09-09T14:05:15.447746+00:00,192,2,
FrodoKEM-976-SHAKE,KEM,10.0,10240,4.3903,4.5362,4.8932,15744,24,15720,13.8197,True,7199,2025-09-09T14:05:15.564193+00:00,192,2,
FrodoKEM-976-SHAKE,KEM,10.0,10240,11.1445,5.7032,4.4522,15744,24,15720,21.2999,True,7200,2025-09-09T14:05:15.703401+00:00,192,2,
FrodoKEM-1344-AES,KEM,0.1,102,4.911,4.2227,5.8111,21632,32,21600,14.9448,True,7201,2025-09-09T14:05:15.821134+00:00,256,3,
FrodoKEM-1344-AES,KEM,0.1,102,3.2161,7.2516,4.4275,21632,32,21600,14.8952,True,7202,2025-09-09T14:05:15.939821+00:00,256,3,
FrodoKEM-1344-AES,KEM,0.1,102,3.8764,4.4093,6.0442,21632,32,21600,14.33,True,7203,2025-09-09T14:05:16.060117+00:00,256,3,
FrodoKEM-1344-AES,KEM,0.1,102,3.1678,4.3372,4.1091,21632,32,21600,11.6141,True,7204,2025-09-09T14:05:16.172535+00:00,256,3,
FrodoKEM-1344-AES,KEM,0.1,102,3.102,3.7694,3.4802,21632,32,21600,10.3517,True,7205,2025-09-09T14:05:16.296256+00:00,256,3,
FrodoKEM-1344-AES,KEM,0.1,102,3.4745,3.8746,6.0387,21632,32,21600,13.3879,True,7206,2025-09-09T14:05:16.414853+00:00,256,3,
FrodoKEM-1344-AES,KEM,0.1,102,3.024,3.749,3.1083,21632,32,21600,9.8814,True,7207,2025-09-09T14:05:16.525593+00:00,256,3,
FrodoKEM-1344-AES,KEM,0.1,102,2.8697,3.6367,3.3918,21632,32,21600,9.8983,True,7208,2025-09-09T14:05:16.637428+00:00,256,3,
FrodoKEM-1344-AES,KEM,0.1,102,3.0652,4.8009,3.8526,21632,32,21600,11.7187,True,7209,2025-09-09T14:05:16.750679+00:00,256,3,
FrodoKEM-1344-AES,KEM,0.1,102,3.1265,3.89,3.9055,21632,32,21600,10.922,True,7210,2025-09-09T14:05:16.862604+00:00,256,3,
FrodoKEM-1344-AES,KEM,0.1,102,3.2874,3.5544,3.9739,21632,32,21600,10.8157,True,7211,2025-09-09T14:05:16.974449+00:00,256,3,
FrodoKEM-1344-AES,KEM,0.1,102,10.7021,4.5816,9.3268,21632,32,21600,24.6105,True,7212,2025-09-09T14:05:17.100730+00:00,256,3,
FrodoKEM-1344-AES,KEM,0.1,102,2.8853,3.6032,3.4715,21632,32,21600,9.9601,True,7213,2025-09-09T14:05:17.216555+00:00,256,3,
FrodoKEM-1344-AES,KEM,0.1,102,4.5308,4.3976,5.0526,21632,32,21600,13.981,True,7214,2025-09-09T14:05:17.331119+00:00,256,3,
FrodoKEM-1344-AES,KEM,0.1,102,3.2392,4.0448,3.4896,21632,32,21600,10.7737,True,7215,2025-09-09T14:05:17.443129+00:00,256,3,
FrodoKEM-1344-AES,KEM,0.1,102,3.0278,3.8606,3.5962,21632,32,21600,10.4846,True,7216,2025-09-09T14:05:17.554619+00:00,256,3,
FrodoKEM-1344-AES,KEM,0.1,102,2.9318,3.6217,5.6538,21632,32,21600,12.2073,True,7217,2025-09-09T14:05:17.667894+00:00,256,3,
FrodoKEM-1344-AES,KEM,0.1,102,3.6604,5.209,4.5737,21632,32,21600,13.443,True,7218,2025-09-09T14:05:17.782368+00:00,256,3,
FrodoKEM-1344-AES,KEM,0.1,102,3.0854,3.7979,3.6416,21632,32,21600,10.5248,True,7219,2025-09-09T14:05:17.893767+00:00,256,3,
FrodoKEM-1344-AES,KEM,0.1,102,2.1243,2.9637,2.6997,21632,32,21600,7.7878,True,7220,2025-09-09T14:05:18.002581+00:00,256,3,
FrodoKEM-1344-AES,KEM,0.1,102,4.4121,3.9022,3.5943,21632,32,21600,11.9086,True,7221,2025-09-09T14:05:18.115256+00:00,256,3,
FrodoKEM-1344-AES,KEM,0.1,102,3.4538,4.0893,3.8744,21632,32,21600,11.4176,True,7222,2025-09-09T14:05:18.227845+00:00,256,3,
FrodoKEM-1344-AES,KEM,0.1,102,3.0945,12.1075,4.7175,21632,32,21600,19.9195,True,7223,2025-09-09T14:05:18.348583+00:00,256,3,
FrodoKEM-1344-AES,KEM,0.1,102,3.0042,3.6596,3.5568,21632,32,21600,10.2206,True,7224,2025-09-09T14:05:18.459749+00:00,256,3,
FrodoKEM-1344-AES,KEM,0.1,102,3.1487,3.9588,3.5442,21632,32,21600,10.6516,True,7225,2025-09-09T14:05:18.571256+00:00,256,3,
FrodoKEM-1344-AES,KEM,0.1,102,2.9223,3.7618,3.4939,21632,32,21600,10.178,True,7226,2025-09-09T14:05:18.682103+00:00,256,3,
FrodoKEM-1344-AES,KEM,0.1,102,2.5884,3.7439,2.7466,21632,32,21600,9.0789,True,7227,2025-09-09T14:05:18.791806+00:00,256,3,
FrodoKEM-1344-AES,KEM,0.1,102,3.1145,3.9928,4.0096,21632,32,21600,11.1169,True,7228,2025-09-09T14:05:18.903668+00:00,256,3,
FrodoKEM-1344-AES,KEM,0.1,102,2.9819,3.5754,3.9543,21632,32,21600,10.5116,True,7229,2025-09-09T14:05:19.018359+00:00,256,3,
FrodoKEM-1344-AES,KEM,0.1,102,7.4237,4.0375,3.545,21632,32,21600,15.0062,True,7230,2025-09-09T14:05:19.134195+00:00,256,3,
FrodoKEM-1344-AES,KEM,0.1,102,3.264,4.0585,11.4273,21632,32,21600,18.7498,True,7231,2025-09-09T14:05:19.270167+00:00,256,3,
FrodoKEM-1344-AES,KEM,0.1,102,4.2144,4.6444,7.9214,21632,32,21600,16.7801,True,7232,2025-09-09T14:05:19.389690+00:00,256,3,
FrodoKEM-1344-AES,KEM,0.1,102,2.9958,4.8926,3.8339,21632,32,21600,11.7223,True,7233,2025-09-09T14:05:19.507819+00:00,256,3,
FrodoKEM-1344-AES,KEM,0.1,102,19.3754,3.7975,4.044,21632,32,21600,27.2169,True,7234,2025-09-09T14:05:19.636173+00:00,256,3,
FrodoKEM-1344-AES,KEM,0.1,102,3.2555,4.6539,6.2062,21632,32,21600,14.1155,True,7235,2025-09-09T14:05:19.751308+00:00,256,3,
FrodoKEM-1344-AES,KEM,0.1,102,4.0112,3.7384,3.8944,21632,32,21600,11.644,True,7236,2025-09-09T14:05:19.867864+00:00,256,3,
FrodoKEM-1344-AES,KEM,0.1,102,3.7069,9.772,4.8377,21632,32,21600,18.3166,True,7237,2025-09-09T14:05:19.987438+00:00,256,3,
FrodoKEM-1344-AES,KEM,0.1,102,3.0874,4.7516,3.5886,21632,32,21600,11.4276,True,7238,2025-09-09T14:05:20.099688+00:00,256,3,
FrodoKEM-1344-AES,KEM,0.1,102,3.3719,3.7359,3.5597,21632,32,21600,10.6675,True,7239,2025-09-09T14:05:20.216281+00:00,256,3,
FrodoKEM-1344-AES,KEM,0.1,102,3.1839,4.2744,3.8606,21632,32,21600,11.3189,True,7240,2025-09-09T14:05:20.342591+00:00,256,3,
FrodoKEM-1344-AES,KEM,0.1,102,3.2974,4.8154,8.3808,21632,32,21600,16.4936,True,7241,2025-09-09T14:05:20.459719+00:00,256,3,
FrodoKEM-1344-AES,KEM,0.1,102,3.7647,10.7653,4.1201,21632,32,21600,18.6501,True,7242,2025-09-09T14:05:20.603110+00:00,256,3,
FrodoKEM-1344-AES,KEM,0.1,102,13.0662,3.8855,24.116,21632,32,21600,41.0677,True,7243,2025-09-09T14:05:20.744773+00:00,256,3,
FrodoKEM-1344-AES,KEM,0.1,102,3.2255,7.3608,4.1296,21632,32,21600,14.7159,True,7244,2025-09-09T14:05:20.861091+00:00,256,3,
FrodoKEM-1344-AES,KEM,0.1,102,3.0329,3.8397,6.7809,21632,32,21600,13.6535,True,7245,2025-09-09T14:05:20.986643+00:00,256,3,
FrodoKEM-1344-AES,KEM,0.1,102,3.132,3.7903,4.4332,21632,32,21600,11.3555,True,7246,2025-09-09T14:05:21.098725+00:00,256,3,
FrodoKEM-1344-AES,KEM,0.1,102,4.2031,13.2823,4.173,21632,32,21600,21.6584,True,7247,2025-09-09T14:05:21.242223+00:00,256,3,
FrodoKEM-1344-AES,KEM,0.1,102,3.0403,3.5933,7.329,21632,32,21600,13.9627,True,7248,2025-09-09T14:05:21.362652+00:00,256,3,
FrodoKEM-1344-AES,KEM,0.1,102,3.2779,3.8384,4.2756,21632,32,21600,11.3919,True,7249,2025-09-09T14:05:21.474726+00:00,256,3,
FrodoKEM-1344-AES,KEM,0.1,102,3.3138,4.9644,4.7403,21632,32,21600,13.0185,True,7250,2025-09-09T14:05:21.588760+00:00,256,3,
FrodoKEM-1344-AES,KEM,0.5,512,2.83,3.9743,4.539,21632,32,21600,11.3433,True,7251,2025-09-09T14:05:21.700844+00:00,256,3,
FrodoKEM-1344-AES,KEM,0.5,512,3.044,3.4206,4.5552,21632,32,21600,11.0198,True,7252,2025-09-09T14:05:21.812836+00:00,256,3,
FrodoKEM-1344-AES,KEM,0.5,512,3.5465,12.2475,3.6537,21632,32,21600,19.4477,True,7253,2025-09-09T14:05:21.933063+00:00,256,3,
FrodoKEM-1344-AES,KEM,0.5,512,2.3892,3.055,3.3918,21632,32,21600,8.8361,True,7254,2025-09-09T14:05:22.042773+00:00,256,3,
FrodoKEM-1344-AES,KEM,0.5,512,2.9476,4.1805,3.0165,21632,32,21600,10.1445,True,7255,2025-09-09T14:05:22.153632+00:00,256,3,
FrodoKEM-1344-AES,KEM,0.5,512,3.1872,4.8665,4.0204,21632,32,21600,12.0741,True,7256,2025-09-09T14:05:22.266445+00:00,256,3,
FrodoKEM-1344-AES,KEM,0.5,512,3.0767,8.2989,3.448,21632,32,21600,14.8236,True,7257,2025-09-09T14:05:22.406136+00:00,256,3,
FrodoKEM-1344-AES,KEM,0.5,512,3.1858,3.9793,3.1275,21632,32,21600,10.2927,True,7258,2025-09-09T14:05:22.517182+00:00,256,3,
FrodoKEM-1344-AES,KEM,0.5,512,2.5619,3.8193,3.6886,21632,32,21600,10.0698,True,7259,2025-09-09T14:05:22.634573+00:00,256,3,
FrodoKEM-1344-AES,KEM,0.5,512,3.0547,3.762,3.1831,21632,32,21600,9.9999,True,7260,2025-09-09T14:05:22.748501+00:00,256,3,
FrodoKEM-1344-AES,KEM,0.5,512,5.2334,4.9194,3.6954,21632,32,21600,13.8483,True,7261,2025-09-09T14:05:22.864676+00:00,256,3,
FrodoKEM-1344-AES,KEM,0.5,512,2.9752,3.6447,3.4917,21632,32,21600,10.1116,True,7262,2025-09-09T14:05:22.975418+00:00,256,3,
FrodoKEM-1344-AES,KEM,0.5,512,3.5269,3.5776,5.5799,21632,32,21600,12.6844,True,7263,2025-09-09T14:05:23.089060+00:00,256,3,
FrodoKEM-1344-AES,KEM,0.5,512,4.2772,12.1678,3.6262,21632,32,21600,20.0711,True,7264,2025-09-09T14:05:23.210084+00:00,256,3,
FrodoKEM-1344-AES,KEM,0.5,512,3.2549,4.0626,3.3755,21632,32,21600,10.6929,True,7265,2025-09-09T14:05:23.321534+00:00,256,3,
FrodoKEM-1344-AES,KEM,0.5,512,3.2896,3.9065,3.5166,21632,32,21600,10.7127,True,7266,2025-09-09T14:05:23.432986+00:00,256,3,
FrodoKEM-1344-AES,KEM,0.5,512,4.3419,3.9912,3.8052,21632,32,21600,12.1382,True,7267,2025-09-09T14:05:23.546007+00:00,256,3,
FrodoKEM-1344-AES,KEM,0.5,512,3.1703,4.0962,4.2588,21632,32,21600,11.5254,True,7268,2025-09-09T14:05:23.658348+00:00,256,3,
FrodoKEM-1344-AES,KEM,0.5,512,3.0452,11.3055,3.5959,21632,32,21600,17.9466,True,7269,2025-09-09T14:05:23.782641+00:00,256,3,
FrodoKEM-1344-AES,KEM,0.5,512,2.9204,13.8413,3.4906,21632,32,21600,20.2523,True,7270,2025-09-09T14:05:23.904214+00:00,256,3,
FrodoKEM-1344-AES,KEM,0.5,512,9.9248,13.102,3.7823,21632,32,21600,26.8091,True,7271,2025-09-09T14:05:24.032194+00:00,256,3,
FrodoKEM-1344-AES,KEM,0.5,512,3.1391,4.0088,6.7844,21632,32,21600,13.9323,True,7272,2025-09-09T14:05:24.147072+00:00,256,3,
FrodoKEM-1344-AES,KEM,0.5,512,3.1524,4.2538,3.9543,21632,32,21600,11.3605,True,7273,2025-09-09T14:05:24.259148+00:00,256,3,
FrodoKEM-1344-AES,KEM,0.5,512,5.2468,4.4552,3.791,21632,32,21600,13.4929,True,7274,2025-09-09T14:05:24.373707+00:00,256,3,
FrodoKEM-1344-AES,KEM,0.5,512,4.2622,5.4021,4.0334,21632,32,21600,13.6977,True,7275,2025-09-09T14:05:24.488126+00:00,256,3,
FrodoKEM-1344-AES,KEM,0.5,512,3.098,3.7823,3.5202,21632,32,21600,10.4006,True,7276,2025-09-09T14:05:24.604680+00:00,256,3,
FrodoKEM-1344-AES,KEM,0.5,512,3.0455,4.0502,3.611,21632,32,21600,10.7066,True,7277,2025-09-09T14:05:24.718275+00:00,256,3,
FrodoKEM-1344-AES,KEM,0.5,512,2.2283,3.0501,2.9334,21632,32,21600,8.2119,True,7278,2025-09-09T14:05:24.827810+00:00,256,3,
FrodoKEM-1344-AES,KEM,0.5,512,3.1496,3.6611,3.6424,21632,32,21600,10.453,True,7279,2025-09-09T14:05:24.939099+00:00,256,3,
FrodoKEM-1344-AES,KEM,0.5,512,3.1259,4.5651,3.4202,21632,32,21600,11.1112,True,7280,2025-09-09T14:05:25.051266+00:00,256,3,
FrodoKEM-1344-AES,KEM,0.5,512,2.9633,3.7939,7.6804,21632,32,21600,14.4376,True,7281,2025-09-09T14:05:25.166434+00:00,256,3,
FrodoKEM-1344-AES,KEM,0.5,512,2.5974,3.3256,3.4425,21632,32,21600,9.3655,True,7282,2025-09-09T14:05:25.276617+00:00,256,3,
FrodoKEM-1344-AES,KEM,0.5,512,3.0319,3.7461,6.4949,21632,32,21600,13.2729,True,7283,2025-09-09T14:05:25.390734+00:00,256,3,
FrodoKEM-1344-AES,KEM,0.5,512,3.6524,3.8442,4.323,21632,32,21600,11.8197,True,7284,2025-09-09T14:05:25.503603+00:00,256,3,
FrodoKEM-1344-AES,KEM,0.5,512,2.6121,3.3657,3.4602,21632,32,21600,9.438,True,7285,2025-09-09T14:05:25.614043+00:00,256,3,
FrodoKEM-1344-AES,KEM,0.5,512,2.997,3.999,4.5615,21632,32,21600,11.5575,True,7286,2025-09-09T14:05:25.726290+00:00,256,3,
FrodoKEM-1344-AES,KEM,0.5,512,2.9308,6.3479,3.4677,21632,32,21600,12.7464,True,7287,2025-09-09T14:05:25.839720+00:00,256,3,
FrodoKEM-1344-AES,KEM,0.5,512,3.1351,4.0495,3.777,21632,32,21600,10.9615,True,7288,2025-09-09T14:05:25.954665+00:00,256,3,
FrodoKEM-1344-AES,KEM,0.5,512,2.4527,3.1856,2.6513,21632,32,21600,8.2896,True,7289,2025-09-09T14:05:26.063866+00:00,256,3,
FrodoKEM-1344-AES,KEM,0.5,512,3.1361,3.6138,3.5409,21632,32,21600,10.2909,True,7290,2025-09-09T14:05:26.174766+00:00,256,3,
FrodoKEM-1344-AES,KEM,0.5,512,3.1406,3.5885,3.7445,21632,32,21600,10.4735,True,7291,2025-09-09T14:05:26.286246+00:00,256,3,
FrodoKEM-1344-AES,KEM,0.5,512,3.1025,3.828,5.7845,21632,32,21600,12.7149,True,7292,2025-09-09T14:05:26.400010+00:00,256,3,
FrodoKEM-1344-AES,KEM,0.5,512,2.3786,3.6328,3.6977,21632,32,21600,9.709,True,7293,2025-09-09T14:05:26.510661+00:00,256,3,
FrodoKEM-1344-AES,KEM,0.5,512,3.1098,3.9468,7.6256,21632,32,21600,14.6822,True,7294,2025-09-09T14:05:26.630423+00:00,256,3,
FrodoKEM-1344-AES,KEM,0.5,512,3.0609,4.1003,3.6996,21632,32,21600,10.8608,True,7295,2025-09-09T14:05:26.742328+00:00,256,3,
FrodoKEM-1344-AES,KEM,0.5,512,2.5453,2.6909,6.7728,21632,32,21600,12.0089,True,7296,2025-09-09T14:05:26.857160+00:00,256,3,
FrodoKEM-1344-AES,KEM,0.5,512,4.3674,3.7442,3.3903,21632,32,21600,11.502,True,7297,2025-09-09T14:05:26.970033+00:00,256,3,
FrodoKEM-1344-AES,KEM,0.5,512,3.0705,4.0231,6.2328,21632,32,21600,13.3264,True,7298,2025-09-09T14:05:27.084515+00:00,256,3,
FrodoKEM-1344-AES,KEM,0.5,512,3.449,4.262,4.0174,21632,32,21600,11.7284,True,7299,2025-09-09T14:05:27.204323+00:00,256,3,
FrodoKEM-1344-AES,KEM,0.5,512,2.6745,3.397,3.9316,21632,32,21600,10.0031,True,7300,2025-09-09T14:05:27.315358+00:00,256,3,
FrodoKEM-1344-AES,KEM,1.0,1024,2.5215,3.021,8.1508,21632,32,21600,13.6933,True,7301,2025-09-09T14:05:27.430031+00:00,256,3,
FrodoKEM-1344-AES,KEM,1.0,1024,3.8965,6.433,3.8484,21632,32,21600,14.1778,True,7302,2025-09-09T14:05:27.545337+00:00,256,3,
FrodoKEM-1344-AES,KEM,1.0,1024,3.5464,3.683,3.7203,21632,32,21600,10.9497,True,7303,2025-09-09T14:05:27.657199+00:00,256,3,
FrodoKEM-1344-AES,KEM,1.0,1024,3.0228,4.0479,3.6907,21632,32,21600,10.7615,True,7304,2025-09-09T14:05:27.769631+00:00,256,3,
FrodoKEM-1344-AES,KEM,1.0,1024,3.2885,6.4535,3.707,21632,32,21600,13.449,True,7305,2025-09-09T14:05:27.883899+00:00,256,3,
FrodoKEM-1344-AES,KEM,1.0,1024,3.7576,4.2133,4.4524,21632,32,21600,12.4233,True,7306,2025-09-09T14:05:27.998183+00:00,256,3,
FrodoKEM-1344-AES,KEM,1.0,1024,3.1193,4.3453,3.3069,21632,32,21600,10.7715,True,7307,2025-09-09T14:05:28.109812+00:00,256,3,
FrodoKEM-1344-AES,KEM,1.0,1024,3.3493,4.3644,3.9226,21632,32,21600,11.6363,True,7308,2025-09-09T14:05:28.222290+00:00,256,3,
FrodoKEM-1344-AES,KEM,1.0,1024,3.0025,4.2794,3.5863,21632,32,21600,10.8683,True,7309,2025-09-09T14:05:28.334079+00:00,256,3,
FrodoKEM-1344-AES,KEM,1.0,1024,3.0009,4.1628,3.6265,21632,32,21600,10.7902,True,7310,2025-09-09T14:05:28.446138+00:00,256,3,
FrodoKEM-1344-AES,KEM,1.0,1024,3.0659,4.1162,4.1382,21632,32,21600,11.3202,True,7311,2025-09-09T14:05:28.558303+00:00,256,3,
FrodoKEM-1344-AES,KEM,1.0,1024,3.3937,3.4584,14.1191,21632,32,21600,20.9712,True,7312,2025-09-09T14:05:28.680105+00:00,256,3,
FrodoKEM-1344-AES,KEM,1.0,1024,2.3585,3.0468,3.8451,21632,32,21600,9.2504,True,7313,2025-09-09T14:05:28.790267+00:00,256,3,
FrodoKEM-1344-AES,KEM,1.0,1024,3.0066,4.3765,3.1786,21632,32,21600,10.5617,True,7314,2025-09-09T14:05:28.901801+00:00,256,3,
FrodoKEM-1344-AES,KEM,1.0,1024,4.1113,3.8048,3.9221,21632,32,21600,11.8382,True,7315,2025-09-09T14:05:29.015922+00:00,256,3,
FrodoKEM-1344-AES,KEM,1.0,1024,3.0488,3.9126,3.9811,21632,32,21600,10.9425,True,7316,2025-09-09T14:05:29.127834+00:00,256,3,
FrodoKEM-1344-AES,KEM,1.0,1024,3.0935,3.8395,4.1068,21632,32,21600,11.0399,True,7317,2025-09-09T14:05:29.239655+00:00,256,3,
FrodoKEM-1344-AES,KEM,1.0,1024,3.1382,3.7332,3.9816,21632,32,21600,10.8529,True,7318,2025-09-09T14:05:29.351326+00:00,256,3,
FrodoKEM-1344-AES,KEM,1.0,1024,3.013,2.8507,3.5695,21632,32,21600,9.4332,True,7319,2025-09-09T14:05:29.461516+00:00,256,3,
FrodoKEM-1344-AES,KEM,1.0,1024,2.5265,2.9287,3.9302,21632,32,21600,9.3854,True,7320,2025-09-09T14:05:29.571859+00:00,256,3,
FrodoKEM-1344-AES,KEM,1.0,1024,3.1315,4.0565,4.0603,21632,32,21600,11.2483,True,7321,2025-09-09T14:05:29.683976+00:00,256,3,
FrodoKEM-1344-AES,KEM,1.0,1024,2.4994,3.6509,6.4306,21632,32,21600,12.5809,True,7322,2025-09-09T14:05:29.797453+00:00,256,3,
FrodoKEM-1344-AES,KEM,1.0,1024,2.5146,3.1551,5.25,21632,32,21600,10.9197,True,7323,2025-09-09T14:05:29.909300+00:00,256,3,
FrodoKEM-1344-AES,KEM,1.0,1024,2.9592,4.3482,3.7312,21632,32,21600,11.0386,True,7324,2025-09-09T14:05:30.021180+00:00,256,3,
FrodoKEM-1344-AES,KEM,1.0,1024,2.7654,3.9372,3.6264,21632,32,21600,10.329,True,7325,2025-09-09T14:05:30.132331+00:00,256,3,
FrodoKEM-1344-AES,KEM,1.0,1024,2.6889,3.1186,2.708,21632,32,21600,8.5155,True,7326,2025-09-09T14:05:30.241741+00:00,256,3,
FrodoKEM-1344-AES,KEM,1.0,1024,4.1003,4.1698,4.022,21632,32,21600,12.2922,True,7327,2025-09-09T14:05:30.354793+00:00,256,3,
FrodoKEM-1344-AES,KEM,1.0,1024,3.2834,4.049,2.979,21632,32,21600,10.3114,True,7328,2025-09-09T14:05:30.481714+00:00,256,3,
FrodoKEM-1344-AES,KEM,1.0,1024,2.4801,3.9172,3.7313,21632,32,21600,10.1286,True,7329,2025-09-09T14:05:30.592756+00:00,256,3,
FrodoKEM-1344-AES,KEM,1.0,1024,2.3956,3.5106,5.6426,21632,32,21600,11.5488,True,7330,2025-09-09T14:05:30.705241+00:00,256,3,
FrodoKEM-1344-AES,KEM,1.0,1024,2.7963,4.0261,8.9207,21632,32,21600,15.743,True,7331,2025-09-09T14:05:30.822024+00:00,256,3,
FrodoKEM-1344-AES,KEM,1.0,1024,2.8463,7.1975,4.1584,21632,32,21600,14.2022,True,7332,2025-09-09T14:05:30.937469+00:00,256,3,
FrodoKEM-1344-AES,KEM,1.0,1024,3.3169,4.4276,3.9226,21632,32,21600,11.6671,True,7333,2025-09-09T14:05:31.050122+00:00,256,3,
FrodoKEM-1344-AES,KEM,1.0,1024,3.8945,5.3641,3.8547,21632,32,21600,13.1133,True,7334,2025-09-09T14:05:31.171528+00:00,256,3,
FrodoKEM-1344-AES,KEM,1.0,1024,3.4429,4.81,3.8726,21632,32,21600,12.1255,True,7335,2025-09-09T14:05:31.284747+00:00,256,3,
FrodoKEM-1344-AES,KEM,1.0,1024,25.6231,17.2619,15.8401,21632,32,21600,58.7251,True,7336,2025-09-09T14:05:31.460020+00:00,256,3,
FrodoKEM-1344-AES,KEM,1.0,1024,12.3691,19.1512,13.245,21632,32,21600,44.7653,True,7337,2025-09-09T14:05:31.608673+00:00,256,3,
FrodoKEM-1344-AES,KEM,1.0,1024,14.6097,10.9455,13.1571,21632,32,21600,38.7123,True,7338,2025-09-09T14:05:31.750587+00:00,256,3,
FrodoKEM-1344-AES,KEM,1.0,1024,14.5832,11.2993,10.1266,21632,32,21600,36.0091,True,7339,2025-09-09T14:05:31.906565+00:00,256,3,
FrodoKEM-1344-AES,KEM,1.0,1024,9.7326,37.4121,29.0605,21632,32,21600,76.2052,True,7340,2025-09-09T14:05:32.085214+00:00,256,3,
FrodoKEM-1344-AES,KEM,1.0,1024,16.065,24.0125,26.8421,21632,32,21600,66.9197,True,7341,2025-09-09T14:05:32.253511+00:00,256,3,
FrodoKEM-1344-AES,KEM,1.0,1024,9.9798,9.5797,15.0674,21632,32,21600,34.6269,True,7342,2025-09-09T14:05:32.391029+00:00,256,3,
FrodoKEM-1344-AES,KEM,1.0,1024,14.5191,15.2564,12.6301,21632,32,21600,42.4056,True,7343,2025-09-09T14:05:32.536949+00:00,256,3,
FrodoKEM-1344-AES,KEM,1.0,1024,18.3115,9.2926,10.6732,21632,32,21600,38.2772,True,7344,2025-09-09T14:05:32.677623+00:00,256,3,
FrodoKEM-1344-AES,KEM,1.0,1024,12.9891,16.0339,13.7289,21632,32,21600,42.7519,True,7345,2025-09-09T14:05:32.824255+00:00,256,3,
FrodoKEM-1344-AES,KEM,1.0,1024,9.1646,10.5352,7.8621,21632,32,21600,27.5619,True,7346,2025-09-09T14:05:32.955283+00:00,256,3,
FrodoKEM-1344-AES,KEM,1.0,1024,11.7762,10.4819,9.2037,21632,32,21600,31.4619,True,7347,2025-09-09T14:05:33.089978+00:00,256,3,
FrodoKEM-1344-AES,KEM,1.0,1024,6.9053,13.3295,8.5101,21632,32,21600,28.7448,True,7348,2025-09-09T14:05:33.221877+00:00,256,3,
FrodoKEM-1344-AES,KEM,1.0,1024,25.3496,25.2943,16.3178,21632,32,21600,66.9618,True,7349,2025-09-09T14:05:33.391527+00:00,256,3,
FrodoKEM-1344-AES,KEM,1.0,1024,16.3602,24.7709,16.0712,21632,32,21600,57.2023,True,7350,2025-09-09T14:05:33.550631+00:00,256,3,
FrodoKEM-1344-AES,KEM,2.0,2048,16.2899,7.7724,14.6081,21632,32,21600,38.6704,True,7351,2025-09-09T14:05:33.693702+00:00,256,3,
FrodoKEM-1344-AES,KEM,2.0,2048,14.3295,21.2606,21.6604,21632,32,21600,57.2506,True,7352,2025-09-09T14:05:33.854181+00:00,256,3,
FrodoKEM-1344-AES,KEM,2.0,2048,14.2653,26.6441,17.2882,21632,32,21600,58.1977,True,7353,2025-09-09T14:05:34.019167+00:00,256,3,
FrodoKEM-1344-AES,KEM,2.0,2048,11.9085,13.8827,13.2132,21632,32,21600,39.0044,True,7354,2025-09-09T14:05:34.163590+00:00,256,3,
FrodoKEM-1344-AES,KEM,2.0,2048,11.6787,13.7787,17.5111,21632,32,21600,42.9685,True,7355,2025-09-09T14:05:34.310586+00:00,256,3,
FrodoKEM-1344-AES,KEM,2.0,2048,12.1934,18.4274,18.2686,21632,32,21600,48.8893,True,7356,2025-09-09T14:05:34.466535+00:00,256,3,
FrodoKEM-1344-AES,KEM,2.0,2048,12.1613,16.9741,14.6427,21632,32,21600,43.7781,True,7357,2025-09-09T14:05:34.615701+00:00,256,3,
FrodoKEM-1344-AES,KEM,2.0,2048,15.7282,21.52,12.0044,21632,32,21600,49.2526,True,7358,2025-09-09T14:05:34.767156+00:00,256,3,
FrodoKEM-1344-AES,KEM,2.0,2048,9.3848,11.7946,11.7279,21632,32,21600,32.9072,True,7359,2025-09-09T14:05:34.902324+00:00,256,3,
FrodoKEM-1344-AES,KEM,2.0,2048,20.4871,15.029,18.6113,21632,32,21600,54.1274,True,7360,2025-09-09T14:05:35.059282+00:00,256,3,
FrodoKEM-1344-AES,KEM,2.0,2048,27.0577,31.7366,21.5183,21632,32,21600,80.3125,True,7361,2025-09-09T14:05:35.256421+00:00,256,3,
FrodoKEM-1344-AES,KEM,2.0,2048,10.3712,14.4671,28.554,21632,32,21600,53.3923,True,7362,2025-09-09T14:05:35.412695+00:00,256,3,
FrodoKEM-1344-AES,KEM,2.0,2048,19.1497,30.6854,39.7918,21632,32,21600,89.6269,True,7363,2025-09-09T14:05:35.604556+00:00,256,3,
FrodoKEM-1344-AES,KEM,2.0,2048,17.7611,25.4957,8.1557,21632,32,21600,51.4125,True,7364,2025-09-09T14:05:35.757243+00:00,256,3,
FrodoKEM-1344-AES,KEM,2.0,2048,14.8684,14.3284,8.3206,21632,32,21600,37.5174,True,7365,2025-09-09T14:05:35.898278+00:00,256,3,
FrodoKEM-1344-AES,KEM,2.0,2048,7.5726,9.5289,12.0798,21632,32,21600,29.1813,True,7366,2025-09-09T14:05:36.040538+00:00,256,3,
FrodoKEM-1344-AES,KEM,2.0,2048,9.0407,10.4799,6.0421,21632,32,21600,25.5627,True,7367,2025-09-09T14:05:36.170955+00:00,256,3,
FrodoKEM-1344-AES,KEM,2.0,2048,21.7077,17.8975,15.4497,21632,32,21600,55.0548,True,7368,2025-09-09T14:05:36.329587+00:00,256,3,
FrodoKEM-1344-AES,KEM,2.0,2048,8.453,24.3422,15.6193,21632,32,21600,48.4145,True,7369,2025-09-09T14:05:36.492788+00:00,256,3,
FrodoKEM-1344-AES,KEM,2.0,2048,19.4477,26.7007,38.5785,21632,32,21600,84.727,True,7370,2025-09-09T14:05:36.691660+00:00,256,3,
FrodoKEM-1344-AES,KEM,2.0,2048,27.0385,25.5213,24.1809,21632,32,21600,76.7407,True,7371,2025-09-09T14:05:36.876177+00:00,256,3,
FrodoKEM-1344-AES,KEM,2.0,2048,13.0192,33.2936,28.6558,21632,32,21600,74.9687,True,7372,2025-09-09T14:05:37.054054+00:00,256,3,
FrodoKEM-1344-AES,KEM,2.0,2048,18.4254,16.8081,18.8856,21632,32,21600,54.1192,True,7373,2025-09-09T14:05:37.225508+00:00,256,3,
FrodoKEM-1344-AES,KEM,2.0,2048,12.47,10.0143,17.3711,21632,32,21600,39.8554,True,7374,2025-09-09T14:05:37.368379+00:00,256,3,
FrodoKEM-1344-AES,KEM,2.0,2048,12.483,29.9295,15.7082,21632,32,21600,58.1206,True,7375,2025-09-09T14:05:37.528443+00:00,256,3,
FrodoKEM-1344-AES,KEM,2.0,2048,12.4444,18.0388,12.0812,21632,32,21600,42.5643,True,7376,2025-09-09T14:05:37.687272+00:00,256,3,
FrodoKEM-1344-AES,KEM,2.0,2048,12.7377,18.8465,33.4885,21632,32,21600,65.0726,True,7377,2025-09-09T14:05:37.865413+00:00,256,3,
FrodoKEM-1344-AES,KEM,2.0,2048,15.1586,16.227,11.6739,21632,32,21600,43.0595,True,7378,2025-09-09T14:05:38.011095+00:00,256,3,
FrodoKEM-1344-AES,KEM,2.0,2048,16.3929,7.42,9.5419,21632,32,21600,33.3548,True,7379,2025-09-09T14:05:38.149031+00:00,256,3,
FrodoKEM-1344-AES,KEM,2.0,2048,10.1873,11.7116,12.2383,21632,32,21600,34.1372,True,7380,2025-09-09T14:05:38.287602+00:00,256,3,
FrodoKEM-1344-AES,KEM,2.0,2048,12.2242,11.9383,13.5148,21632,32,21600,37.6773,True,7381,2025-09-09T14:05:38.427497+00:00,256,3,
FrodoKEM-1344-AES,KEM,2.0,2048,18.6933,14.4854,22.7209,21632,32,21600,55.8996,True,7382,2025-09-09T14:05:38.589972+00:00,256,3,
FrodoKEM-1344-AES,KEM,2.0,2048,6.3292,14.0172,10.1263,21632,32,21600,30.4727,True,7383,2025-09-09T14:05:38.734603+00:00,256,3,
FrodoKEM-1344-AES,KEM,2.0,2048,19.127,21.9475,29.042,21632,32,21600,70.1165,True,7384,2025-09-09T14:05:38.907154+00:00,256,3,
FrodoKEM-1344-AES,KEM,2.0,2048,15.5683,24.7772,15.3299,21632,32,21600,55.6755,True,7385,2025-09-09T14:05:39.067057+00:00,256,3,
FrodoKEM-1344-AES,KEM,2.0,2048,11.5308,12.5539,12.2003,21632,32,21600,36.2849,True,7386,2025-09-09T14:05:39.211585+00:00,256,3,
FrodoKEM-1344-AES,KEM,2.0,2048,9.7577,10.4385,7.3968,21632,32,21600,27.5931,True,7387,2025-09-09T14:05:39.342008+00:00,256,3,
FrodoKEM-1344-AES,KEM,2.0,2048,7.1184,7.8318,13.2106,21632,32,21600,28.1608,True,7388,2025-09-09T14:05:39.474230+00:00,256,3,
FrodoKEM-1344-AES,KEM,2.0,2048,12.2577,11.545,35.0233,21632,32,21600,58.826,True,7389,2025-09-09T14:05:39.635300+00:00,256,3,
FrodoKEM-1344-AES,KEM,2.0,2048,15.4616,15.886,12.7192,21632,32,21600,44.0669,True,7390,2025-09-09T14:05:39.782432+00:00,256,3,
FrodoKEM-1344-AES,KEM,2.0,2048,6.1272,21.821,11.7072,21632,32,21600,39.6554,True,7391,2025-09-09T14:05:39.929997+00:00,256,3,
FrodoKEM-1344-AES,KEM,2.0,2048,9.2269,14.7702,13.6472,21632,32,21600,37.6444,True,7392,2025-09-09T14:05:40.070368+00:00,256,3,
FrodoKEM-1344-AES,KEM,2.0,2048,18.3481,21.6947,16.7168,21632,32,21600,56.7596,True,7393,2025-09-09T14:05:40.236233+00:00,256,3,
FrodoKEM-1344-AES,KEM,2.0,2048,9.1372,12.5433,12.3693,21632,32,21600,34.0499,True,7394,2025-09-09T14:05:40.382296+00:00,256,3,
FrodoKEM-1344-AES,KEM,2.0,2048,9.5739,6.2339,6.6461,21632,32,21600,22.454,True,7395,2025-09-09T14:05:40.509599+00:00,256,3,
FrodoKEM-1344-AES,KEM,2.0,2048,8.7151,9.3156,9.0793,21632,32,21600,27.1099,True,7396,2025-09-09T14:05:40.642930+00:00,256,3,
FrodoKEM-1344-AES,KEM,2.0,2048,6.8168,14.3036,6.4267,21632,32,21600,27.5471,True,7397,2025-09-09T14:05:40.774242+00:00,256,3,
FrodoKEM-1344-AES,KEM,2.0,2048,6.5227,14.9717,9.3954,21632,32,21600,30.8899,True,7398,2025-09-09T14:05:40.908978+00:00,256,3,
FrodoKEM-1344-AES,KEM,2.0,2048,8.0844,13.6427,19.153,21632,32,21600,40.8801,True,7399,2025-09-09T14:05:41.055229+00:00,256,3,
FrodoKEM-1344-AES,KEM,2.0,2048,12.0241,13.1159,8.816,21632,32,21600,33.9559,True,7400,2025-09-09T14:05:41.195286+00:00,256,3,
FrodoKEM-1344-AES,KEM,5.0,5120,13.1146,34.1301,12.1617,21632,32,21600,59.4064,True,7401,2025-09-09T14:05:41.369256+00:00,256,3,
FrodoKEM-1344-AES,KEM,5.0,5120,34.5707,24.0406,14.6765,21632,32,21600,73.2877,True,7402,2025-09-09T14:05:41.550192+00:00,256,3,
FrodoKEM-1344-AES,KEM,5.0,5120,14.0861,10.4864,15.6475,21632,32,21600,40.2201,True,7403,2025-09-09T14:05:41.703631+00:00,256,3,
FrodoKEM-1344-AES,KEM,5.0,5120,19.3842,20.0012,20.7177,21632,32,21600,60.1031,True,7404,2025-09-09T14:05:41.870048+00:00,256,3,
FrodoKEM-1344-AES,KEM,5.0,5120,12.6443,15.3559,14.5322,21632,32,21600,42.5324,True,7405,2025-09-09T14:05:42.029860+00:00,256,3,
FrodoKEM-1344-AES,KEM,5.0,5120,9.5833,9.4049,9.4804,21632,32,21600,28.4686,True,7406,2025-09-09T14:05:42.166095+00:00,256,3,
FrodoKEM-1344-AES,KEM,5.0,5120,15.5565,12.7323,13.3036,21632,32,21600,41.5924,True,7407,2025-09-09T14:05:42.323393+00:00,256,3,
FrodoKEM-1344-AES,KEM,5.0,5120,18.8669,54.4799,32.0589,21632,32,21600,105.4058,True,7408,2025-09-09T14:05:42.532865+00:00,256,3,
FrodoKEM-1344-AES,KEM,5.0,5120,4.685,24.2969,15.213,21632,32,21600,44.195,True,7409,2025-09-09T14:05:42.687317+00:00,256,3,
FrodoKEM-1344-AES,KEM,5.0,5120,2.623,2.9868,10.0816,21632,32,21600,15.6914,True,7410,2025-09-09T14:05:42.809920+00:00,256,3,
FrodoKEM-1344-AES,KEM,5.0,5120,2.4742,9.1257,13.1473,21632,32,21600,24.7471,True,7411,2025-09-09T14:05:42.937426+00:00,256,3,
FrodoKEM-1344-AES,KEM,5.0,5120,3.1823,3.7927,13.7455,21632,32,21600,20.7206,True,7412,2025-09-09T14:05:43.060057+00:00,256,3,
FrodoKEM-1344-AES,KEM,5.0,5120,2.5198,3.3428,2.946,21632,32,21600,8.8086,True,7413,2025-09-09T14:05:43.171058+00:00,256,3,
FrodoKEM-1344-AES,KEM,5.0,5120,3.6532,4.9591,3.8493,21632,32,21600,12.4616,True,7414,2025-09-09T14:05:43.285206+00:00,256,3,
FrodoKEM-1344-AES,KEM,5.0,5120,5.7289,5.4564,2.9639,21632,32,21600,14.1493,True,7415,2025-09-09T14:05:43.401938+00:00,256,3,
FrodoKEM-1344-AES,KEM,5.0,5120,3.2936,4.0321,2.9366,21632,32,21600,10.2623,True,7416,2025-09-09T14:05:43.514690+00:00,256,3,
FrodoKEM-1344-AES,KEM,5.0,5120,2.8665,4.0949,3.4199,21632,32,21600,10.3813,True,7417,2025-09-09T14:05:43.628272+00:00,256,3,
FrodoKEM-1344-AES,KEM,5.0,5120,2.3602,5.759,5.6176,21632,32,21600,13.7367,True,7418,2025-09-09T14:05:43.744834+00:00,256,3,
FrodoKEM-1344-AES,KEM,5.0,5120,2.7609,4.255,3.6557,21632,32,21600,10.6715,True,7419,2025-09-09T14:05:43.857772+00:00,256,3,
FrodoKEM-1344-AES,KEM,5.0,5120,3.1513,3.5025,10.0696,21632,32,21600,16.7234,True,7420,2025-09-09T14:05:43.976879+00:00,256,3,
FrodoKEM-1344-AES,KEM,5.0,5120,3.1195,5.2903,4.4729,21632,32,21600,12.8826,True,7421,2025-09-09T14:05:44.091719+00:00,256,3,
FrodoKEM-1344-AES,KEM,5.0,5120,3.1581,4.9563,5.5489,21632,32,21600,13.6633,True,7422,2025-09-09T14:05:44.208185+00:00,256,3,
FrodoKEM-1344-AES,KEM,5.0,5120,3.2799,4.5125,3.9429,21632,32,21600,11.7353,True,7423,2025-09-09T14:05:44.324248+00:00,256,3,
FrodoKEM-1344-AES,KEM,5.0,5120,3.193,3.8774,4.0752,21632,32,21600,11.1455,True,7424,2025-09-09T14:05:44.437496+00:00,256,3,
FrodoKEM-1344-AES,KEM,5.0,5120,3.7431,4.7687,4.7228,21632,32,21600,13.2346,True,7425,2025-09-09T14:05:44.552948+00:00,256,3,
FrodoKEM-1344-AES,KEM,5.0,5120,3.4032,16.054,7.2264,21632,32,21600,26.6837,True,7426,2025-09-09T14:05:44.681946+00:00,256,3,
FrodoKEM-1344-AES,KEM,5.0,5120,3.1474,3.7662,6.3155,21632,32,21600,13.2291,True,7427,2025-09-09T14:05:44.800530+00:00,256,3,
FrodoKEM-1344-AES,KEM,5.0,5120,4.6805,3.7206,2.82,21632,32,21600,11.2211,True,7428,2025-09-09T14:05:44.913511+00:00,256,3,
FrodoKEM-1344-AES,KEM,5.0,5120,3.1803,5.0948,8.4627,21632,32,21600,16.7378,True,7429,2025-09-09T14:05:45.033652+00:00,256,3,
FrodoKEM-1344-AES,KEM,5.0,5120,5.784,3.9678,4.5947,21632,32,21600,14.3465,True,7430,2025-09-09T14:05:45.149969+00:00,256,3,
FrodoKEM-1344-AES,KEM,5.0,5120,3.5158,3.7593,4.0806,21632,32,21600,11.3558,True,7431,2025-09-09T14:05:45.267487+00:00,256,3,
FrodoKEM-1344-AES,KEM,5.0,5120,3.3315,6.7028,9.9219,21632,32,21600,19.9562,True,7432,2025-09-09T14:05:45.393075+00:00,256,3,
FrodoKEM-1344-AES,KEM,5.0,5120,3.5749,10.8999,4.2277,21632,32,21600,18.7025,True,7433,2025-09-09T14:05:45.513826+00:00,256,3,
FrodoKEM-1344-AES,KEM,5.0,5120,4.6671,4.7648,4.8709,21632,32,21600,14.3028,True,7434,2025-09-09T14:05:45.636133+00:00,256,3,
FrodoKEM-1344-AES,KEM,5.0,5120,3.3042,8.1975,3.9511,21632,32,21600,15.4528,True,7435,2025-09-09T14:05:45.753414+00:00,256,3,
FrodoKEM-1344-AES,KEM,5.0,5120,3.5987,4.3608,6.694,21632,32,21600,14.6534,True,7436,2025-09-09T14:05:45.869797+00:00,256,3,
FrodoKEM-1344-AES,KEM,5.0,5120,2.8951,3.5163,3.8141,21632,32,21600,10.2256,True,7437,2025-09-09T14:05:45.982444+00:00,256,3,
FrodoKEM-1344-AES,KEM,5.0,5120,2.3393,3.8258,19.3175,21632,32,21600,25.4825,True,7438,2025-09-09T14:05:46.110770+00:00,256,3,
FrodoKEM-1344-AES,KEM,5.0,5120,3.225,6.0701,3.8316,21632,32,21600,13.1267,True,7439,2025-09-09T14:05:46.226671+00:00,256,3,
FrodoKEM-1344-AES,KEM,5.0,5120,3.037,6.9849,3.0762,21632,32,21600,13.0981,True,7440,2025-09-09T14:05:46.346378+00:00,256,3,
FrodoKEM-1344-AES,KEM,5.0,5120,5.6165,4.2583,11.6967,21632,32,21600,21.5715,True,7441,2025-09-09T14:05:46.472669+00:00,256,3,
FrodoKEM-1344-AES,KEM,5.0,5120,3.7248,4.4481,13.918,21632,32,21600,22.0909,True,7442,2025-09-09T14:05:46.602825+00:00,256,3,
FrodoKEM-1344-AES,KEM,5.0,5120,2.9329,4.0864,3.9758,21632,32,21600,10.9951,True,7443,2025-09-09T14:05:46.734952+00:00,256,3,
FrodoKEM-1344-AES,KEM,5.0,5120,3.1209,4.1375,3.781,21632,32,21600,11.0394,True,7444,2025-09-09T14:05:46.848305+00:00,256,3,
FrodoKEM-1344-AES,KEM,5.0,5120,3.3822,4.1173,4.1199,21632,32,21600,11.6194,True,7445,2025-09-09T14:05:46.962301+00:00,256,3,
FrodoKEM-1344-AES,KEM,5.0,5120,3.4636,4.2567,3.892,21632,32,21600,11.6122,True,7446,2025-09-09T14:05:47.076011+00:00,256,3,
FrodoKEM-1344-AES,KEM,5.0,5120,3.5205,4.321,3.7338,21632,32,21600,11.5753,True,7447,2025-09-09T14:05:47.189671+00:00,256,3,
FrodoKEM-1344-AES,KEM,5.0,5120,2.38,3.8982,4.3431,21632,32,21600,10.6213,True,7448,2025-09-09T14:05:47.303015+00:00,256,3,
FrodoKEM-1344-AES,KEM,5.0,5120,3.361,4.0753,3.3126,21632,32,21600,10.7489,True,7449,2025-09-09T14:05:47.415779+00:00,256,3,
FrodoKEM-1344-AES,KEM,5.0,5120,3.7769,3.9201,4.026,21632,32,21600,11.723,True,7450,2025-09-09T14:05:47.529900+00:00,256,3,
FrodoKEM-1344-AES,KEM,10.0,10240,3.0093,8.9354,5.9515,21632,32,21600,17.8962,True,7451,2025-09-09T14:05:47.652245+00:00,256,3,
FrodoKEM-1344-AES,KEM,10.0,10240,3.9969,4.5893,4.2073,21632,32,21600,12.7935,True,7452,2025-09-09T14:05:47.769860+00:00,256,3,
FrodoKEM-1344-AES,KEM,10.0,10240,3.4713,5.0074,5.0454,21632,32,21600,13.5242,True,7453,2025-09-09T14:05:47.891766+00:00,256,3,
FrodoKEM-1344-AES,KEM,10.0,10240,3.2849,4.6146,3.6332,21632,32,21600,11.5327,True,7454,2025-09-09T14:05:48.006650+00:00,256,3,
FrodoKEM-1344-AES,KEM,10.0,10240,3.2367,10.0426,4.327,21632,32,21600,17.6064,True,7455,2025-09-09T14:05:48.126935+00:00,256,3,
FrodoKEM-1344-AES,KEM,10.0,10240,3.5847,6.3255,4.1947,21632,32,21600,14.1049,True,7456,2025-09-09T14:05:48.244642+00:00,256,3,
FrodoKEM-1344-AES,KEM,10.0,10240,3.1749,8.1228,7.4486,21632,32,21600,18.7463,True,7457,2025-09-09T14:05:48.366386+00:00,256,3,
FrodoKEM-1344-AES,KEM,10.0,10240,3.1145,4.9262,12.4362,21632,32,21600,20.4769,True,7458,2025-09-09T14:05:48.492851+00:00,256,3,
FrodoKEM-1344-AES,KEM,10.0,10240,5.8428,5.7927,10.9745,21632,32,21600,22.6101,True,7459,2025-09-09T14:05:48.622980+00:00,256,3,
FrodoKEM-1344-AES,KEM,10.0,10240,8.5512,3.854,5.3451,21632,32,21600,17.7503,True,7460,2025-09-09T14:05:48.744166+00:00,256,3,
FrodoKEM-1344-AES,KEM,10.0,10240,2.3952,3.347,24.7878,21632,32,21600,30.53,True,7461,2025-09-09T14:05:48.880131+00:00,256,3,
FrodoKEM-1344-AES,KEM,10.0,10240,3.8995,5.0164,4.3435,21632,32,21600,13.2594,True,7462,2025-09-09T14:05:48.997108+00:00,256,3,
FrodoKEM-1344-AES,KEM,10.0,10240,4.6957,5.8653,5.3362,21632,32,21600,15.8972,True,7463,2025-09-09T14:05:49.118130+00:00,256,3,
FrodoKEM-1344-AES,KEM,10.0,10240,3.2915,5.3,3.7379,21632,32,21600,12.3294,True,7464,2025-09-09T14:05:49.233832+00:00,256,3,
FrodoKEM-1344-AES,KEM,10.0,10240,2.6301,3.9041,3.3423,21632,32,21600,9.8765,True,7465,2025-09-09T14:05:49.348169+00:00,256,3,
FrodoKEM-1344-AES,KEM,10.0,10240,3.1692,3.9692,3.6818,21632,32,21600,10.8202,True,7466,2025-09-09T14:05:49.463299+00:00,256,3,
FrodoKEM-1344-AES,KEM,10.0,10240,2.8971,3.233,3.2574,21632,32,21600,9.3874,True,7467,2025-09-09T14:05:49.577124+00:00,256,3,
FrodoKEM-1344-AES,KEM,10.0,10240,3.9432,4.2904,4.0639,21632,32,21600,12.2975,True,7468,2025-09-09T14:05:49.693668+00:00,256,3,
FrodoKEM-1344-AES,KEM,10.0,10240,3.0213,3.7675,9.4845,21632,32,21600,16.2733,True,7469,2025-09-09T14:05:49.820578+00:00,256,3,
FrodoKEM-1344-AES,KEM,10.0,10240,4.7077,4.4116,4.7157,21632,32,21600,13.8351,True,7470,2025-09-09T14:05:49.939785+00:00,256,3,
FrodoKEM-1344-AES,KEM,10.0,10240,3.9506,8.6008,3.8294,21632,32,21600,16.3808,True,7471,2025-09-09T14:05:50.060348+00:00,256,3,
FrodoKEM-1344-AES,KEM,10.0,10240,3.371,4.0638,3.5863,21632,32,21600,11.0211,True,7472,2025-09-09T14:05:50.175563+00:00,256,3,
FrodoKEM-1344-AES,KEM,10.0,10240,2.3919,3.8529,2.9707,21632,32,21600,9.2154,True,7473,2025-09-09T14:05:50.288061+00:00,256,3,
FrodoKEM-1344-AES,KEM,10.0,10240,2.9193,4.333,3.443,21632,32,21600,10.6953,True,7474,2025-09-09T14:05:50.401548+00:00,256,3,
FrodoKEM-1344-AES,KEM,10.0,10240,2.6364,3.2831,2.8735,21632,32,21600,8.793,True,7475,2025-09-09T14:05:50.514580+00:00,256,3,
FrodoKEM-1344-AES,KEM,10.0,10240,2.1483,2.8169,2.5896,21632,32,21600,7.5549,True,7476,2025-09-09T14:05:50.626232+00:00,256,3,
FrodoKEM-1344-AES,KEM,10.0,10240,3.6209,3.9345,4.6211,21632,32,21600,12.1765,True,7477,2025-09-09T14:05:50.742555+00:00,256,3,
FrodoKEM-1344-AES,KEM,10.0,10240,3.5401,4.5611,4.2216,21632,32,21600,12.3228,True,7478,2025-09-09T14:05:50.858200+00:00,256,3,
FrodoKEM-1344-AES,KEM,10.0,10240,2.8907,3.8873,3.2061,21632,32,21600,9.984,True,7479,2025-09-09T14:05:50.971987+00:00,256,3,
FrodoKEM-1344-AES,KEM,10.0,10240,3.3525,4.2102,4.512,21632,32,21600,12.0747,True,7480,2025-09-09T14:05:51.087697+00:00,256,3,
FrodoKEM-1344-AES,KEM,10.0,10240,2.3488,3.6357,3.4908,21632,32,21600,9.4753,True,7481,2025-09-09T14:05:51.200569+00:00,256,3,
FrodoKEM-1344-AES,KEM,10.0,10240,3.0084,3.6413,4.4779,21632,32,21600,11.1275,True,7482,2025-09-09T14:05:51.315282+00:00,256,3,
FrodoKEM-1344-AES,KEM,10.0,10240,3.0283,4.2822,4.3131,21632,32,21600,11.6236,True,7483,2025-09-09T14:05:51.430715+00:00,256,3,
FrodoKEM-1344-AES,KEM,10.0,10240,2.7843,3.5076,3.5205,21632,32,21600,9.8124,True,7484,2025-09-09T14:05:51.544329+00:00,256,3,
FrodoKEM-1344-AES,KEM,10.0,10240,4.5168,8.6649,8.7012,21632,32,21600,21.8829,True,7485,2025-09-09T14:05:51.670666+00:00,256,3,
FrodoKEM-1344-AES,KEM,10.0,10240,3.1325,4.0327,3.5478,21632,32,21600,10.713,True,7486,2025-09-09T14:05:51.784633+00:00,256,3,
FrodoKEM-1344-AES,KEM,10.0,10240,3.3776,4.0369,4.0561,21632,32,21600,11.4705,True,7487,2025-09-09T14:05:51.900074+00:00,256,3,
FrodoKEM-1344-AES,KEM,10.0,10240,3.0416,7.0844,3.536,21632,32,21600,13.662,True,7488,2025-09-09T14:05:52.020599+00:00,256,3,
FrodoKEM-1344-AES,KEM,10.0,10240,3.0804,3.9248,3.5285,21632,32,21600,10.5337,True,7489,2025-09-09T14:05:52.134183+00:00,256,3,
FrodoKEM-1344-AES,KEM,10.0,10240,6.2705,3.8238,4.0166,21632,32,21600,14.1109,True,7490,2025-09-09T14:05:52.251953+00:00,256,3,
FrodoKEM-1344-AES,KEM,10.0,10240,3.0424,3.8387,3.4544,21632,32,21600,10.3355,True,7491,2025-09-09T14:05:52.371115+00:00,256,3,
FrodoKEM-1344-AES,KEM,10.0,10240,2.4746,4.0634,3.8758,21632,32,21600,10.4138,True,7492,2025-09-09T14:05:52.485997+00:00,256,3,
FrodoKEM-1344-AES,KEM,10.0,10240,4.5209,3.8184,3.621,21632,32,21600,11.9602,True,7493,2025-09-09T14:05:52.600661+00:00,256,3,
FrodoKEM-1344-AES,KEM,10.0,10240,8.1945,17.3828,7.7668,21632,32,21600,33.3441,True,7494,2025-09-09T14:05:52.745573+00:00,256,3,
FrodoKEM-1344-AES,KEM,10.0,10240,3.0318,4.9257,4.1113,21632,32,21600,12.0689,True,7495,2025-09-09T14:05:52.861208+00:00,256,3,
FrodoKEM-1344-AES,KEM,10.0,10240,2.6391,4.7737,3.529,21632,32,21600,10.9419,True,7496,2025-09-09T14:05:52.989286+00:00,256,3,
FrodoKEM-1344-AES,KEM,10.0,10240,2.616,3.7543,2.8037,21632,32,21600,9.174,True,7497,2025-09-09T14:05:53.101913+00:00,256,3,
FrodoKEM-1344-AES,KEM,10.0,10240,4.7838,5.2661,3.7932,21632,32,21600,13.843,True,7498,2025-09-09T14:05:53.218869+00:00,256,3,
FrodoKEM-1344-AES,KEM,10.0,10240,3.4287,6.0714,9.0404,21632,32,21600,18.5405,True,7499,2025-09-09T14:05:53.340185+00:00,256,3,
FrodoKEM-1344-AES,KEM,10.0,10240,3.7355,4.2664,5.165,21632,32,21600,13.1669,True,7500,2025-09-09T14:05:53.459811+00:00,256,3,
FrodoKEM-1344-SHAKE,KEM,0.1,102,10.6549,10.7612,11.1912,21632,32,21600,32.6073,True,7501,2025-09-09T14:05:53.594197+00:00,256,3,
FrodoKEM-1344-SHAKE,KEM,0.1,102,7.1955,15.5761,9.0806,21632,32,21600,31.8521,True,7502,2025-09-09T14:05:53.727315+00:00,256,3,
FrodoKEM-1344-SHAKE,KEM,0.1,102,7.1716,21.7668,16.8572,21632,32,21600,45.7956,True,7503,2025-09-09T14:05:53.874009+00:00,256,3,
FrodoKEM-1344-SHAKE,KEM,0.1,102,6.6983,7.6863,8.101,21632,32,21600,22.4856,True,7504,2025-09-09T14:05:53.997446+00:00,256,3,
FrodoKEM-1344-SHAKE,KEM,0.1,102,8.1312,9.9682,10.0611,21632,32,21600,28.1604,True,7505,2025-09-09T14:05:54.126458+00:00,256,3,
FrodoKEM-1344-SHAKE,KEM,0.1,102,7.9125,7.9734,8.239,21632,32,21600,24.1249,True,7506,2025-09-09T14:05:54.251706+00:00,256,3,
FrodoKEM-1344-SHAKE,KEM,0.1,102,7.507,10.0497,8.0281,21632,32,21600,25.5848,True,7507,2025-09-09T14:05:54.378089+00:00,256,3,
FrodoKEM-1344-SHAKE,KEM,0.1,102,14.1876,20.0785,9.9849,21632,32,21600,44.251,True,7508,2025-09-09T14:05:54.524850+00:00,256,3,
FrodoKEM-1344-SHAKE,KEM,0.1,102,11.4821,8.1121,12.2402,21632,32,21600,31.8344,True,7509,2025-09-09T14:05:54.657469+00:00,256,3,
FrodoKEM-1344-SHAKE,KEM,0.1,102,7.1285,9.6072,12.3004,21632,32,21600,29.036,True,7510,2025-09-09T14:05:54.787358+00:00,256,3,
FrodoKEM-1344-SHAKE,KEM,0.1,102,7.6885,9.3639,8.7265,21632,32,21600,25.779,True,7511,2025-09-09T14:05:54.914909+00:00,256,3,
FrodoKEM-1344-SHAKE,KEM,0.1,102,9.5876,10.5043,10.9885,21632,32,21600,31.0804,True,7512,2025-09-09T14:05:55.050725+00:00,256,3,
FrodoKEM-1344-SHAKE,KEM,0.1,102,9.5839,7.7351,8.6467,21632,32,21600,25.9657,True,7513,2025-09-09T14:05:55.177580+00:00,256,3,
FrodoKEM-1344-SHAKE,KEM,0.1,102,8.0836,11.961,8.0093,21632,32,21600,28.0539,True,7514,2025-09-09T14:05:55.306338+00:00,256,3,
FrodoKEM-1344-SHAKE,KEM,0.1,102,7.0378,9.6434,7.2248,21632,32,21600,23.906,True,7515,2025-09-09T14:05:55.430862+00:00,256,3,
FrodoKEM-1344-SHAKE,KEM,0.1,102,10.1448,13.6758,8.2743,21632,32,21600,32.0949,True,7516,2025-09-09T14:05:55.563650+00:00,256,3,
FrodoKEM-1344-SHAKE,KEM,0.1,102,12.6834,20.4772,22.6146,21632,32,21600,55.7752,True,7517,2025-09-09T14:05:55.720550+00:00,256,3,
FrodoKEM-1344-SHAKE,KEM,0.1,102,7.4387,8.4083,12.6636,21632,32,21600,28.5106,True,7518,2025-09-09T14:05:55.850154+00:00,256,3,
FrodoKEM-1344-SHAKE,KEM,0.1,102,7.6668,8.5454,8.5171,21632,32,21600,24.7293,True,7519,2025-09-09T14:05:55.975911+00:00,256,3,
FrodoKEM-1344-SHAKE,KEM,0.1,102,16.1795,13.0578,27.6215,21632,32,21600,56.8587,True,7520,2025-09-09T14:05:56.134036+00:00,256,3,
FrodoKEM-1344-SHAKE,KEM,0.1,102,7.2154,8.6895,8.6622,21632,32,21600,24.5671,True,7521,2025-09-09T14:05:56.264630+00:00,256,3,
FrodoKEM-1344-SHAKE,KEM,0.1,102,7.3087,8.103,9.1039,21632,32,21600,24.5156,True,7522,2025-09-09T14:05:56.390212+00:00,256,3,
FrodoKEM-1344-SHAKE,KEM,0.1,102,9.5532,7.0289,9.1415,21632,32,21600,25.7236,True,7523,2025-09-09T14:05:56.517057+00:00,256,3,
FrodoKEM-1344-SHAKE,KEM,0.1,102,8.0501,7.7042,7.5686,21632,32,21600,23.3229,True,7524,2025-09-09T14:05:56.641361+00:00,256,3,
FrodoKEM-1344-SHAKE,KEM,0.1,102,11.9753,20.2629,14.6962,21632,32,21600,46.9344,True,7525,2025-09-09T14:05:56.789180+00:00,256,3,
FrodoKEM-1344-SHAKE,KEM,0.1,102,9.4316,8.8862,8.2827,21632,32,21600,26.6004,True,7526,2025-09-09T14:05:56.918732+00:00,256,3,
FrodoKEM-1344-SHAKE,KEM,0.1,102,9.0236,9.7509,10.0094,21632,32,21600,28.7839,True,7527,2025-09-09T14:05:57.048219+00:00,256,3,
FrodoKEM-1344-SHAKE,KEM,0.1,102,8.9731,9.1027,10.3134,21632,32,21600,28.3892,True,7528,2025-09-09T14:05:57.177252+00:00,256,3,
FrodoKEM-1344-SHAKE,KEM,0.1,102,28.0534,14.8042,10.723,21632,32,21600,53.5805,True,7529,2025-09-09T14:05:57.332207+00:00,256,3,
FrodoKEM-1344-SHAKE,KEM,0.1,102,9.4079,9.6537,16.139,21632,32,21600,35.2006,True,7530,2025-09-09T14:05:57.468599+00:00,256,3,
FrodoKEM-1344-SHAKE,KEM,0.1,102,8.7101,10.1762,12.8797,21632,32,21600,31.7659,True,7531,2025-09-09T14:05:57.601097+00:00,256,3,
FrodoKEM-1344-SHAKE,KEM,0.1,102,8.8547,12.1051,10.6081,21632,32,21600,31.5679,True,7532,2025-09-09T14:05:57.733375+00:00,256,3,
FrodoKEM-1344-SHAKE,KEM,0.1,102,8.0461,9.6504,9.6147,21632,32,21600,27.3112,True,7533,2025-09-09T14:05:57.875128+00:00,256,3,
FrodoKEM-1344-SHAKE,KEM,0.1,102,9.3153,10.0545,15.8039,21632,32,21600,35.1737,True,7534,2025-09-09T14:05:58.010973+00:00,256,3,
FrodoKEM-1344-SHAKE,KEM,0.1,102,8.7468,8.1524,8.6979,21632,32,21600,25.597,True,7535,2025-09-09T14:05:58.137220+00:00,256,3,
FrodoKEM-1344-SHAKE,KEM,0.1,102,9.5714,11.4884,26.6762,21632,32,21600,47.736,True,7536,2025-09-09T14:05:58.286809+00:00,256,3,
FrodoKEM-1344-SHAKE,KEM,0.1,102,9.7715,11.2884,9.6742,21632,32,21600,30.7341,True,7537,2025-09-09T14:05:58.428708+00:00,256,3,
FrodoKEM-1344-SHAKE,KEM,0.1,102,21.9574,12.6157,10.193,21632,32,21600,44.7661,True,7538,2025-09-09T14:05:58.585732+00:00,256,3,
FrodoKEM-1344-SHAKE,KEM,0.1,102,15.2365,10.4917,19.037,21632,32,21600,44.7651,True,7539,2025-09-09T14:05:58.731228+00:00,256,3,
FrodoKEM-1344-SHAKE,KEM,0.1,102,7.814,9.6965,12.7882,21632,32,21600,30.2986,True,7540,2025-09-09T14:05:58.862608+00:00,256,3,
FrodoKEM-1344-SHAKE,KEM,0.1,102,10.8337,33.1774,14.8935,21632,32,21600,58.9046,True,7541,2025-09-09T14:05:59.026867+00:00,256,3,
FrodoKEM-1344-SHAKE,KEM,0.1,102,14.2239,37.4984,11.4488,21632,32,21600,63.1711,True,7542,2025-09-09T14:05:59.201146+00:00,256,3,
FrodoKEM-1344-SHAKE,KEM,0.1,102,7.6458,14.2288,8.3258,21632,32,21600,30.2003,True,7543,2025-09-09T14:05:59.332019+00:00,256,3,
FrodoKEM-1344-SHAKE,KEM,0.1,102,7.6814,24.6544,13.1175,21632,32,21600,45.4534,True,7544,2025-09-09T14:05:59.478195+00:00,256,3,
FrodoKEM-1344-SHAKE,KEM,0.1,102,7.9994,37.1424,9.1816,21632,32,21600,54.3234,True,7545,2025-09-09T14:05:59.635303+00:00,256,3,
FrodoKEM-1344-SHAKE,KEM,0.1,102,9.428,9.7158,9.8128,21632,32,21600,28.9566,True,7546,2025-09-09T14:05:59.772192+00:00,256,3,
FrodoKEM-1344-SHAKE,KEM,0.1,102,7.8725,8.8104,24.6171,21632,32,21600,41.3,True,7547,2025-09-09T14:05:59.928324+00:00,256,3,
FrodoKEM-1344-SHAKE,KEM,0.1,102,10.077,9.5506,13.5219,21632,32,21600,33.1495,True,7548,2025-09-09T14:06:00.062171+00:00,256,3,
FrodoKEM-1344-SHAKE,KEM,0.1,102,8.8496,22.0321,8.2918,21632,32,21600,39.1734,True,7549,2025-09-09T14:06:00.202025+00:00,256,3,
FrodoKEM-1344-SHAKE,KEM,0.1,102,14.5936,13.9324,8.9082,21632,32,21600,37.4341,True,7550,2025-09-09T14:06:00.340308+00:00,256,3,
FrodoKEM-1344-SHAKE,KEM,0.5,512,10.5639,9.7244,9.7745,21632,32,21600,30.0628,True,7551,2025-09-09T14:06:00.471174+00:00,256,3,
FrodoKEM-1344-SHAKE,KEM,0.5,512,7.5042,8.2276,7.4167,21632,32,21600,23.1485,True,7552,2025-09-09T14:06:00.595087+00:00,256,3,
FrodoKEM-1344-SHAKE,KEM,0.5,512,10.5546,9.309,8.3761,21632,32,21600,28.2398,True,7553,2025-09-09T14:06:00.728561+00:00,256,3,
FrodoKEM-1344-SHAKE,KEM,0.5,512,9.2964,9.6963,7.9041,21632,32,21600,26.8967,True,7554,2025-09-09T14:06:00.856961+00:00,256,3,
FrodoKEM-1344-SHAKE,KEM,0.5,512,9.2064,10.5382,13.4761,21632,32,21600,33.2207,True,7555,2025-09-09T14:06:00.990948+00:00,256,3,
FrodoKEM-1344-SHAKE,KEM,0.5,512,10.1369,13.689,8.319,21632,32,21600,32.1448,True,7556,2025-09-09T14:06:01.124523+00:00,256,3,
FrodoKEM-1344-SHAKE,KEM,0.5,512,8.3612,9.6045,8.4324,21632,32,21600,26.3981,True,7557,2025-09-09T14:06:01.252358+00:00,256,3,
FrodoKEM-1344-SHAKE,KEM,0.5,512,8.2873,9.3748,9.7653,21632,32,21600,27.4273,True,7558,2025-09-09T14:06:01.380500+00:00,256,3,
FrodoKEM-1344-SHAKE,KEM,0.5,512,9.8956,18.2624,15.5012,21632,32,21600,43.6593,True,7559,2025-09-09T14:06:01.527374+00:00,256,3,
FrodoKEM-1344-SHAKE,KEM,0.5,512,10.4039,15.4598,27.7062,21632,32,21600,53.5698,True,7560,2025-09-09T14:06:01.689900+00:00,256,3,
FrodoKEM-1344-SHAKE,KEM,0.5,512,8.0457,14.8722,10.628,21632,32,21600,33.5459,True,7561,2025-09-09T14:06:01.835836+00:00,256,3,
FrodoKEM-1344-SHAKE,KEM,0.5,512,16.1833,16.9397,11.3802,21632,32,21600,44.5032,True,7562,2025-09-09T14:06:01.981144+00:00,256,3,
FrodoKEM-1344-SHAKE,KEM,0.5,512,8.5788,10.8217,13.8366,21632,32,21600,33.2371,True,7563,2025-09-09T14:06:02.115360+00:00,256,3,
FrodoKEM-1344-SHAKE,KEM,0.5,512,11.1841,12.4867,8.5091,21632,32,21600,32.1799,True,7564,2025-09-09T14:06:02.263189+00:00,256,3,
FrodoKEM-1344-SHAKE,KEM,0.5,512,16.3155,10.2189,10.4648,21632,32,21600,36.9991,True,7565,2025-09-09T14:06:02.400992+00:00,256,3,
FrodoKEM-1344-SHAKE,KEM,0.5,512,8.0146,10.3815,9.5374,21632,32,21600,27.9336,True,7566,2025-09-09T14:06:02.531069+00:00,256,3,
FrodoKEM-1344-SHAKE,KEM,0.5,512,8.0301,9.9046,11.9383,21632,32,21600,29.873,True,7567,2025-09-09T14:06:02.672410+00:00,256,3,
FrodoKEM-1344-SHAKE,KEM,0.5,512,9.0999,11.0078,9.9738,21632,32,21600,30.0815,True,7568,2025-09-09T14:06:02.804159+00:00,256,3,
FrodoKEM-1344-SHAKE,KEM,0.5,512,8.7164,8.7016,8.9691,21632,32,21600,26.3871,True,7569,2025-09-09T14:06:02.937367+00:00,256,3,
FrodoKEM-1344-SHAKE,KEM,0.5,512,24.3401,32.3722,22.1864,21632,32,21600,78.8987,True,7570,2025-09-09T14:06:03.117304+00:00,256,3,
FrodoKEM-1344-SHAKE,KEM,0.5,512,9.0142,10.4586,21.4369,21632,32,21600,40.9097,True,7571,2025-09-09T14:06:03.259795+00:00,256,3,
FrodoKEM-1344-SHAKE,KEM,0.5,512,14.2316,15.2813,16.8719,21632,32,21600,46.3848,True,7572,2025-09-09T14:06:03.413616+00:00,256,3,
FrodoKEM-1344-SHAKE,KEM,0.5,512,10.0155,17.4349,24.176,21632,32,21600,51.6264,True,7573,2025-09-09T14:06:03.566020+00:00,256,3,
FrodoKEM-1344-SHAKE,KEM,0.5,512,8.4712,9.7109,13.1386,21632,32,21600,31.3207,True,7574,2025-09-09T14:06:03.698158+00:00,256,3,
FrodoKEM-1344-SHAKE,KEM,0.5,512,22.4148,29.2863,18.4851,21632,32,21600,70.1862,True,7575,2025-09-09T14:06:03.870129+00:00,256,3,
FrodoKEM-1344-SHAKE,KEM,0.5,512,8.3045,19.3298,24.9792,21632,32,21600,52.6135,True,7576,2025-09-09T14:06:04.025253+00:00,256,3,
FrodoKEM-1344-SHAKE,KEM,0.5,512,12.1666,9.3326,21.0574,21632,32,21600,42.5566,True,7577,2025-09-09T14:06:04.168909+00:00,256,3,
FrodoKEM-1344-SHAKE,KEM,0.5,512,9.5011,12.2838,19.5813,21632,32,21600,41.3662,True,7578,2025-09-09T14:06:04.311037+00:00,256,3,
FrodoKEM-1344-SHAKE,KEM,0.5,512,8.1383,9.8378,8.572,21632,32,21600,26.5481,True,7579,2025-09-09T14:06:04.438540+00:00,256,3,
FrodoKEM-1344-SHAKE,KEM,0.5,512,11.1728,15.2556,26.7299,21632,32,21600,53.1583,True,7580,2025-09-09T14:06:04.592435+00:00,256,3,
FrodoKEM-1344-SHAKE,KEM,0.5,512,25.6561,10.5403,17.8787,21632,32,21600,54.075,True,7581,2025-09-09T14:06:04.764960+00:00,256,3,
FrodoKEM-1344-SHAKE,KEM,0.5,512,21.0442,18.3898,13.0612,21632,32,21600,52.4952,True,7582,2025-09-09T14:06:04.918650+00:00,256,3,
FrodoKEM-1344-SHAKE,KEM,0.5,512,8.2104,14.6682,8.1497,21632,32,21600,31.0282,True,7583,2025-09-09T14:06:05.053327+00:00,256,3,
FrodoKEM-1344-SHAKE,KEM,0.5,512,14.1811,12.4373,21.2502,21632,32,21600,47.8686,True,7584,2025-09-09T14:06:05.202000+00:00,256,3,
FrodoKEM-1344-SHAKE,KEM,0.5,512,8.0426,12.5454,15.8434,21632,32,21600,36.4314,True,7585,2025-09-09T14:06:05.339194+00:00,256,3,
FrodoKEM-1344-SHAKE,KEM,0.5,512,15.6217,20.5827,19.0328,21632,32,21600,55.2372,True,7586,2025-09-09T14:06:05.504604+00:00,256,3,
FrodoKEM-1344-SHAKE,KEM,0.5,512,17.5862,8.0537,29.8334,21632,32,21600,55.4732,True,7587,2025-09-09T14:06:05.660829+00:00,256,3,
FrodoKEM-1344-SHAKE,KEM,0.5,512,15.334,18.5427,20.8139,21632,32,21600,54.6906,True,7588,2025-09-09T14:06:05.816492+00:00,256,3,
FrodoKEM-1344-SHAKE,KEM,0.5,512,9.9518,14.5343,20.8411,21632,32,21600,45.3273,True,7589,2025-09-09T14:06:05.962600+00:00,256,3,
FrodoKEM-1344-SHAKE,KEM,0.5,512,6.9105,27.3527,7.8493,21632,32,21600,42.1125,True,7590,2025-09-09T14:06:06.105441+00:00,256,3,
FrodoKEM-1344-SHAKE,KEM,0.5,512,15.6958,12.3676,10.6927,21632,32,21600,38.7561,True,7591,2025-09-09T14:06:06.244988+00:00,256,3,
FrodoKEM-1344-SHAKE,KEM,0.5,512,9.4924,13.569,8.5021,21632,32,21600,31.5635,True,7592,2025-09-09T14:06:06.378795+00:00,256,3,
FrodoKEM-1344-SHAKE,KEM,0.5,512,14.9357,14.9322,23.2614,21632,32,21600,53.1293,True,7593,2025-09-09T14:06:06.533148+00:00,256,3,
FrodoKEM-1344-SHAKE,KEM,0.5,512,14.4972,24.2408,17.0461,21632,32,21600,55.7841,True,7594,2025-09-09T14:06:06.692055+00:00,256,3,
FrodoKEM-1344-SHAKE,KEM,0.5,512,9.1606,17.8112,13.8659,21632,32,21600,40.8376,True,7595,2025-09-09T14:06:06.833929+00:00,256,3,
FrodoKEM-1344-SHAKE,KEM,0.5,512,19.4565,20.9283,16.8807,21632,32,21600,57.2655,True,7596,2025-09-09T14:06:06.992488+00:00,256,3,
FrodoKEM-1344-SHAKE,KEM,0.5,512,7.5298,19.4036,18.6515,21632,32,21600,45.5848,True,7597,2025-09-09T14:06:07.139006+00:00,256,3,
FrodoKEM-1344-SHAKE,KEM,0.5,512,13.8378,15.7685,8.5536,21632,32,21600,38.1599,True,7598,2025-09-09T14:06:07.279721+00:00,256,3,
FrodoKEM-1344-SHAKE,KEM,0.5,512,30.7284,25.0474,7.7366,21632,32,21600,63.5124,True,7599,2025-09-09T14:06:07.444317+00:00,256,3,
FrodoKEM-1344-SHAKE,KEM,0.5,512,7.5821,8.5749,8.2174,21632,32,21600,24.3745,True,7600,2025-09-09T14:06:07.569923+00:00,256,3,
FrodoKEM-1344-SHAKE,KEM,1.0,1024,23.0565,21.6148,9.9941,21632,32,21600,54.6654,True,7601,2025-09-09T14:06:07.747843+00:00,256,3,
FrodoKEM-1344-SHAKE,KEM,1.0,1024,10.8744,29.4506,9.1179,21632,32,21600,49.4429,True,7602,2025-09-09T14:06:07.901249+00:00,256,3,
FrodoKEM-1344-SHAKE,KEM,1.0,1024,7.5189,23.812,13.0263,21632,32,21600,44.3572,True,7603,2025-09-09T14:06:08.058691+00:00,256,3,
FrodoKEM-1344-SHAKE,KEM,1.0,1024,12.1593,15.1883,16.5125,21632,32,21600,43.8601,True,7604,2025-09-09T14:06:08.203427+00:00,256,3,
FrodoKEM-1344-SHAKE,KEM,1.0,1024,20.3689,18.8736,19.253,21632,32,21600,58.4955,True,7605,2025-09-09T14:06:08.363224+00:00,256,3,
FrodoKEM-1344-SHAKE,KEM,1.0,1024,16.4882,17.2782,24.6203,21632,32,21600,58.3867,True,7606,2025-09-09T14:06:08.522571+00:00,256,3,
FrodoKEM-1344-SHAKE,KEM,1.0,1024,12.8622,12.5006,11.7376,21632,32,21600,37.1003,True,7607,2025-09-09T14:06:08.660713+00:00,256,3,
FrodoKEM-1344-SHAKE,KEM,1.0,1024,21.7056,9.9485,12.442,21632,32,21600,44.0961,True,7608,2025-09-09T14:06:08.805587+00:00,256,3,
FrodoKEM-1344-SHAKE,KEM,1.0,1024,8.5454,11.6986,14.1729,21632,32,21600,34.417,True,7609,2025-09-09T14:06:08.945617+00:00,256,3,
FrodoKEM-1344-SHAKE,KEM,1.0,1024,7.8602,23.4481,35.9883,21632,32,21600,67.2967,True,7610,2025-09-09T14:06:09.113670+00:00,256,3,
FrodoKEM-1344-SHAKE,KEM,1.0,1024,17.2617,8.8517,9.0969,21632,32,21600,35.2103,True,7611,2025-09-09T14:06:09.261521+00:00,256,3,
FrodoKEM-1344-SHAKE,KEM,1.0,1024,8.8938,10.9673,10.9183,21632,32,21600,30.7795,True,7612,2025-09-09T14:06:09.393217+00:00,256,3,
FrodoKEM-1344-SHAKE,KEM,1.0,1024,8.0561,8.5092,7.8258,21632,32,21600,24.391,True,7613,2025-09-09T14:06:09.518685+00:00,256,3,
FrodoKEM-1344-SHAKE,KEM,1.0,1024,9.2874,8.5658,12.7732,21632,32,21600,30.6264,True,7614,2025-09-09T14:06:09.650294+00:00,256,3,
FrodoKEM-1344-SHAKE,KEM,1.0,1024,7.7153,8.8263,8.4617,21632,32,21600,25.0033,True,7615,2025-09-09T14:06:09.776185+00:00,256,3,
FrodoKEM-1344-SHAKE,KEM,1.0,1024,12.4831,9.0357,8.2112,21632,32,21600,29.73,True,7616,2025-09-09T14:06:09.907872+00:00,256,3,
FrodoKEM-1344-SHAKE,KEM,1.0,1024,11.181,9.3152,19.7461,21632,32,21600,40.2422,True,7617,2025-09-09T14:06:10.055317+00:00,256,3,
FrodoKEM-1344-SHAKE,KEM,1.0,1024,14.5318,8.9137,8.1004,21632,32,21600,31.5459,True,7618,2025-09-09T14:06:10.187803+00:00,256,3,
FrodoKEM-1344-SHAKE,KEM,1.0,1024,27.5946,15.7094,16.1266,21632,32,21600,59.4307,True,7619,2025-09-09T14:06:10.348939+00:00,256,3,
FrodoKEM-1344-SHAKE,KEM,1.0,1024,12.1701,10.2651,12.4051,21632,32,21600,34.8402,True,7620,2025-09-09T14:06:10.485482+00:00,256,3,
FrodoKEM-1344-SHAKE,KEM,1.0,1024,8.6356,10.469,9.4498,21632,32,21600,28.5544,True,7621,2025-09-09T14:06:10.614951+00:00,256,3,
FrodoKEM-1344-SHAKE,KEM,1.0,1024,9.2194,13.2996,32.7883,21632,32,21600,55.3072,True,7622,2025-09-09T14:06:10.771210+00:00,256,3,
FrodoKEM-1344-SHAKE,KEM,1.0,1024,10.4619,12.7265,12.7617,21632,32,21600,35.9501,True,7623,2025-09-09T14:06:10.908056+00:00,256,3,
FrodoKEM-1344-SHAKE,KEM,1.0,1024,8.2459,13.6724,10.8057,21632,32,21600,32.724,True,7624,2025-09-09T14:06:11.041650+00:00,256,3,
FrodoKEM-1344-SHAKE,KEM,1.0,1024,8.9704,11.5652,20.9417,21632,32,21600,41.4774,True,7625,2025-09-09T14:06:11.184036+00:00,256,3,
FrodoKEM-1344-SHAKE,KEM,1.0,1024,8.2222,9.1261,9.1924,21632,32,21600,26.5407,True,7626,2025-09-09T14:06:11.311535+00:00,256,3,
FrodoKEM-1344-SHAKE,KEM,1.0,1024,10.2354,9.3278,8.813,21632,32,21600,28.3762,True,7627,2025-09-09T14:06:11.440844+00:00,256,3,
FrodoKEM-1344-SHAKE,KEM,1.0,1024,14.5855,12.6872,16.8753,21632,32,21600,44.1479,True,7628,2025-09-09T14:06:11.586225+00:00,256,3,
FrodoKEM-1344-SHAKE,KEM,1.0,1024,9.5488,12.711,11.3827,21632,32,21600,33.6425,True,7629,2025-09-09T14:06:11.720988+00:00,256,3,
FrodoKEM-1344-SHAKE,KEM,1.0,1024,9.5255,12.083,10.6155,21632,32,21600,32.224,True,7630,2025-09-09T14:06:11.855352+00:00,256,3,
FrodoKEM-1344-SHAKE,KEM,1.0,1024,19.825,16.7275,14.8991,21632,32,21600,51.4516,True,7631,2025-09-09T14:06:12.007731+00:00,256,3,
FrodoKEM-1344-SHAKE,KEM,1.0,1024,19.0183,9.9974,34.8892,21632,32,21600,63.9049,True,7632,2025-09-09T14:06:12.172487+00:00,256,3,
FrodoKEM-1344-SHAKE,KEM,1.0,1024,8.9873,9.2269,8.7632,21632,32,21600,26.9774,True,7633,2025-09-09T14:06:12.301368+00:00,256,3,
FrodoKEM-1344-SHAKE,KEM,1.0,1024,7.8354,12.6315,14.2328,21632,32,21600,34.6997,True,7634,2025-09-09T14:06:12.437614+00:00,256,3,
FrodoKEM-1344-SHAKE,KEM,1.0,1024,11.4913,12.8681,9.8643,21632,32,21600,34.2237,True,7635,2025-09-09T14:06:12.573264+00:00,256,3,
FrodoKEM-1344-SHAKE,KEM,1.0,1024,10.3178,13.3145,8.4265,21632,32,21600,32.0588,True,7636,2025-09-09T14:06:12.706206+00:00,256,3,
FrodoKEM-1344-SHAKE,KEM,1.0,1024,11.632,13.8522,11.385,21632,32,21600,36.8692,True,7637,2025-09-09T14:06:12.844174+00:00,256,3,
FrodoKEM-1344-SHAKE,KEM,1.0,1024,8.7327,11.6447,12.2094,21632,32,21600,32.5867,True,7638,2025-09-09T14:06:12.977670+00:00,256,3,
FrodoKEM-1344-SHAKE,KEM,1.0,1024,8.3365,8.4314,7.8653,21632,32,21600,24.6331,True,7639,2025-09-09T14:06:13.103231+00:00,256,3,
FrodoKEM-1344-SHAKE,KEM,1.0,1024,9.8065,8.0364,12.6983,21632,32,21600,30.5412,True,7640,2025-09-09T14:06:13.234805+00:00,256,3,
FrodoKEM-1344-SHAKE,KEM,1.0,1024,7.0074,17.6673,20.1536,21632,32,21600,44.8283,True,7641,2025-09-09T14:06:13.381527+00:00,256,3,
FrodoKEM-1344-SHAKE,KEM,1.0,1024,8.1513,27.9959,16.1241,21632,32,21600,52.2713,True,7642,2025-09-09T14:06:13.534686+00:00,256,3,
FrodoKEM-1344-SHAKE,KEM,1.0,1024,8.4439,14.4501,15.5965,21632,32,21600,38.4905,True,7643,2025-09-09T14:06:13.674902+00:00,256,3,
FrodoKEM-1344-SHAKE,KEM,1.0,1024,22.6066,14.4852,16.7945,21632,32,21600,53.8864,True,7644,2025-09-09T14:06:13.832708+00:00,256,3,
FrodoKEM-1344-SHAKE,KEM,1.0,1024,8.513,10.0231,19.3088,21632,32,21600,37.8448,True,7645,2025-09-09T14:06:13.972482+00:00,256,3,
FrodoKEM-1344-SHAKE,KEM,1.0,1024,7.9744,8.7587,7.8368,21632,32,21600,24.5699,True,7646,2025-09-09T14:06:14.098015+00:00,256,3,
FrodoKEM-1344-SHAKE,KEM,1.0,1024,7.8416,7.2733,7.2446,21632,32,21600,22.3595,True,7647,2025-09-09T14:06:14.221317+00:00,256,3,
FrodoKEM-1344-SHAKE,KEM,1.0,1024,7.152,6.9946,7.0629,21632,32,21600,21.2095,True,7648,2025-09-09T14:06:14.343349+00:00,256,3,
FrodoKEM-1344-SHAKE,KEM,1.0,1024,7.4939,9.2413,9.2714,21632,32,21600,26.0066,True,7649,2025-09-09T14:06:14.470270+00:00,256,3,
FrodoKEM-1344-SHAKE,KEM,1.0,1024,9.2594,11.3178,10.1828,21632,32,21600,30.7599,True,7650,2025-09-09T14:06:14.602017+00:00,256,3,
FrodoKEM-1344-SHAKE,KEM,2.0,2048,10.0698,11.7131,8.6004,21632,32,21600,30.3833,True,7651,2025-09-09T14:06:14.733727+00:00,256,3,
FrodoKEM-1344-SHAKE,KEM,2.0,2048,9.4108,9.8651,11.1132,21632,32,21600,30.389,True,7652,2025-09-09T14:06:14.865563+00:00,256,3,
FrodoKEM-1344-SHAKE,KEM,2.0,2048,7.6817,23.9724,38.664,21632,32,21600,70.3181,True,7653,2025-09-09T14:06:15.036956+00:00,256,3,
FrodoKEM-1344-SHAKE,KEM,2.0,2048,8.0744,13.025,10.8242,21632,32,21600,31.9235,True,7654,2025-09-09T14:06:15.171151+00:00,256,3,
FrodoKEM-1344-SHAKE,KEM,2.0,2048,17.9674,10.3929,12.8979,21632,32,21600,41.2582,True,7655,2025-09-09T14:06:15.314050+00:00,256,3,
FrodoKEM-1344-SHAKE,KEM,2.0,2048,12.8191,21.9438,15.662,21632,32,21600,50.4248,True,7656,2025-09-09T14:06:15.470423+00:00,256,3,
FrodoKEM-1344-SHAKE,KEM,2.0,2048,17.3447,13.5401,10.439,21632,32,21600,41.3238,True,7657,2025-09-09T14:06:15.612965+00:00,256,3,
FrodoKEM-1344-SHAKE,KEM,2.0,2048,11.1849,9.0738,11.5244,21632,32,21600,31.7831,True,7658,2025-09-09T14:06:15.746877+00:00,256,3,
FrodoKEM-1344-SHAKE,KEM,2.0,2048,15.4282,10.4305,9.6034,21632,32,21600,35.4622,True,7659,2025-09-09T14:06:15.884975+00:00,256,3,
FrodoKEM-1344-SHAKE,KEM,2.0,2048,13.0397,11.0646,17.1742,21632,32,21600,41.2784,True,7660,2025-09-09T14:06:16.029566+00:00,256,3,
FrodoKEM-1344-SHAKE,KEM,2.0,2048,7.4714,9.0584,11.5113,21632,32,21600,28.0411,True,7661,2025-09-09T14:06:16.158756+00:00,256,3,
FrodoKEM-1344-SHAKE,KEM,2.0,2048,14.6731,8.185,20.5644,21632,32,21600,43.4225,True,7662,2025-09-09T14:06:16.303392+00:00,256,3,
FrodoKEM-1344-SHAKE,KEM,2.0,2048,12.2167,15.2448,13.2616,21632,32,21600,40.7231,True,7663,2025-09-09T14:06:16.445996+00:00,256,3,
FrodoKEM-1344-SHAKE,KEM,2.0,2048,8.388,8.6194,7.9909,21632,32,21600,24.9982,True,7664,2025-09-09T14:06:16.572181+00:00,256,3,
FrodoKEM-1344-SHAKE,KEM,2.0,2048,7.347,27.4554,8.0941,21632,32,21600,42.8965,True,7665,2025-09-09T14:06:16.716131+00:00,256,3,
FrodoKEM-1344-SHAKE,KEM,2.0,2048,8.2375,12.3154,13.1056,21632,32,21600,33.6585,True,7666,2025-09-09T14:06:16.850926+00:00,256,3,
FrodoKEM-1344-SHAKE,KEM,2.0,2048,8.8353,8.7864,9.369,21632,32,21600,26.9907,True,7667,2025-09-09T14:06:16.978954+00:00,256,3,
FrodoKEM-1344-SHAKE,KEM,2.0,2048,9.3449,8.7883,8.5304,21632,32,21600,26.6637,True,7668,2025-09-09T14:06:17.106596+00:00,256,3,
FrodoKEM-1344-SHAKE,KEM,2.0,2048,10.371,11.8791,9.7356,21632,32,21600,31.9857,True,7669,2025-09-09T14:06:17.256020+00:00,256,3,
FrodoKEM-1344-SHAKE,KEM,2.0,2048,9.7387,14.0526,12.333,21632,32,21600,36.1243,True,7670,2025-09-09T14:06:17.393708+00:00,256,3,
FrodoKEM-1344-SHAKE,KEM,2.0,2048,16.2628,10.831,10.8607,21632,32,21600,37.9545,True,7671,2025-09-09T14:06:17.533469+00:00,256,3,
FrodoKEM-1344-SHAKE,KEM,2.0,2048,8.0421,9.8875,7.6535,21632,32,21600,25.5831,True,7672,2025-09-09T14:06:17.665982+00:00,256,3,
FrodoKEM-1344-SHAKE,KEM,2.0,2048,11.1512,9.8165,10.4648,21632,32,21600,31.4325,True,7673,2025-09-09T14:06:17.798853+00:00,256,3,
FrodoKEM-1344-SHAKE,KEM,2.0,2048,9.6711,10.9345,10.925,21632,32,21600,31.5306,True,7674,2025-09-09T14:06:17.931796+00:00,256,3,
FrodoKEM-1344-SHAKE,KEM,2.0,2048,8.138,7.3536,8.2113,21632,32,21600,23.703,True,7675,2025-09-09T14:06:18.056786+00:00,256,3,
FrodoKEM-1344-SHAKE,KEM,2.0,2048,14.0199,10.6128,9.9577,21632,32,21600,34.5904,True,7676,2025-09-09T14:06:18.194161+00:00,256,3,
FrodoKEM-1344-SHAKE,KEM,2.0,2048,8.4021,17.3148,21.9223,21632,32,21600,47.6392,True,7677,2025-09-09T14:06:18.346020+00:00,256,3,
FrodoKEM-1344-SHAKE,KEM,2.0,2048,8.4723,31.1741,13.8553,21632,32,21600,53.5017,True,7678,2025-09-09T14:06:18.502764+00:00,256,3,
FrodoKEM-1344-SHAKE,KEM,2.0,2048,12.6593,44.8524,16.6714,21632,32,21600,74.1831,True,7679,2025-09-09T14:06:18.678359+00:00,256,3,
FrodoKEM-1344-SHAKE,KEM,2.0,2048,15.5622,14.8361,9.6669,21632,32,21600,40.0652,True,7680,2025-09-09T14:06:18.819647+00:00,256,3,
FrodoKEM-1344-SHAKE,KEM,2.0,2048,12.593,12.84,12.0849,21632,32,21600,37.5179,True,7681,2025-09-09T14:06:18.958753+00:00,256,3,
FrodoKEM-1344-SHAKE,KEM,2.0,2048,16.8821,9.9281,10.5012,21632,32,21600,37.3114,True,7682,2025-09-09T14:06:19.097214+00:00,256,3,
FrodoKEM-1344-SHAKE,KEM,2.0,2048,8.0882,17.6245,9.0281,21632,32,21600,34.7409,True,7683,2025-09-09T14:06:19.233470+00:00,256,3,
FrodoKEM-1344-SHAKE,KEM,2.0,2048,8.1403,19.7908,10.438,21632,32,21600,38.3691,True,7684,2025-09-09T14:06:19.383335+00:00,256,3,
FrodoKEM-1344-SHAKE,KEM,2.0,2048,16.4986,10.6251,10.5477,21632,32,21600,37.6715,True,7685,2025-09-09T14:06:19.522247+00:00,256,3,
FrodoKEM-1344-SHAKE,KEM,2.0,2048,10.257,10.5757,12.3527,21632,32,21600,33.1854,True,7686,2025-09-09T14:06:19.656728+00:00,256,3,
FrodoKEM-1344-SHAKE,KEM,2.0,2048,16.2608,15.8076,35.9782,21632,32,21600,68.0466,True,7687,2025-09-09T14:06:19.825971+00:00,256,3,
FrodoKEM-1344-SHAKE,KEM,2.0,2048,9.3154,13.4196,18.1378,21632,32,21600,40.8728,True,7688,2025-09-09T14:06:19.967998+00:00,256,3,
FrodoKEM-1344-SHAKE,KEM,2.0,2048,12.9474,15.0348,11.0105,21632,32,21600,38.9927,True,7689,2025-09-09T14:06:20.109525+00:00,256,3,
FrodoKEM-1344-SHAKE,KEM,2.0,2048,10.0029,10.9941,10.003,21632,32,21600,31.0,True,7690,2025-09-09T14:06:20.241777+00:00,256,3,
FrodoKEM-1344-SHAKE,KEM,2.0,2048,10.3593,9.9596,10.4087,21632,32,21600,30.7276,True,7691,2025-09-09T14:06:20.374473+00:00,256,3,
FrodoKEM-1344-SHAKE,KEM,2.0,2048,7.5732,7.7936,7.7384,21632,32,21600,23.1052,True,7692,2025-09-09T14:06:20.506830+00:00,256,3,
FrodoKEM-1344-SHAKE,KEM,2.0,2048,9.3066,10.1361,9.6426,21632,32,21600,29.0853,True,7693,2025-09-09T14:06:20.637127+00:00,256,3,
FrodoKEM-1344-SHAKE,KEM,2.0,2048,7.6969,9.48,10.0329,21632,32,21600,27.2098,True,7694,2025-09-09T14:06:20.765429+00:00,256,3,
FrodoKEM-1344-SHAKE,KEM,2.0,2048,26.6173,10.8913,23.4991,21632,32,21600,61.0077,True,7695,2025-09-09T14:06:20.940806+00:00,256,3,
FrodoKEM-1344-SHAKE,KEM,2.0,2048,8.1457,9.509,8.2599,21632,32,21600,25.9146,True,7696,2025-09-09T14:06:21.067955+00:00,256,3,
FrodoKEM-1344-SHAKE,KEM,2.0,2048,8.9581,10.6103,9.8485,21632,32,21600,29.4168,True,7697,2025-09-09T14:06:21.200604+00:00,256,3,
FrodoKEM-1344-SHAKE,KEM,2.0,2048,9.6836,9.5929,10.109,21632,32,21600,29.3855,True,7698,2025-09-09T14:06:21.331268+00:00,256,3,
FrodoKEM-1344-SHAKE,KEM,2.0,2048,8.4423,8.0696,10.5517,21632,32,21600,27.0636,True,7699,2025-09-09T14:06:21.459383+00:00,256,3,
FrodoKEM-1344-SHAKE,KEM,2.0,2048,8.6231,8.6442,9.1254,21632,32,21600,26.3927,True,7700,2025-09-09T14:06:21.586932+00:00,256,3,
FrodoKEM-1344-SHAKE,KEM,5.0,5120,7.3812,7.6696,8.1187,21632,32,21600,23.1694,True,7701,2025-09-09T14:06:21.712484+00:00,256,3,
FrodoKEM-1344-SHAKE,KEM,5.0,5120,7.4737,8.6361,7.8215,21632,32,21600,23.9313,True,7702,2025-09-09T14:06:21.838470+00:00,256,3,
FrodoKEM-1344-SHAKE,KEM,5.0,5120,7.8297,8.8335,8.4921,21632,32,21600,25.1553,True,7703,2025-09-09T14:06:21.965457+00:00,256,3,
FrodoKEM-1344-SHAKE,KEM,5.0,5120,11.1304,16.0763,6.9421,21632,32,21600,34.1488,True,7704,2025-09-09T14:06:22.101741+00:00,256,3,
FrodoKEM-1344-SHAKE,KEM,5.0,5120,7.8851,7.8403,8.9631,21632,32,21600,24.6886,True,7705,2025-09-09T14:06:22.229105+00:00,256,3,
FrodoKEM-1344-SHAKE,KEM,5.0,5120,6.7138,7.0432,8.2823,21632,32,21600,22.0393,True,7706,2025-09-09T14:06:22.353220+00:00,256,3,
FrodoKEM-1344-SHAKE,KEM,5.0,5120,8.8116,9.2715,8.9794,21632,32,21600,27.0625,True,7707,2025-09-09T14:06:22.482186+00:00,256,3,
FrodoKEM-1344-SHAKE,KEM,5.0,5120,8.7847,9.8076,7.0428,21632,32,21600,25.6351,True,7708,2025-09-09T14:06:22.609949+00:00,256,3,
FrodoKEM-1344-SHAKE,KEM,5.0,5120,7.5214,8.4781,23.93,21632,32,21600,39.9295,True,7709,2025-09-09T14:06:22.752914+00:00,256,3,
FrodoKEM-1344-SHAKE,KEM,5.0,5120,10.1859,10.0698,9.7645,21632,32,21600,30.0203,True,7710,2025-09-09T14:06:22.884841+00:00,256,3,
FrodoKEM-1344-SHAKE,KEM,5.0,5120,11.7449,14.2644,8.7512,21632,32,21600,34.7605,True,7711,2025-09-09T14:06:23.021177+00:00,256,3,
FrodoKEM-1344-SHAKE,KEM,5.0,5120,10.1256,12.3896,10.9647,21632,32,21600,33.4799,True,7712,2025-09-09T14:06:23.156620+00:00,256,3,
FrodoKEM-1344-SHAKE,KEM,5.0,5120,9.7276,9.1357,8.9863,21632,32,21600,27.8496,True,7713,2025-09-09T14:06:23.286577+00:00,256,3,
FrodoKEM-1344-SHAKE,KEM,5.0,5120,8.2513,21.7759,8.6904,21632,32,21600,38.7177,True,7714,2025-09-09T14:06:23.427309+00:00,256,3,
FrodoKEM-1344-SHAKE,KEM,5.0,5120,8.756,9.9682,13.1305,21632,32,21600,31.8547,True,7715,2025-09-09T14:06:23.562189+00:00,256,3,
FrodoKEM-1344-SHAKE,KEM,5.0,5120,8.0689,9.6667,10.277,21632,32,21600,28.0125,True,7716,2025-09-09T14:06:23.692336+00:00,256,3,
FrodoKEM-1344-SHAKE,KEM,5.0,5120,8.6795,11.1191,8.1929,21632,32,21600,27.9915,True,7717,2025-09-09T14:06:23.833270+00:00,256,3,
FrodoKEM-1344-SHAKE,KEM,5.0,5120,12.5,15.9065,11.5685,21632,32,21600,39.9749,True,7718,2025-09-09T14:06:23.975696+00:00,256,3,
FrodoKEM-1344-SHAKE,KEM,5.0,5120,9.2351,7.9527,9.1309,21632,32,21600,26.3187,True,7719,2025-09-09T14:06:24.104725+00:00,256,3,
FrodoKEM-1344-SHAKE,KEM,5.0,5120,11.6019,20.6572,12.0474,21632,32,21600,44.3064,True,7720,2025-09-09T14:06:24.251521+00:00,256,3,
FrodoKEM-1344-SHAKE,KEM,5.0,5120,9.1828,9.7254,9.1644,21632,32,21600,28.0726,True,7721,2025-09-09T14:06:24.381102+00:00,256,3,
FrodoKEM-1344-SHAKE,KEM,5.0,5120,6.9095,16.5896,7.9723,21632,32,21600,31.4714,True,7722,2025-09-09T14:06:24.514893+00:00,256,3,
FrodoKEM-1344-SHAKE,KEM,5.0,5120,7.1138,8.4194,10.0383,21632,32,21600,25.5715,True,7723,2025-09-09T14:06:24.642865+00:00,256,3,
FrodoKEM-1344-SHAKE,KEM,5.0,5120,9.0351,9.3209,9.3782,21632,32,21600,27.7342,True,7724,2025-09-09T14:06:24.772719+00:00,256,3,
FrodoKEM-1344-SHAKE,KEM,5.0,5120,7.9384,10.0946,6.9264,21632,32,21600,24.9594,True,7725,2025-09-09T14:06:24.907327+00:00,256,3,
FrodoKEM-1344-SHAKE,KEM,5.0,5120,10.2009,11.8942,9.1002,21632,32,21600,31.1953,True,7726,2025-09-09T14:06:25.041059+00:00,256,3,
FrodoKEM-1344-SHAKE,KEM,5.0,5120,8.6565,9.1317,8.8658,21632,32,21600,26.654,True,7727,2025-09-09T14:06:25.169802+00:00,256,3,
FrodoKEM-1344-SHAKE,KEM,5.0,5120,8.0796,9.4141,8.5649,21632,32,21600,26.0586,True,7728,2025-09-09T14:06:25.297654+00:00,256,3,
FrodoKEM-1344-SHAKE,KEM,5.0,5120,7.898,8.4561,10.0218,21632,32,21600,26.3759,True,7729,2025-09-09T14:06:25.426713+00:00,256,3,
FrodoKEM-1344-SHAKE,KEM,5.0,5120,12.6151,16.6781,17.7356,21632,32,21600,47.0289,True,7730,2025-09-09T14:06:25.577210+00:00,256,3,
FrodoKEM-1344-SHAKE,KEM,5.0,5120,8.0156,8.2597,15.4273,21632,32,21600,31.7026,True,7731,2025-09-09T14:06:25.710731+00:00,256,3,
FrodoKEM-1344-SHAKE,KEM,5.0,5120,19.9054,10.2414,11.0909,21632,32,21600,41.2377,True,7732,2025-09-09T14:06:25.854349+00:00,256,3,
FrodoKEM-1344-SHAKE,KEM,5.0,5120,11.8428,11.9129,9.546,21632,32,21600,33.3017,True,7733,2025-09-09T14:06:25.992183+00:00,256,3,
FrodoKEM-1344-SHAKE,KEM,5.0,5120,14.7968,9.8815,8.1023,21632,32,21600,32.7806,True,7734,2025-09-09T14:06:26.127516+00:00,256,3,
FrodoKEM-1344-SHAKE,KEM,5.0,5120,8.0507,7.6026,8.178,21632,32,21600,23.8314,True,7735,2025-09-09T14:06:26.253769+00:00,256,3,
FrodoKEM-1344-SHAKE,KEM,5.0,5120,9.0798,8.3188,7.5483,21632,32,21600,24.9468,True,7736,2025-09-09T14:06:26.381619+00:00,256,3,
FrodoKEM-1344-SHAKE,KEM,5.0,5120,7.4992,8.0984,7.5617,21632,32,21600,23.1593,True,7737,2025-09-09T14:06:26.506908+00:00,256,3,
FrodoKEM-1344-SHAKE,KEM,5.0,5120,8.1184,23.38,24.9116,21632,32,21600,56.41,True,7738,2025-09-09T14:06:26.665239+00:00,256,3,
FrodoKEM-1344-SHAKE,KEM,5.0,5120,7.271,8.472,7.6589,21632,32,21600,23.4019,True,7739,2025-09-09T14:06:26.792164+00:00,256,3,
FrodoKEM-1344-SHAKE,KEM,5.0,5120,8.9192,10.1651,10.0688,21632,32,21600,29.1531,True,7740,2025-09-09T14:06:26.924567+00:00,256,3,
FrodoKEM-1344-SHAKE,KEM,5.0,5120,8.5588,10.511,9.286,21632,32,21600,28.3558,True,7741,2025-09-09T14:06:27.055199+00:00,256,3,
FrodoKEM-1344-SHAKE,KEM,5.0,5120,8.4197,8.3695,8.7616,21632,32,21600,25.5508,True,7742,2025-09-09T14:06:27.182764+00:00,256,3,
FrodoKEM-1344-SHAKE,KEM,5.0,5120,7.1419,7.5603,8.0665,21632,32,21600,22.7687,True,7743,2025-09-09T14:06:27.315843+00:00,256,3,
FrodoKEM-1344-SHAKE,KEM,5.0,5120,7.4912,7.1878,8.1143,21632,32,21600,22.7932,True,7744,2025-09-09T14:06:27.441489+00:00,256,3,
FrodoKEM-1344-SHAKE,KEM,5.0,5120,6.9829,9.279,9.4148,21632,32,21600,25.6768,True,7745,2025-09-09T14:06:27.569446+00:00,256,3,
FrodoKEM-1344-SHAKE,KEM,5.0,5120,10.3701,7.6128,8.225,21632,32,21600,26.208,True,7746,2025-09-09T14:06:27.699050+00:00,256,3,
FrodoKEM-1344-SHAKE,KEM,5.0,5120,16.54,7.0859,7.4251,21632,32,21600,31.051,True,7747,2025-09-09T14:06:27.832648+00:00,256,3,
FrodoKEM-1344-SHAKE,KEM,5.0,5120,10.4477,10.2659,10.464,21632,32,21600,31.1776,True,7748,2025-09-09T14:06:27.966417+00:00,256,3,
FrodoKEM-1344-SHAKE,KEM,5.0,5120,9.522,11.005,10.9738,21632,32,21600,31.5008,True,7749,2025-09-09T14:06:28.111640+00:00,256,3,
FrodoKEM-1344-SHAKE,KEM,5.0,5120,11.3164,8.7568,7.3245,21632,32,21600,27.3976,True,7750,2025-09-09T14:06:28.242189+00:00,256,3,
FrodoKEM-1344-SHAKE,KEM,10.0,10240,11.8571,12.3588,7.0787,21632,32,21600,31.2946,True,7751,2025-09-09T14:06:28.379308+00:00,256,3,
FrodoKEM-1344-SHAKE,KEM,10.0,10240,7.5967,9.667,8.0191,21632,32,21600,25.2828,True,7752,2025-09-09T14:06:28.509532+00:00,256,3,
FrodoKEM-1344-SHAKE,KEM,10.0,10240,11.0191,8.3442,11.3508,21632,32,21600,30.7141,True,7753,2025-09-09T14:06:28.644376+00:00,256,3,
FrodoKEM-1344-SHAKE,KEM,10.0,10240,7.3559,7.8616,8.3538,21632,32,21600,23.5713,True,7754,2025-09-09T14:06:28.771670+00:00,256,3,
FrodoKEM-1344-SHAKE,KEM,10.0,10240,8.0385,7.47,7.7013,21632,32,21600,23.2097,True,7755,2025-09-09T14:06:28.897611+00:00,256,3,
FrodoKEM-1344-SHAKE,KEM,10.0,10240,8.6903,12.1523,21.6521,21632,32,21600,42.4947,True,7756,2025-09-09T14:06:29.044355+00:00,256,3,
FrodoKEM-1344-SHAKE,KEM,10.0,10240,12.939,9.6414,8.0545,21632,32,21600,30.635,True,7757,2025-09-09T14:06:29.178013+00:00,256,3,
FrodoKEM-1344-SHAKE,KEM,10.0,10240,9.2159,9.9784,9.8921,21632,32,21600,29.0864,True,7758,2025-09-09T14:06:29.311611+00:00,256,3,
FrodoKEM-1344-SHAKE,KEM,10.0,10240,7.2701,7.8588,8.8018,21632,32,21600,23.9306,True,7759,2025-09-09T14:06:29.438947+00:00,256,3,
FrodoKEM-1344-SHAKE,KEM,10.0,10240,7.2482,7.1411,8.3004,21632,32,21600,22.6897,True,7760,2025-09-09T14:06:29.565502+00:00,256,3,
FrodoKEM-1344-SHAKE,KEM,10.0,10240,11.509,10.377,10.7934,21632,32,21600,32.6794,True,7761,2025-09-09T14:06:29.701739+00:00,256,3,
FrodoKEM-1344-SHAKE,KEM,10.0,10240,8.477,8.4409,7.897,21632,32,21600,24.8149,True,7762,2025-09-09T14:06:29.830519+00:00,256,3,
FrodoKEM-1344-SHAKE,KEM,10.0,10240,7.0894,7.1407,7.3589,21632,32,21600,21.589,True,7763,2025-09-09T14:06:29.955882+00:00,256,3,
FrodoKEM-1344-SHAKE,KEM,10.0,10240,10.0452,13.599,15.5434,21632,32,21600,39.1875,True,7764,2025-09-09T14:06:30.098461+00:00,256,3,
FrodoKEM-1344-SHAKE,KEM,10.0,10240,9.1776,10.3418,10.0519,21632,32,21600,29.5713,True,7765,2025-09-09T14:06:30.231287+00:00,256,3,
FrodoKEM-1344-SHAKE,KEM,10.0,10240,9.5328,10.3591,10.3207,21632,32,21600,30.2126,True,7766,2025-09-09T14:06:30.365412+00:00,256,3,
FrodoKEM-1344-SHAKE,KEM,10.0,10240,7.4786,9.1821,8.2079,21632,32,21600,24.8686,True,7767,2025-09-09T14:06:30.494324+00:00,256,3,
FrodoKEM-1344-SHAKE,KEM,10.0,10240,9.036,8.7904,15.3618,21632,32,21600,33.1881,True,7768,2025-09-09T14:06:30.630786+00:00,256,3,
FrodoKEM-1344-SHAKE,KEM,10.0,10240,7.3091,8.0184,15.8334,21632,32,21600,31.1609,True,7769,2025-09-09T14:06:30.766090+00:00,256,3,
FrodoKEM-1344-SHAKE,KEM,10.0,10240,7.1525,6.9704,7.5759,21632,32,21600,21.6988,True,7770,2025-09-09T14:06:30.892392+00:00,256,3,
FrodoKEM-1344-SHAKE,KEM,10.0,10240,15.968,17.002,7.3872,21632,32,21600,40.3571,True,7771,2025-09-09T14:06:31.036289+00:00,256,3,
FrodoKEM-1344-SHAKE,KEM,10.0,10240,21.9177,16.5944,21.6874,21632,32,21600,60.1995,True,7772,2025-09-09T14:06:31.207080+00:00,256,3,
FrodoKEM-1344-SHAKE,KEM,10.0,10240,8.5198,7.652,7.6011,21632,32,21600,23.7729,True,7773,2025-09-09T14:06:31.334681+00:00,256,3,
FrodoKEM-1344-SHAKE,KEM,10.0,10240,7.3713,6.9411,7.6698,21632,32,21600,21.9821,True,7774,2025-09-09T14:06:31.459517+00:00,256,3,
FrodoKEM-1344-SHAKE,KEM,10.0,10240,12.7864,24.1242,8.1944,21632,32,21600,45.1051,True,7775,2025-09-09T14:06:31.607946+00:00,256,3,
FrodoKEM-1344-SHAKE,KEM,10.0,10240,10.0597,10.6475,8.3115,21632,32,21600,29.0186,True,7776,2025-09-09T14:06:31.739837+00:00,256,3,
FrodoKEM-1344-SHAKE,KEM,10.0,10240,9.2151,10.1693,9.8197,21632,32,21600,29.204,True,7777,2025-09-09T14:06:31.872094+00:00,256,3,
FrodoKEM-1344-SHAKE,KEM,10.0,10240,9.5684,10.5971,10.0622,21632,32,21600,30.2277,True,7778,2025-09-09T14:06:32.005545+00:00,256,3,
FrodoKEM-1344-SHAKE,KEM,10.0,10240,9.3851,10.2815,10.3388,21632,32,21600,30.0054,True,7779,2025-09-09T14:06:32.138848+00:00,256,3,
FrodoKEM-1344-SHAKE,KEM,10.0,10240,8.1589,9.2324,9.9671,21632,32,21600,27.3583,True,7780,2025-09-09T14:06:32.270111+00:00,256,3,
FrodoKEM-1344-SHAKE,KEM,10.0,10240,10.0946,11.2212,10.2089,21632,32,21600,31.5247,True,7781,2025-09-09T14:06:32.404685+00:00,256,3,
FrodoKEM-1344-SHAKE,KEM,10.0,10240,6.8812,6.9068,7.8811,21632,32,21600,21.6691,True,7782,2025-09-09T14:06:32.529711+00:00,256,3,
FrodoKEM-1344-SHAKE,KEM,10.0,10240,6.8804,6.6357,8.1248,21632,32,21600,21.6409,True,7783,2025-09-09T14:06:32.654219+00:00,256,3,
FrodoKEM-1344-SHAKE,KEM,10.0,10240,8.0698,6.9782,7.1293,21632,32,21600,22.1773,True,7784,2025-09-09T14:06:32.779263+00:00,256,3,
FrodoKEM-1344-SHAKE,KEM,10.0,10240,6.7903,7.3349,7.2649,21632,32,21600,21.3902,True,7785,2025-09-09T14:06:32.904250+00:00,256,3,
FrodoKEM-1344-SHAKE,KEM,10.0,10240,8.2497,7.0877,6.661,21632,32,21600,21.9983,True,7786,2025-09-09T14:06:33.028827+00:00,256,3,
FrodoKEM-1344-SHAKE,KEM,10.0,10240,7.2442,6.5685,6.7165,21632,32,21600,20.5292,True,7787,2025-09-09T14:06:33.152354+00:00,256,3,
FrodoKEM-1344-SHAKE,KEM,10.0,10240,6.4701,7.5628,7.8757,21632,32,21600,21.9086,True,7788,2025-09-09T14:06:33.277694+00:00,256,3,
FrodoKEM-1344-SHAKE,KEM,10.0,10240,8.0375,8.8774,11.0846,21632,32,21600,27.9995,True,7789,2025-09-09T14:06:33.409482+00:00,256,3,
FrodoKEM-1344-SHAKE,KEM,10.0,10240,13.3619,10.4522,10.2794,21632,32,21600,34.0935,True,7790,2025-09-09T14:06:33.547029+00:00,256,3,
FrodoKEM-1344-SHAKE,KEM,10.0,10240,7.6567,9.7493,8.3465,21632,32,21600,25.7525,True,7791,2025-09-09T14:06:33.675997+00:00,256,3,
FrodoKEM-1344-SHAKE,KEM,10.0,10240,8.3515,36.2478,16.6973,21632,32,21600,61.2966,True,7792,2025-09-09T14:06:33.840387+00:00,256,3,
FrodoKEM-1344-SHAKE,KEM,10.0,10240,11.1231,7.9701,18.6249,21632,32,21600,37.7181,True,7793,2025-09-09T14:06:33.980876+00:00,256,3,
FrodoKEM-1344-SHAKE,KEM,10.0,10240,6.747,9.9156,9.9604,21632,32,21600,26.623,True,7794,2025-09-09T14:06:34.109938+00:00,256,3,
FrodoKEM-1344-SHAKE,KEM,10.0,10240,7.3325,7.6247,7.4605,21632,32,21600,22.4177,True,7795,2025-09-09T14:06:34.235715+00:00,256,3,
FrodoKEM-1344-SHAKE,KEM,10.0,10240,6.9646,7.241,6.9751,21632,32,21600,21.1807,True,7796,2025-09-09T14:06:34.362286+00:00,256,3,
FrodoKEM-1344-SHAKE,KEM,10.0,10240,9.1943,8.8124,6.526,21632,32,21600,24.5327,True,7797,2025-09-09T14:06:34.490568+00:00,256,3,
FrodoKEM-1344-SHAKE,KEM,10.0,10240,6.9806,15.5808,21.3377,21632,32,21600,43.8991,True,7798,2025-09-09T14:06:34.636272+00:00,256,3,
FrodoKEM-1344-SHAKE,KEM,10.0,10240,8.4163,9.3427,8.9022,21632,32,21600,26.6612,True,7799,2025-09-09T14:06:34.766561+00:00,256,3,
FrodoKEM-1344-SHAKE,KEM,10.0,10240,8.1389,9.6184,9.4248,21632,32,21600,27.1821,True,7800,2025-09-09T14:06:34.897424+00:00,256,3,
